job_id,submit_time,duration_minutes,gpus
venus-585412,2026-08-17 00:03:25,3.08,1
venus-585462,2026-08-17 00:05:30,36.37,1
venus-585497,2026-08-17 00:06:55,3.03,1
venus-585579,2026-08-17 00:10:21,6.47,1
venus-585732,2026-08-17 00:16:50,241.4,1
venus-586008,2026-08-17 00:28:35,95.75,4
venus-586234,2026-08-17 00:38:14,2.07,8
venus-586298,2026-08-17 00:40:55,1.23,8
venus-586355,2026-08-17 00:43:17,106.45,1
venus-586369,2026-08-17 00:43:56,3.8,8
venus-586370,2026-08-17 00:49:14,1.12,8
venus-586371,2026-08-17 00:51:06,6.28,8
venus-586556,2026-08-17 01:18:01,3707.53,8
venus-586557,2026-08-17 01:20:46,0.08,8
venus-586558,2026-08-17 01:21:02,3724.93,8
venus-586559,2026-08-17 01:30:48,9.62,16
venus-586560,2026-08-17 01:40:31,3.28,16
venus-586572,2026-08-17 01:47:34,1.32,16
venus-586575,2026-08-17 01:48:57,18.82,16
venus-586576,2026-08-17 01:49:29,92.88,8
venus-586662,2026-08-17 01:57:14,1.22,1
venus-586663,2026-08-17 02:00:34,1.68,1
venus-586666,2026-08-17 02:07:07,1.95,8
venus-586667,2026-08-17 02:08:17,1.45,16
venus-586668,2026-08-17 02:11:24,2460.28,8
venus-586669,2026-08-17 02:13:25,0.32,16
venus-586670,2026-08-17 02:13:50,0.18,16
venus-586671,2026-08-17 02:14:14,0.13,16
venus-586672,2026-08-17 02:16:51,3556.07,16
venus-586673,2026-08-17 02:18:41,16.75,1
venus-586675,2026-08-17 02:41:15,0.02,8
venus-586677,2026-08-17 02:41:53,0.12,8
venus-586678,2026-08-17 02:42:19,0.95,8
venus-586679,2026-08-17 02:43:41,0.95,8
venus-586680,2026-08-17 02:45:24,0.53,8
venus-586681,2026-08-17 02:46:29,0.97,8
venus-586682,2026-08-17 02:48:40,0.98,8
venus-586683,2026-08-17 02:52:16,0.97,4
venus-586684,2026-08-17 02:53:16,0.98,8
venus-586685,2026-08-17 02:53:19,213.63,8
venus-586686,2026-08-17 02:54:15,0.72,8
venus-586687,2026-08-17 02:54:58,0.98,4
venus-586688,2026-08-17 02:55:59,0.78,8
venus-586689,2026-08-17 02:56:46,0.63,8
venus-586690,2026-08-17 02:57:24,521.48,8
venus-586691,2026-08-17 03:22:24,107.33,8
venus-586692,2026-08-17 03:31:51,3.45,8
venus-586693,2026-08-17 03:39:29,3.45,8
venus-586694,2026-08-17 03:44:31,3.53,8
venus-586695,2026-08-17 03:48:34,3.65,8
venus-586696,2026-08-17 03:52:44,3.68,8
venus-586697,2026-08-17 03:57:45,3.67,8
venus-586698,2026-08-17 04:02:24,3.72,8
venus-586699,2026-08-17 04:07:26,3.48,8
venus-586700,2026-08-17 04:10:04,3.73,8
venus-586701,2026-08-17 04:13:31,3.48,8
venus-586702,2026-08-17 04:13:48,5.05,1
venus-586703,2026-08-17 04:17:26,3.43,8
venus-586704,2026-08-17 04:21:56,2.43,8
venus-586705,2026-08-17 04:24:24,3.37,8
venus-586706,2026-08-17 04:28:34,3.5,8
venus-586707,2026-08-17 04:32:42,3.52,8
venus-586708,2026-08-17 04:38:25,3.52,8
venus-586709,2026-08-17 04:40:29,16.48,1
venus-586710,2026-08-17 04:43:14,3.78,8
venus-586711,2026-08-17 04:48:09,3.73,8
venus-586712,2026-08-17 04:54:03,1.72,8
venus-586713,2026-08-17 04:55:48,3.77,8
venus-586714,2026-08-17 05:01:20,3.75,8
venus-586715,2026-08-17 05:06:06,3.75,8
venus-586716,2026-08-17 05:09:44,0.9,8
venus-586717,2026-08-17 05:10:38,66.18,8
venus-586718,2026-08-17 05:11:08,3.73,8
venus-586719,2026-08-17 05:23:27,0.22,8
venus-586720,2026-08-17 05:23:41,4.0,8
venus-586721,2026-08-17 05:28:10,526.77,8
venus-586722,2026-08-17 06:16:49,10.12,8
venus-586723,2026-08-17 06:27:02,192.57,16
venus-586724,2026-08-17 06:52:11,6.62,1
venus-586725,2026-08-17 07:00:08,0.05,1
venus-586726,2026-08-17 07:00:21,0.12,4
venus-586727,2026-08-17 07:00:59,1.03,4
venus-586728,2026-08-17 07:02:02,19.47,4
venus-586730,2026-08-17 07:03:28,2.35,8
venus-586731,2026-08-17 07:07:00,16.85,1
venus-586732,2026-08-17 07:16:01,5.37,8
venus-586733,2026-08-17 07:22:05,2984.18,8
venus-586734,2026-08-17 07:23:59,2820.17,8
venus-586735,2026-08-17 07:45:40,68.03,1
venus-586736,2026-08-17 07:47:10,114.1,1
venus-586737,2026-08-17 08:53:10,2681.18,8
venus-586738,2026-08-17 09:28:53,16.57,1
venus-586739,2026-08-17 09:32:24,2856.93,2
venus-586740,2026-08-17 09:39:34,0.28,4
venus-586742,2026-08-17 09:39:56,0.25,8
venus-586743,2026-08-17 09:40:16,13.8,16
venus-586745,2026-08-17 09:49:38,15.28,1
venus-586746,2026-08-17 09:54:03,283.73,8
venus-586749,2026-08-17 09:54:55,0.08,8
venus-586750,2026-08-17 09:55:05,283.52,16
venus-586757,2026-08-17 10:01:06,5.53,4
venus-586758,2026-08-17 10:05:11,0.05,1
venus-586759,2026-08-17 10:05:19,233.43,2
venus-586760,2026-08-17 10:07:26,1.47,4
venus-586761,2026-08-17 10:09:56,8.98,4
venus-586762,2026-08-17 10:19:38,0.75,4
venus-586763,2026-08-17 10:20:43,3.6,4
venus-586764,2026-08-17 10:24:20,23.32,4
venus-586766,2026-08-17 10:34:55,0.1,8
venus-586767,2026-08-17 10:37:30,2.42,8
venus-586768,2026-08-17 10:47:55,20.48,4
venus-586769,2026-08-17 10:53:12,17.25,1
venus-586770,2026-08-17 11:05:53,1.55,8
venus-586771,2026-08-17 11:08:25,20.03,4
venus-586772,2026-08-17 11:09:10,176.15,4
venus-586773,2026-08-17 11:10:28,17.17,1
venus-586774,2026-08-17 11:23:50,3.82,1
venus-586775,2026-08-17 11:27:38,17.43,1
venus-586776,2026-08-17 11:28:28,115.33,4
venus-586777,2026-08-17 11:29:28,0.05,4
venus-586778,2026-08-17 11:29:46,1.37,4
venus-586779,2026-08-17 11:29:53,4.38,1
venus-586780,2026-08-17 11:29:57,4.25,1
venus-586781,2026-08-17 11:30:01,4.17,1
venus-586782,2026-08-17 11:30:04,4.08,1
venus-586783,2026-08-17 11:31:22,2.7,1
venus-586784,2026-08-17 11:31:26,2.65,1
venus-586785,2026-08-17 11:31:29,0.02,1
venus-586786,2026-08-17 11:31:33,0.02,1
venus-586787,2026-08-17 11:33:03,86.13,1
venus-586788,2026-08-17 11:34:24,2.55,2
venus-586789,2026-08-17 11:35:15,115.68,4
venus-586790,2026-08-17 11:35:28,37.63,1
venus-586791,2026-08-17 11:35:36,37.45,1
venus-586792,2026-08-17 11:35:39,37.38,1
venus-586793,2026-08-17 11:35:44,37.35,1
venus-586794,2026-08-17 11:35:51,3.4,1
venus-586795,2026-08-17 11:35:54,3.37,1
venus-586798,2026-08-17 11:36:35,3.17,1
venus-586799,2026-08-17 11:37:14,1.05,1
venus-586800,2026-08-17 11:37:17,1.07,1
venus-586802,2026-08-17 11:37:26,0.02,1
venus-586804,2026-08-17 11:38:00,825.77,1
venus-586805,2026-08-17 11:38:53,92.63,8
venus-586806,2026-08-17 11:38:56,129.42,1
venus-586807,2026-08-17 11:40:23,36.73,1
venus-586808,2026-08-17 11:40:25,36.65,1
venus-586809,2026-08-17 11:40:27,36.98,1
venus-586810,2026-08-17 11:40:29,36.97,1
venus-586811,2026-08-17 11:40:48,38.15,1
venus-586812,2026-08-17 11:40:50,38.28,1
venus-586813,2026-08-17 11:40:52,37.83,1
venus-586814,2026-08-17 11:40:53,37.83,1
venus-586815,2026-08-17 11:41:34,3.28,2
venus-586816,2026-08-17 11:45:04,16.75,1
venus-586817,2026-08-17 11:48:01,37.15,1
venus-586818,2026-08-17 11:48:04,37.15,1
venus-586819,2026-08-17 11:48:07,35.95,1
venus-586820,2026-08-17 11:48:09,36.45,1
venus-586821,2026-08-17 11:48:46,4312.55,2
venus-586823,2026-08-17 11:50:29,16.5,1
venus-586824,2026-08-17 11:58:19,6.82,1
venus-586825,2026-08-17 11:58:39,3.67,1
venus-586826,2026-08-17 12:01:49,16.98,1
venus-586827,2026-08-17 12:04:01,50.77,2
venus-586828,2026-08-17 12:18:48,16.73,1
venus-586829,2026-08-17 12:19:43,119.15,1
venus-586830,2026-08-17 12:24:05,0.02,8
venus-586831,2026-08-17 12:24:22,2.48,8
venus-586832,2026-08-17 12:30:55,123.7,1
venus-586833,2026-08-17 12:50:40,6367.92,8
venus-586834,2026-08-17 12:55:03,3.37,2
venus-586835,2026-08-17 13:01:55,3.22,2
venus-586836,2026-08-17 13:03:12,0.15,8
venus-586837,2026-08-17 13:04:21,0.17,8
venus-586838,2026-08-17 13:07:10,107.2,2
venus-586839,2026-08-17 13:07:58,0.18,8
venus-586840,2026-08-17 13:11:32,105.92,8
venus-586841,2026-08-17 13:29:25,114.72,4
venus-586842,2026-08-17 13:29:52,0.02,8
venus-586843,2026-08-17 13:30:35,0.23,8
venus-586844,2026-08-17 13:39:52,4.72,1
venus-586845,2026-08-17 14:02:58,89.18,48
venus-586846,2026-08-17 14:06:43,2.55,1
venus-586847,2026-08-17 14:07:24,1.88,1
venus-586848,2026-08-17 14:07:26,1.82,1
venus-586849,2026-08-17 14:07:27,1.77,1
venus-586850,2026-08-17 14:09:10,0.42,1
venus-586851,2026-08-17 14:09:21,0.18,1
venus-586852,2026-08-17 14:09:24,0.68,1
venus-586853,2026-08-17 14:09:49,0.98,1
venus-586854,2026-08-17 14:09:53,0.87,1
venus-586856,2026-08-17 14:10:18,0.65,1
venus-586857,2026-08-17 14:10:34,16.77,1
venus-586858,2026-08-17 14:10:50,36.73,1
venus-586859,2026-08-17 14:10:52,6.62,1
venus-586860,2026-08-17 14:10:58,6.57,1
venus-586861,2026-08-17 14:11:06,36.17,1
venus-586862,2026-08-17 14:11:24,6.1,1
venus-586863,2026-08-17 14:11:28,6.07,1
venus-586864,2026-08-17 14:12:01,16.85,1
venus-586865,2026-08-17 14:17:34,184.78,4
venus-586866,2026-08-17 14:17:36,36.58,1
venus-586867,2026-08-17 14:17:40,36.68,1
venus-586868,2026-08-17 14:17:41,19.13,8
venus-586869,2026-08-17 14:18:13,35.97,1
venus-586870,2026-08-17 14:18:18,35.92,1
venus-586871,2026-08-17 14:20:21,159.4,4
venus-586872,2026-08-17 14:25:05,6.5,8
venus-586873,2026-08-17 14:38:41,0.17,24
venus-586874,2026-08-17 14:38:50,258.05,24
venus-586875,2026-08-17 14:39:37,27.8,8
venus-586876,2026-08-17 14:42:49,5.68,8
venus-586877,2026-08-17 14:43:22,1.9,8
venus-586879,2026-08-17 14:46:20,2873.13,8
venus-586880,2026-08-17 14:48:36,125.45,1
venus-586881,2026-08-17 14:54:28,61.03,1
venus-586882,2026-08-17 14:54:32,3.62,2
venus-586883,2026-08-17 14:55:00,198.68,1
venus-586884,2026-08-17 14:57:27,1.13,8
venus-586885,2026-08-17 14:58:35,42.72,8
venus-586886,2026-08-17 15:00:35,46.02,1
venus-586888,2026-08-17 15:13:52,0.22,8
venus-586890,2026-08-17 15:26:10,4.2,2
venus-586891,2026-08-17 15:27:27,0.15,8
venus-586892,2026-08-17 15:31:43,5.77,2
venus-586893,2026-08-17 15:32:11,3400.47,32
venus-586894,2026-08-17 15:33:12,38.62,8
venus-586895,2026-08-17 15:33:16,0.07,32
venus-586896,2026-08-17 15:33:22,0.33,32
venus-586897,2026-08-17 15:33:28,1.65,8
venus-586898,2026-08-17 15:33:56,118.48,32
venus-586899,2026-08-17 15:39:56,3.9,2
venus-586900,2026-08-17 15:41:18,10.07,8
venus-586901,2026-08-17 15:42:07,4.15,8
venus-586902,2026-08-17 15:44:51,104.53,4
venus-586903,2026-08-17 15:45:11,15.0,1
venus-586904,2026-08-17 15:46:39,2591.6,1
venus-586905,2026-08-17 15:47:50,0.53,2
venus-586906,2026-08-17 15:51:31,73.8,8
venus-586907,2026-08-17 15:58:07,1374.93,8
venus-586908,2026-08-17 16:10:12,0.27,4
venus-586910,2026-08-17 16:12:32,62.37,8
venus-586911,2026-08-17 16:13:15,48.03,1
venus-586912,2026-08-17 16:13:39,0.37,4
venus-586913,2026-08-17 16:14:41,0.37,4
venus-586915,2026-08-17 16:16:42,3.52,2
venus-586916,2026-08-17 16:17:54,171.22,4
venus-586917,2026-08-17 16:19:47,5.67,8
venus-586918,2026-08-17 16:21:16,703.93,16
venus-586919,2026-08-17 16:22:36,3.28,2
venus-586920,2026-08-17 16:32:22,16.97,1
venus-586921,2026-08-17 16:33:17,2.83,2
venus-586922,2026-08-17 16:33:54,16.97,1
venus-586926,2026-08-17 16:53:25,1.87,8
venus-586927,2026-08-17 16:53:27,0.05,8
venus-586928,2026-08-17 16:54:14,0.2,8
venus-586931,2026-08-17 16:56:47,0.08,8
venus-586932,2026-08-17 17:01:47,283.23,4
venus-586933,2026-08-17 17:04:51,0.02,1
venus-586934,2026-08-17 17:05:05,1304.33,2
venus-586936,2026-08-17 17:05:14,0.03,8
venus-586937,2026-08-17 17:05:24,3299.65,32
venus-586938,2026-08-17 17:05:24,2921.15,32
venus-586939,2026-08-17 17:05:28,18.13,8
venus-586940,2026-08-17 17:05:30,1304.38,2
venus-586941,2026-08-17 17:09:27,39.47,16
venus-586942,2026-08-17 17:10:38,0.23,1
venus-586943,2026-08-17 17:11:21,15.27,1
venus-586944,2026-08-17 17:11:40,178.07,2
venus-586945,2026-08-17 17:16:06,20.08,8
venus-586946,2026-08-17 17:19:16,239.35,1
venus-586947,2026-08-17 17:19:58,93.15,2
venus-586949,2026-08-17 17:23:45,985.95,8
venus-586952,2026-08-17 17:27:33,44.83,1
venus-586954,2026-08-17 17:28:42,3.48,16
venus-586956,2026-08-17 17:34:15,3.53,16
venus-586957,2026-08-17 17:34:22,0.07,8
venus-586958,2026-08-17 17:36:11,0.05,8
venus-586960,2026-08-17 17:37:28,0.05,8
venus-586961,2026-08-17 17:38:47,0.83,16
venus-586962,2026-08-17 17:39:35,7.53,16
venus-586963,2026-08-17 17:39:42,0.2,4
venus-586964,2026-08-17 17:39:42,2.47,16
venus-586965,2026-08-17 17:40:09,253.38,4
venus-586966,2026-08-17 17:42:26,32.9,8
venus-586969,2026-08-17 17:45:37,2.42,16
venus-586970,2026-08-17 17:47:26,1997.67,16
venus-586972,2026-08-17 17:48:41,0.12,4
venus-586973,2026-08-17 17:48:46,2053.58,8
venus-586974,2026-08-17 17:49:33,2.42,16
venus-586977,2026-08-17 17:52:13,0.02,8
venus-586978,2026-08-17 17:52:39,18.12,16
venus-586979,2026-08-17 17:57:47,0.28,8
venus-586980,2026-08-17 17:58:30,7394.95,8
venus-586981,2026-08-17 18:01:14,0.07,1
venus-586982,2026-08-17 18:01:34,0.05,1
venus-586983,2026-08-17 18:04:42,0.05,1
venus-586985,2026-08-17 18:11:24,13.77,16
venus-586986,2026-08-17 18:12:24,923.3,16
venus-586987,2026-08-17 18:12:44,1001.95,2
venus-586988,2026-08-17 18:12:48,89.78,4
venus-586989,2026-08-17 18:12:55,1074.9,16
venus-586990,2026-08-17 18:17:56,4.53,8
venus-586991,2026-08-17 18:20:31,0.18,1
venus-586992,2026-08-17 18:21:45,206.22,1
venus-586993,2026-08-17 18:22:28,6.85,8
venus-586994,2026-08-17 18:23:24,4.4,8
venus-586995,2026-08-17 18:25:18,0.35,8
venus-586996,2026-08-17 18:25:43,0.28,16
venus-586997,2026-08-17 18:26:27,2.13,16
venus-586998,2026-08-17 18:27:09,1.6,8
venus-586999,2026-08-17 18:28:39,1.58,8
venus-587000,2026-08-17 18:30:41,2.2,16
venus-587001,2026-08-17 18:30:59,523.52,8
venus-587002,2026-08-17 18:31:29,522.18,8
venus-587003,2026-08-17 18:31:59,105.3,2
venus-587004,2026-08-17 18:35:35,8.18,8
venus-587005,2026-08-17 18:36:14,2.58,8
venus-587006,2026-08-17 18:38:31,525.4,8
venus-587007,2026-08-17 18:39:45,529.05,8
venus-587008,2026-08-17 18:40:11,2.12,8
venus-587009,2026-08-17 18:43:24,4.77,8
venus-587010,2026-08-17 18:45:16,4526.3,8
venus-587011,2026-08-17 18:56:41,1.05,8
venus-587012,2026-08-17 18:56:58,1.1,4
venus-587013,2026-08-17 18:57:04,1.02,16
venus-587014,2026-08-17 18:58:06,0.87,24
venus-587015,2026-08-17 18:58:58,0.77,24
venus-587016,2026-08-17 18:59:29,1.25,8
venus-587017,2026-08-17 18:59:44,1.05,4
venus-587018,2026-08-17 18:59:50,1.02,16
venus-587019,2026-08-17 19:00:48,0.82,24
venus-587022,2026-08-17 19:00:57,2.55,8
venus-587023,2026-08-17 19:01:05,103.67,8
venus-587024,2026-08-17 19:01:45,216.17,4
venus-587025,2026-08-17 19:01:46,0.7,24
venus-587026,2026-08-17 19:02:28,43.72,24
venus-587027,2026-08-17 19:04:16,2.65,8
venus-587028,2026-08-17 19:06:31,5.05,8
venus-587029,2026-08-17 19:09:24,243.97,4
venus-587030,2026-08-17 19:11:59,13.93,8
venus-587031,2026-08-17 19:12:19,2.53,8
venus-587032,2026-08-17 19:15:07,94.52,2
venus-587033,2026-08-17 19:18:04,272.4,4
venus-587034,2026-08-17 19:18:13,43.72,8
venus-587035,2026-08-17 19:26:41,1267.3,8
venus-587036,2026-08-17 19:39:15,5.72,8
venus-587037,2026-08-17 19:46:00,8.17,24
venus-587038,2026-08-17 19:46:21,1.1,8
venus-587039,2026-08-17 19:47:32,5.88,16
venus-587040,2026-08-17 20:01:25,4.82,24
venus-587041,2026-08-17 20:01:43,0.75,8
venus-587044,2026-08-17 20:02:53,0.43,16
venus-587046,2026-08-17 20:03:34,0.42,16
venus-587048,2026-08-17 20:04:14,0.42,16
venus-587050,2026-08-17 20:04:54,0.43,16
venus-587052,2026-08-17 20:05:35,0.42,16
venus-587054,2026-08-17 20:06:15,0.42,16
venus-587055,2026-08-17 20:06:45,0.02,24
venus-587056,2026-08-17 20:06:46,1.17,8
venus-587057,2026-08-17 20:06:56,0.42,16
venus-587059,2026-08-17 20:07:36,0.42,16
venus-587061,2026-08-17 20:08:16,0.43,16
venus-587062,2026-08-17 20:08:16,1658.2,8
venus-587064,2026-08-17 20:08:57,0.42,16
venus-587066,2026-08-17 20:09:54,1086.53,2
venus-587070,2026-08-17 20:14:14,385.02,16
venus-587071,2026-08-17 20:14:24,0.92,8
venus-587073,2026-08-17 20:47:06,1186.37,8
venus-587074,2026-08-17 21:21:53,11.72,8
venus-587075,2026-08-17 21:28:36,0.02,1
venus-587076,2026-08-17 21:33:42,0.03,1
venus-587077,2026-08-17 21:33:49,13.42,8
venus-587078,2026-08-17 21:34:56,0.02,1
venus-587079,2026-08-17 21:36:40,0.02,1
venus-587081,2026-08-17 21:48:20,0.1,1
venus-587082,2026-08-17 21:50:03,0.2,1
venus-587083,2026-08-17 21:50:08,13.33,8
venus-587084,2026-08-17 21:50:55,0.2,1
venus-587085,2026-08-17 21:52:20,0.2,1
venus-587086,2026-08-17 21:53:23,0.2,1
venus-587087,2026-08-17 21:55:21,0.22,1
venus-587088,2026-08-17 21:55:41,0.98,8
venus-587089,2026-08-17 22:01:32,0.22,1
venus-587090,2026-08-17 22:02:26,1.92,1
venus-587091,2026-08-17 22:03:49,92.25,8
venus-587092,2026-08-17 22:04:52,0.83,1
venus-587094,2026-08-17 22:05:32,1.58,1
venus-587095,2026-08-17 22:06:43,0.02,1
venus-587097,2026-08-17 22:07:30,1.65,1
venus-587098,2026-08-17 22:08:38,0.2,1
venus-587099,2026-08-17 22:09:35,4.43,1
venus-587100,2026-08-17 22:12:22,0.2,1
venus-587101,2026-08-17 22:13:28,0.2,1
venus-587102,2026-08-17 22:14:21,3.68,1
venus-587103,2026-08-17 22:14:58,0.2,1
venus-587104,2026-08-17 22:16:10,0.2,1
venus-587107,2026-08-17 22:19:23,9.85,1
venus-587108,2026-08-17 22:19:48,0.22,1
venus-587109,2026-08-17 22:26:47,0.22,1
venus-587110,2026-08-17 22:28:12,0.25,1
venus-587111,2026-08-17 22:29:15,17.48,1
venus-587113,2026-08-17 22:42:46,705.18,8
venus-587114,2026-08-17 22:46:59,6.75,1
venus-587115,2026-08-17 22:48:18,4.05,1
venus-587116,2026-08-17 22:56:35,5.68,1
venus-587117,2026-08-17 23:02:17,7.18,1
venus-587118,2026-08-17 23:05:55,0.33,1
venus-587119,2026-08-17 23:06:31,2.63,1
venus-587120,2026-08-17 23:10:17,5.28,1
venus-587122,2026-08-17 23:11:44,2.73,1
venus-587123,2026-08-17 23:12:00,101.9,2
venus-587124,2026-08-17 23:12:59,0.53,1
venus-587125,2026-08-17 23:15:35,1.98,1
venus-587126,2026-08-17 23:17:56,4.3,1
venus-587127,2026-08-17 23:22:26,6.0,1
venus-587128,2026-08-17 23:28:37,7.42,1
venus-587129,2026-08-17 23:36:03,2.78,1
venus-587130,2026-08-17 23:36:14,174.23,8
venus-587131,2026-08-18 00:30:55,25.63,16
venus-587132,2026-08-18 00:56:13,18650.43,1
venus-587135,2026-08-18 01:23:00,0.08,4
venus-587137,2026-08-18 02:17:17,292.03,4
venus-587138,2026-08-18 02:24:38,0.02,4
venus-587139,2026-08-18 02:33:32,0.13,8
venus-587140,2026-08-18 02:40:28,94.2,8
venus-587142,2026-08-18 02:40:45,0.02,8
venus-587143,2026-08-18 02:42:16,0.53,8
venus-587144,2026-08-18 02:42:49,715.73,8
venus-587145,2026-08-18 02:44:34,0.1,8
venus-587146,2026-08-18 02:45:42,3.28,8
venus-587147,2026-08-18 02:49:04,1.98,8
venus-587148,2026-08-18 02:51:40,1.45,8
venus-587149,2026-08-18 02:56:48,1.55,8
venus-587150,2026-08-18 02:59:43,1.67,8
venus-587151,2026-08-18 03:02:04,2.15,8
venus-587152,2026-08-18 03:08:28,2.15,8
venus-587153,2026-08-18 03:11:30,2.9,8
venus-587154,2026-08-18 03:14:50,6.3,8
venus-587155,2026-08-18 03:21:21,57.65,8
venus-587157,2026-08-18 04:14:48,112.42,8
venus-587158,2026-08-18 04:19:07,0.15,8
venus-587159,2026-08-18 04:19:24,2.53,8
venus-587160,2026-08-18 04:23:16,10.97,8
venus-587161,2026-08-18 04:34:35,3.95,8
venus-587162,2026-08-18 04:38:56,3.98,8
venus-587163,2026-08-18 04:42:57,2.53,8
venus-587164,2026-08-18 04:52:01,2.98,8
venus-587165,2026-08-18 04:55:09,2.68,8
venus-587166,2026-08-18 04:58:11,0.05,8
venus-587167,2026-08-18 04:58:16,0.05,8
venus-587168,2026-08-18 04:58:20,2.08,8
venus-587169,2026-08-18 05:01:26,17.23,1
venus-587170,2026-08-18 05:01:26,17.23,1
venus-587171,2026-08-18 05:01:37,2.38,8
venus-587172,2026-08-18 05:06:37,0.02,8
venus-587173,2026-08-18 05:06:53,2.58,8
venus-587174,2026-08-18 05:09:49,2.4,8
venus-587176,2026-08-18 05:12:32,20.8,8
venus-587177,2026-08-18 05:14:06,2.32,8
venus-587178,2026-08-18 05:16:19,2.08,8
venus-587179,2026-08-18 05:18:33,0.55,2
venus-587180,2026-08-18 05:18:36,0.05,2
venus-587181,2026-08-18 05:18:40,16.65,1
venus-587182,2026-08-18 05:18:40,16.65,1
venus-587183,2026-08-18 05:19:19,2.08,2
venus-587184,2026-08-18 05:26:44,0.53,16
venus-587185,2026-08-18 05:26:47,1170.63,16
venus-587186,2026-08-18 05:27:43,3979.05,16
venus-587187,2026-08-18 05:35:19,16.8,1
venus-587188,2026-08-18 05:35:19,16.8,1
venus-587189,2026-08-18 05:52:07,17.1,1
venus-587190,2026-08-18 05:52:07,17.1,1
venus-587191,2026-08-18 06:07:10,1.03,8
venus-587193,2026-08-18 06:08:29,0.55,8
venus-587194,2026-08-18 06:09:02,477.62,8
venus-587195,2026-08-18 06:09:13,16.97,1
venus-587196,2026-08-18 06:09:13,16.97,1
venus-587197,2026-08-18 06:41:11,16.25,1
venus-587198,2026-08-18 06:51:11,15.97,1
venus-587199,2026-08-18 08:55:14,9.77,4
venus-587200,2026-08-18 09:05:52,9.62,4
venus-587201,2026-08-18 09:07:28,16.28,1
venus-587202,2026-08-18 09:12:11,16.3,1
venus-587203,2026-08-18 09:16:38,8.52,4
venus-587206,2026-08-18 09:26:12,2.25,2
venus-587207,2026-08-18 09:27:32,6.82,4
venus-587208,2026-08-18 09:28:14,525.92,8
venus-587209,2026-08-18 09:35:16,2.97,4
venus-587211,2026-08-18 09:38:34,11.83,4
venus-587212,2026-08-18 09:42:01,2.77,2
venus-587213,2026-08-18 09:46:44,1301.0,8
venus-587219,2026-08-18 09:49:49,0.25,8
venus-587221,2026-08-18 09:50:03,100.52,8
venus-587222,2026-08-18 09:51:24,15.67,4
venus-587223,2026-08-18 10:01:51,2.52,2
venus-587224,2026-08-18 10:07:20,2.35,4
venus-587225,2026-08-18 10:08:52,3.12,2
venus-587226,2026-08-18 10:09:58,2.47,16
venus-587228,2026-08-18 10:10:52,0.07,8
venus-587229,2026-08-18 10:11:32,8.88,4
venus-587230,2026-08-18 10:12:57,6.53,16
venus-587231,2026-08-18 10:15:54,7.37,16
venus-587232,2026-08-18 10:17:40,3.52,2
venus-587233,2026-08-18 10:21:13,245.18,4
venus-587234,2026-08-18 10:21:50,241.07,4
venus-587235,2026-08-18 10:25:04,3.63,2
venus-587236,2026-08-18 10:28:28,0.1,8
venus-587237,2026-08-18 10:29:23,6.42,4
venus-587238,2026-08-18 10:31:20,8.62,16
venus-587240,2026-08-18 10:31:55,217.78,8
venus-587241,2026-08-18 10:32:25,3.52,2
venus-587242,2026-08-18 10:37:16,3.25,2
venus-587243,2026-08-18 10:43:18,65.33,4
venus-587244,2026-08-18 10:44:14,3.85,2
venus-587245,2026-08-18 10:45:19,15.22,2
venus-587246,2026-08-18 10:46:31,1.58,1
venus-587247,2026-08-18 10:47:08,290.2,4
venus-587248,2026-08-18 10:48:25,1.72,2
venus-587249,2026-08-18 10:49:51,19.17,1
venus-587250,2026-08-18 10:52:53,4.65,4
venus-587251,2026-08-18 10:55:02,4.87,3
venus-587252,2026-08-18 10:58:12,288.97,4
venus-587253,2026-08-18 10:58:59,50.37,1
venus-587254,2026-08-18 11:02:22,158.9,3
venus-587255,2026-08-18 11:04:45,3.43,4
venus-587256,2026-08-18 11:08:57,8.63,16
venus-587257,2026-08-18 11:10:42,1162.78,16
venus-587258,2026-08-18 11:12:01,2.53,4
venus-587259,2026-08-18 11:12:11,2845.68,4
venus-587260,2026-08-18 11:17:04,2.47,4
venus-587261,2026-08-18 11:17:38,213.12,4
venus-587264,2026-08-18 11:20:41,2.33,1
venus-587265,2026-08-18 11:21:15,1278.3,16
venus-587266,2026-08-18 11:23:06,218.0,2
venus-587267,2026-08-18 11:24:01,2.17,1
venus-587268,2026-08-18 11:27:13,5.08,1
venus-587269,2026-08-18 11:28:47,17.6,1
venus-587270,2026-08-18 11:30:16,0.15,8
venus-587271,2026-08-18 11:30:19,1.55,16
venus-587272,2026-08-18 11:30:44,1.17,8
venus-587273,2026-08-18 11:31:23,40.8,8
venus-587274,2026-08-18 11:31:54,57.03,8
venus-587275,2026-08-18 11:32:57,2.32,1
venus-587276,2026-08-18 11:33:31,17.4,1
venus-587277,2026-08-18 11:35:17,0.03,1
venus-587278,2026-08-18 11:37:58,0.02,1
venus-587279,2026-08-18 11:38:24,0.05,1
venus-587280,2026-08-18 11:38:40,2.53,1
venus-587281,2026-08-18 11:39:16,0.02,1
venus-587282,2026-08-18 11:39:31,0.02,1
venus-587283,2026-08-18 11:40:30,0.08,1
venus-587284,2026-08-18 11:41:37,23.12,1
venus-587285,2026-08-18 11:42:32,1.7,1
venus-587286,2026-08-18 11:45:27,1.73,1
venus-587292,2026-08-18 11:47:48,1.68,1
venus-587293,2026-08-18 11:47:53,0.02,1
venus-587295,2026-08-18 11:48:50,0.02,1
venus-587296,2026-08-18 11:49:00,211.85,4
venus-587297,2026-08-18 11:49:41,2.38,1
venus-587298,2026-08-18 11:50:36,0.02,1
venus-587299,2026-08-18 11:52:25,0.02,1
venus-587301,2026-08-18 11:53:37,0.02,1
venus-587302,2026-08-18 11:54:20,0.02,1
venus-587303,2026-08-18 11:54:32,3.15,16
venus-587304,2026-08-18 11:55:29,0.02,1
venus-587305,2026-08-18 11:55:45,1.93,16
venus-587307,2026-08-18 11:57:05,0.03,1
venus-587308,2026-08-18 11:58:25,0.13,16
venus-587311,2026-08-18 11:59:25,2.9,1
venus-587313,2026-08-18 12:01:54,753.25,16
venus-587314,2026-08-18 12:02:03,1515.13,16
venus-587315,2026-08-18 12:02:10,0.27,16
venus-587316,2026-08-18 12:03:32,5.75,1
venus-587321,2026-08-18 12:06:03,0.05,8
venus-587330,2026-08-18 12:09:25,0.37,8
venus-587331,2026-08-18 12:09:59,0.08,8
venus-587332,2026-08-18 12:10:29,0.27,8
venus-587333,2026-08-18 12:10:37,96.57,1
venus-587334,2026-08-18 12:10:39,3.33,8
venus-587335,2026-08-18 12:14:41,38.83,8
venus-587336,2026-08-18 12:26:07,0.15,1
venus-587337,2026-08-18 12:27:42,2.83,1
venus-587338,2026-08-18 12:28:56,10.23,8
venus-587339,2026-08-18 12:31:29,6.22,1
venus-587340,2026-08-18 12:31:51,558.38,4
venus-587341,2026-08-18 12:31:54,530.1,4
venus-587342,2026-08-18 12:34:21,0.15,1
venus-587343,2026-08-18 12:35:49,0.18,1
venus-587344,2026-08-18 12:35:52,0.13,1
venus-587345,2026-08-18 12:36:33,0.18,1
venus-587346,2026-08-18 12:39:16,122.85,8
venus-587347,2026-08-18 12:53:24,14.33,1
venus-587348,2026-08-18 12:53:33,0.52,8
venus-587349,2026-08-18 12:54:49,0.52,8
venus-587350,2026-08-18 12:56:49,27.68,8
venus-587351,2026-08-18 13:10:05,808.92,16
venus-587352,2026-08-18 13:24:41,199.77,8
venus-587353,2026-08-18 13:29:16,0.38,4
venus-587354,2026-08-18 13:30:05,11383.97,8
venus-587356,2026-08-18 13:40:05,149.45,4
venus-587358,2026-08-18 13:41:47,23.65,3
venus-587359,2026-08-18 13:43:30,148.98,4
venus-587363,2026-08-18 13:46:01,149.58,4
venus-587364,2026-08-18 13:48:04,0.68,1
venus-587365,2026-08-18 13:50:57,16.7,1
venus-587366,2026-08-18 13:53:21,14.87,1
venus-587368,2026-08-18 14:05:51,43.12,3
venus-587369,2026-08-18 14:06:39,0.98,4
venus-587370,2026-08-18 14:07:40,0.98,8
venus-587371,2026-08-18 14:08:27,2.95,1
venus-587372,2026-08-18 14:08:39,0.68,8
venus-587373,2026-08-18 14:09:20,1.03,4
venus-587374,2026-08-18 14:10:04,3.45,8
venus-587375,2026-08-18 14:10:23,0.72,8
venus-587376,2026-08-18 14:11:02,15.68,1
venus-587377,2026-08-18 14:11:06,0.67,8
venus-587378,2026-08-18 14:11:46,608.95,8
venus-587379,2026-08-18 14:13:31,4.33,2
venus-587380,2026-08-18 14:15:13,2.43,1
venus-587381,2026-08-18 14:17:02,5.52,8
venus-587382,2026-08-18 14:17:58,16.53,1
venus-587383,2026-08-18 14:18:13,3.28,8
venus-587385,2026-08-18 14:21:30,4.22,2
venus-587386,2026-08-18 14:21:52,0.33,4
venus-587387,2026-08-18 14:23:13,0.33,4
venus-587392,2026-08-18 14:24:01,4.4,4
venus-587393,2026-08-18 14:25:48,3.65,8
venus-587395,2026-08-18 14:28:29,375.07,4
venus-587396,2026-08-18 14:29:27,3.72,1
venus-587397,2026-08-18 14:29:44,2.4,1
venus-587398,2026-08-18 14:31:06,14.98,1
venus-587399,2026-08-18 14:34:24,0.02,1
venus-587400,2026-08-18 14:34:47,0.02,1
venus-587405,2026-08-18 14:35:35,0.03,1
venus-587407,2026-08-18 14:37:18,0.03,1
venus-587408,2026-08-18 14:38:33,0.98,4
venus-587409,2026-08-18 14:39:33,0.87,8
venus-587410,2026-08-18 14:40:25,0.65,8
venus-587411,2026-08-18 14:41:04,1.05,4
venus-587412,2026-08-18 14:42:08,0.77,8
venus-587413,2026-08-18 14:42:12,38.88,8
venus-587414,2026-08-18 14:42:19,0.25,1
venus-587415,2026-08-18 14:42:54,0.53,8
venus-587416,2026-08-18 14:43:26,37.57,8
venus-587417,2026-08-18 14:45:00,84.52,1
venus-587418,2026-08-18 14:48:50,1124.6,3
venus-587419,2026-08-18 15:02:02,0.83,1
venus-587420,2026-08-18 15:02:10,11.15,2
venus-587421,2026-08-18 15:02:49,93.55,1
venus-587422,2026-08-18 15:04:23,0.82,1
venus-587423,2026-08-18 15:06:34,8.57,1
venus-587424,2026-08-18 15:13:50,2958.83,2
venus-587425,2026-08-18 15:16:16,8.48,1
venus-587426,2026-08-18 15:16:43,334.9,16
venus-587429,2026-08-18 15:21:31,0.42,8
venus-587430,2026-08-18 15:21:56,51.8,1
venus-587431,2026-08-18 15:22:54,18.2,1
venus-587432,2026-08-18 15:28:25,0.42,4
venus-587433,2026-08-18 15:28:41,8.9,1
venus-587434,2026-08-18 15:29:14,5.5,4
venus-587435,2026-08-18 15:35:36,649.88,4
venus-587436,2026-08-18 15:36:28,694.3,4
venus-587437,2026-08-18 15:38:49,8.92,1
venus-587439,2026-08-18 15:42:41,12.38,8
venus-587440,2026-08-18 15:50:05,8.83,1
venus-587441,2026-08-18 15:55:10,717.18,8
venus-587442,2026-08-18 15:56:47,0.08,4
venus-587443,2026-08-18 15:59:44,8.47,1
venus-587444,2026-08-18 16:03:36,0.17,4
venus-587445,2026-08-18 16:10:34,0.12,1
venus-587446,2026-08-18 16:10:57,8.75,1
venus-587447,2026-08-18 16:11:32,0.18,1
venus-587448,2026-08-18 16:12:20,458.2,1
venus-587449,2026-08-18 16:12:40,10303.5,7
venus-587450,2026-08-18 16:12:41,0.3,1
venus-587452,2026-08-18 16:16:24,2.75,1
venus-587453,2026-08-18 16:17:49,10.15,1
venus-587454,2026-08-18 16:20:31,8.18,1
venus-587455,2026-08-18 16:26:45,0.1,8
venus-587456,2026-08-18 16:27:35,2.62,1
venus-587457,2026-08-18 16:28:00,1003.33,1
venus-587458,2026-08-18 16:29:32,16.67,1
venus-587484,2026-08-18 16:35:01,17.45,1
venus-587485,2026-08-18 16:45:53,0.15,8
venus-587486,2026-08-18 16:46:14,0.08,8
venus-587487,2026-08-18 16:46:19,0.57,8
venus-587488,2026-08-18 16:47:54,2688.22,8
venus-587491,2026-08-18 16:53:14,69.82,4
venus-587493,2026-08-18 17:03:34,38.27,4
venus-587494,2026-08-18 17:09:26,16.57,1
venus-587495,2026-08-18 17:09:52,4242.82,1
venus-587496,2026-08-18 17:10:45,7047.48,1
venus-587497,2026-08-18 17:11:57,0.77,8
venus-587498,2026-08-18 17:16:49,2.1,4
venus-587500,2026-08-18 17:29:38,13.02,8
venus-587503,2026-08-18 17:43:21,1420.45,8
venus-587506,2026-08-18 18:36:02,16.5,1
venus-587507,2026-08-18 18:37:31,1.27,1
venus-587508,2026-08-18 18:41:14,16.32,1
venus-587509,2026-08-18 18:43:08,3.77,1
venus-587510,2026-08-18 18:47:05,0.82,1
venus-587511,2026-08-18 18:48:21,0.08,1
venus-587512,2026-08-18 18:50:07,4.33,2
venus-587513,2026-08-18 18:50:48,1.22,1
venus-587514,2026-08-18 18:53:21,0.02,1
venus-587515,2026-08-18 18:54:41,3.63,2
venus-587516,2026-08-18 18:55:57,525.23,8
venus-587517,2026-08-18 18:59:01,1.92,2
venus-587518,2026-08-18 19:03:52,2.75,2
venus-587519,2026-08-18 19:15:01,2.83,2
venus-587520,2026-08-18 19:29:32,5.77,2
venus-587521,2026-08-18 19:35:34,5.4,2
venus-587522,2026-08-18 19:39:48,2.87,1
venus-587523,2026-08-18 19:46:51,28.3,2
venus-587524,2026-08-18 19:51:55,1.07,2
venus-587525,2026-08-18 20:08:32,0.92,1
venus-587526,2026-08-18 20:10:16,10.15,16
venus-587527,2026-08-18 20:10:35,96.9,4
venus-587529,2026-08-18 20:15:17,2.5,1
venus-587530,2026-08-18 20:15:26,96.8,4
venus-587531,2026-08-18 20:15:31,23.35,2
venus-587532,2026-08-18 20:17:07,2.1,4
venus-587533,2026-08-18 20:21:10,7414.82,16
venus-587535,2026-08-18 20:31:39,0.92,1
venus-587536,2026-08-18 20:32:34,0.55,16
venus-587537,2026-08-18 20:33:29,159.02,16
venus-587558,2026-08-18 20:39:22,15.33,2
venus-587559,2026-08-18 20:40:22,1.53,8
venus-587560,2026-08-18 20:42:40,336.38,8
venus-587561,2026-08-18 20:43:09,1.45,1
venus-587562,2026-08-18 20:43:24,72.62,4
venus-587563,2026-08-18 20:45:05,1.42,1
venus-587564,2026-08-18 20:45:44,1.15,1
venus-587565,2026-08-18 20:46:40,12.92,1
venus-587566,2026-08-18 20:47:37,1.23,1
venus-587567,2026-08-18 20:49:31,0.27,1
venus-587569,2026-08-18 20:52:22,107.58,8
venus-587570,2026-08-18 20:52:47,0.28,1
venus-587571,2026-08-18 20:53:24,10.03,1
venus-587572,2026-08-18 20:56:52,94.2,8
venus-587573,2026-08-18 20:57:00,2.53,8
venus-587574,2026-08-18 20:57:17,6.88,1
venus-587575,2026-08-18 20:57:34,16.52,1
venus-587577,2026-08-18 20:59:35,1.45,1
venus-587578,2026-08-18 20:59:42,0.33,8
venus-587579,2026-08-18 20:59:59,6.05,8
venus-587582,2026-08-18 21:01:41,0.2,8
venus-587583,2026-08-18 21:02:18,32.47,1
venus-587584,2026-08-18 21:02:52,557.42,8
venus-587585,2026-08-18 21:04:14,0.28,1
venus-587586,2026-08-18 21:06:31,1.93,8
venus-587587,2026-08-18 21:06:43,17.28,1
venus-587589,2026-08-18 21:07:05,75.98,8
venus-587591,2026-08-18 21:12:11,1.13,1
venus-587592,2026-08-18 21:14:45,1.05,1
venus-587593,2026-08-18 21:15:23,16.62,1
venus-587594,2026-08-18 21:17:42,1.45,1
venus-587595,2026-08-18 21:19:28,1.2,1
venus-587596,2026-08-18 21:21:03,1.0,1
venus-587597,2026-08-18 21:23:08,0.97,1
venus-587598,2026-08-18 21:24:25,0.42,1
venus-587599,2026-08-18 21:24:57,0.97,1
venus-587600,2026-08-18 21:26:44,1.03,1
venus-587602,2026-08-18 21:28:30,19.52,1
venus-587604,2026-08-18 21:34:47,1.43,1
venus-587605,2026-08-18 21:36:55,1.4,1
venus-587606,2026-08-18 21:39:59,1.43,1
venus-587607,2026-08-18 21:42:25,2.77,1
venus-587608,2026-08-18 21:43:02,5.3,1
venus-587609,2026-08-18 21:44:18,20.38,1
venus-587611,2026-08-18 21:45:32,4.63,4
venus-587612,2026-08-18 21:48:21,5.57,1
venus-587614,2026-08-18 21:52:20,3.6,2
venus-587616,2026-08-18 21:53:39,0.02,1
venus-587617,2026-08-18 21:53:51,4.02,1
venus-587618,2026-08-18 21:53:56,14.73,1
venus-587619,2026-08-18 21:58:45,4.57,4
venus-587620,2026-08-18 22:01:35,10.2,1
venus-587621,2026-08-18 22:03:44,4.45,4
venus-587622,2026-08-18 22:05:59,19.57,1
venus-587623,2026-08-18 22:08:40,9.95,1
venus-587624,2026-08-18 22:09:38,4.58,4
venus-587625,2026-08-18 22:14:23,19.32,1
venus-587627,2026-08-18 22:15:22,148.23,8
venus-587628,2026-08-18 22:15:41,3.47,1
venus-587631,2026-08-18 22:18:38,4.02,1
venus-587632,2026-08-18 22:21:16,2.73,1
venus-587633,2026-08-18 22:22:40,3.42,1
venus-587634,2026-08-18 22:23:02,1.1,8
venus-587637,2026-08-18 22:25:33,0.68,8
venus-587638,2026-08-18 22:25:37,7.02,1
venus-587639,2026-08-18 22:26:14,681.55,8
venus-587640,2026-08-18 22:26:30,2.73,1
venus-587641,2026-08-18 22:28:44,0.6,1
venus-587642,2026-08-18 22:29:15,2.4,1
venus-587643,2026-08-18 22:31:06,18.97,16
venus-587644,2026-08-18 22:31:13,299.82,8
venus-587645,2026-08-18 22:31:56,0.32,1
venus-587646,2026-08-18 22:32:17,1.43,1
venus-587647,2026-08-18 22:34:17,1.55,1
venus-587649,2026-08-18 22:36:02,3.23,1
venus-587650,2026-08-18 22:36:07,0.25,1
venus-587651,2026-08-18 22:40:26,3.42,1
venus-587652,2026-08-18 22:42:12,1.57,1
venus-587653,2026-08-18 22:42:30,0.85,1
venus-587654,2026-08-18 22:44:43,0.72,1
venus-587655,2026-08-18 22:45:42,0.75,1
venus-587656,2026-08-18 22:47:11,3.7,1
venus-587657,2026-08-18 22:51:03,0.75,1
venus-587658,2026-08-18 22:52:10,0.97,1
venus-587659,2026-08-18 22:55:29,3.1,1
venus-587660,2026-08-18 22:57:42,1.47,1
venus-587661,2026-08-18 22:58:53,2.65,1
venus-587662,2026-08-18 23:00:15,1.7,1
venus-587663,2026-08-18 23:01:46,6.03,1
venus-587664,2026-08-18 23:02:03,8.8,2
venus-587665,2026-08-18 23:03:53,1.92,1
venus-587666,2026-08-18 23:08:16,0.85,1
venus-587667,2026-08-18 23:08:56,4.47,1
venus-587669,2026-08-18 23:09:30,2.77,1
venus-587670,2026-08-18 23:15:23,2.58,1
venus-587671,2026-08-18 23:16:11,6.05,2
venus-587672,2026-08-18 23:18:18,0.55,1
venus-587673,2026-08-18 23:18:49,4.57,4
venus-587674,2026-08-18 23:19:17,0.8,1
venus-587675,2026-08-18 23:24:09,1237.85,2
venus-587676,2026-08-18 23:24:37,3.07,1
venus-587677,2026-08-18 23:27:46,4.88,4
venus-587678,2026-08-18 23:39:51,1899.87,8
venus-587680,2026-08-18 23:57:58,0.35,8
venus-587681,2026-08-18 23:59:01,3.0,8
venus-587682,2026-08-19 00:02:21,2.58,8
venus-587683,2026-08-19 00:05:07,4.73,16
venus-587684,2026-08-19 00:05:11,50.6,8
venus-587690,2026-08-19 00:11:08,91.1,4
venus-587691,2026-08-19 00:11:11,287.22,4
venus-587692,2026-08-19 00:14:27,3.8,1
venus-587694,2026-08-19 00:17:32,0.33,1
venus-587695,2026-08-19 00:19:07,5.05,1
venus-587699,2026-08-19 00:20:21,4.07,1
venus-587700,2026-08-19 00:20:43,94.48,8
venus-587717,2026-08-19 00:34:58,1030.1,16
venus-587718,2026-08-19 00:36:48,1028.38,16
venus-587734,2026-08-19 00:39:46,3.12,16
venus-587736,2026-08-19 00:57:56,86.02,24
venus-587737,2026-08-19 01:02:54,178.55,8
venus-587740,2026-08-19 01:11:14,0.7,8
venus-587741,2026-08-19 01:19:51,286.67,4
venus-587742,2026-08-19 01:49:45,1744.88,8
venus-587743,2026-08-19 01:49:49,1266.78,2
venus-587744,2026-08-19 01:55:13,47.1,8
venus-587745,2026-08-19 02:24:38,0.38,24
venus-587746,2026-08-19 02:26:01,1574.28,24
venus-587747,2026-08-19 02:26:17,1.87,2
venus-587748,2026-08-19 02:31:36,5.58,2
venus-587749,2026-08-19 02:37:59,116.88,2
venus-587750,2026-08-19 02:42:19,1.05,8
venus-587751,2026-08-19 02:43:22,37.42,8
venus-587752,2026-08-19 03:20:47,10.18,8
venus-587754,2026-08-19 03:50:15,0.68,16
venus-587755,2026-08-19 03:50:56,16.2,16
venus-587756,2026-08-19 03:52:42,3.2,8
venus-587757,2026-08-19 03:55:54,4.57,2
venus-587758,2026-08-19 04:00:49,3.02,8
venus-587759,2026-08-19 04:03:50,4.17,2
venus-587760,2026-08-19 04:07:08,10.23,8
venus-587761,2026-08-19 04:07:16,10.13,8
venus-587762,2026-08-19 04:08:02,3.27,8
venus-587763,2026-08-19 04:11:18,3.7,1
venus-587764,2026-08-19 04:17:29,330.6,16
venus-587765,2026-08-19 04:37:05,0.08,32
venus-587766,2026-08-19 04:37:17,0.03,32
venus-587767,2026-08-19 04:37:26,2016.63,32
venus-587768,2026-08-19 07:54:28,6.07,4
venus-587769,2026-08-19 08:59:24,18.72,4
venus-587770,2026-08-19 09:01:55,2.47,8
venus-587771,2026-08-19 09:04:37,1.55,8
venus-587772,2026-08-19 09:10:38,8767.52,2
venus-587773,2026-08-19 09:10:43,0.22,8
venus-587775,2026-08-19 09:13:20,0.05,4
venus-587776,2026-08-19 09:14:29,0.63,8
venus-587777,2026-08-19 09:14:57,0.13,4
venus-587778,2026-08-19 09:15:32,33.48,8
venus-587779,2026-08-19 09:16:05,1.68,8
venus-587782,2026-08-19 09:16:34,0.07,1
venus-587783,2026-08-19 09:16:44,0.38,2
venus-587784,2026-08-19 09:18:47,18.53,4
venus-587785,2026-08-19 09:20:07,0.03,4
venus-587786,2026-08-19 09:20:24,3.45,4
venus-587787,2026-08-19 09:24:24,18.82,4
venus-587788,2026-08-19 09:33:51,3.52,3
venus-587789,2026-08-19 09:37:47,0.28,1
venus-587790,2026-08-19 09:38:18,44.82,1
venus-587792,2026-08-19 09:41:41,3.82,8
venus-587793,2026-08-19 09:47:00,471.72,16
venus-587794,2026-08-19 09:47:47,0.27,4
venus-587795,2026-08-19 09:48:01,0.12,1
venus-587796,2026-08-19 09:48:10,0.25,24
venus-587797,2026-08-19 09:48:15,0.82,1
venus-587798,2026-08-19 09:48:20,0.97,4
venus-587799,2026-08-19 09:48:35,0.02,24
venus-587802,2026-08-19 09:49:16,0.08,8
venus-587804,2026-08-19 09:49:26,0.42,16
venus-587805,2026-08-19 09:49:36,59.43,1
venus-587806,2026-08-19 09:49:49,0.85,24
venus-587808,2026-08-19 09:50:03,0.2,8
venus-587810,2026-08-19 09:50:16,0.43,16
venus-587811,2026-08-19 09:50:46,8112.23,8
venus-587813,2026-08-19 09:50:57,0.42,16
venus-587814,2026-08-19 09:51:01,4.42,8
venus-587815,2026-08-19 09:51:24,10161.28,8
venus-587818,2026-08-19 09:51:37,0.43,16
venus-587821,2026-08-19 09:52:28,0.42,16
venus-587823,2026-08-19 09:53:08,0.42,16
venus-587825,2026-08-19 09:53:49,0.42,16
venus-587827,2026-08-19 09:54:29,0.42,16
venus-587828,2026-08-19 09:54:41,54.08,1
venus-587830,2026-08-19 09:55:09,0.43,16
venus-587831,2026-08-19 09:55:31,457.63,16
venus-587834,2026-08-19 09:55:50,0.42,16
venus-587835,2026-08-19 09:56:30,442.52,16
venus-587836,2026-08-19 09:57:11,0.7,24
venus-587837,2026-08-19 09:57:43,0.13,1
venus-587838,2026-08-19 09:57:53,1.0,4
venus-587839,2026-08-19 09:58:01,0.92,16
venus-587840,2026-08-19 09:58:37,50.47,1
venus-587841,2026-08-19 09:58:54,0.75,24
venus-587844,2026-08-19 09:59:21,0.43,16
venus-587845,2026-08-19 10:00:35,0.7,24
venus-587846,2026-08-19 10:01:17,212.48,24
venus-587847,2026-08-19 10:01:53,0.18,1
venus-587848,2026-08-19 10:02:17,0.15,1
venus-587849,2026-08-19 10:03:19,50.4,1
venus-587850,2026-08-19 10:06:42,43.6,1
venus-587851,2026-08-19 10:09:30,0.2,8
venus-587852,2026-08-19 10:09:47,0.23,8
venus-587853,2026-08-19 10:12:33,1.05,8
venus-587854,2026-08-19 10:14:18,0.92,8
venus-587855,2026-08-19 10:18:37,0.3,1
venus-587856,2026-08-19 10:19:11,3.73,1
venus-587857,2026-08-19 10:20:34,0.27,8
venus-587858,2026-08-19 10:22:53,2.35,8
venus-587859,2026-08-19 10:22:56,13.97,1
venus-587860,2026-08-19 10:28:22,66.08,4
venus-587861,2026-08-19 10:28:58,2.05,8
venus-587862,2026-08-19 10:29:18,0.02,4
venus-587863,2026-08-19 10:31:07,0.12,4
venus-587864,2026-08-19 10:31:39,64.62,4
venus-587865,2026-08-19 10:32:22,5.02,8
venus-587866,2026-08-19 10:32:46,1.4,8
venus-587867,2026-08-19 10:36:15,2.2,8
venus-587868,2026-08-19 10:36:24,62.48,2
venus-587870,2026-08-19 10:36:55,15.7,1
venus-587871,2026-08-19 10:42:09,6.63,8
venus-587873,2026-08-19 10:46:43,0.5,8
venus-587874,2026-08-19 10:48:26,1060.05,8
venus-587875,2026-08-19 10:48:57,0.07,1
venus-587876,2026-08-19 10:50:05,16.15,8
venus-587877,2026-08-19 10:52:38,8.87,1
venus-587878,2026-08-19 10:58:17,3.87,1
venus-587880,2026-08-19 11:00:15,0.07,1
venus-587881,2026-08-19 11:00:44,0.68,8
venus-587882,2026-08-19 11:01:08,165.25,2
venus-587883,2026-08-19 11:01:23,52.47,8
venus-587884,2026-08-19 11:01:31,6.48,1
venus-587885,2026-08-19 11:02:17,1392.95,1
venus-587886,2026-08-19 11:02:28,0.4,8
venus-587887,2026-08-19 11:03:17,0.05,1
venus-587888,2026-08-19 11:04:01,0.92,8
venus-587889,2026-08-19 11:04:43,0.2,1
venus-587890,2026-08-19 11:05:22,0.12,1
venus-587891,2026-08-19 11:05:46,0.32,8
venus-587892,2026-08-19 11:05:51,0.15,1
venus-587893,2026-08-19 11:06:24,0.13,1
venus-587894,2026-08-19 11:06:36,1.27,8
venus-587895,2026-08-19 11:08:01,37.25,1
venus-587896,2026-08-19 11:08:18,0.47,8
venus-587897,2026-08-19 11:12:03,79.63,1
venus-587899,2026-08-19 11:15:27,0.55,8
venus-587900,2026-08-19 11:16:34,1.93,8
venus-587902,2026-08-19 11:21:03,53.97,1
venus-587904,2026-08-19 11:21:28,4.2,1
venus-587906,2026-08-19 11:22:46,179.22,8
venus-587909,2026-08-19 11:23:44,3.62,1
venus-587912,2026-08-19 11:26:17,0.27,1
venus-587913,2026-08-19 11:26:47,3.83,1
venus-587914,2026-08-19 11:27:28,2.98,1
venus-587915,2026-08-19 11:30:33,19.3,1
venus-587916,2026-08-19 11:30:41,19.2,1
venus-587917,2026-08-19 11:32:19,0.55,1
venus-587918,2026-08-19 11:32:29,11.12,1
venus-587919,2026-08-19 11:33:01,19.08,1
venus-587920,2026-08-19 11:33:13,18.88,1
venus-587921,2026-08-19 11:36:21,8.77,1
venus-587922,2026-08-19 11:38:47,91.65,2
venus-587923,2026-08-19 11:41:43,115.05,2
venus-587924,2026-08-19 11:44:53,182.52,1
venus-587925,2026-08-19 11:45:17,1.58,1
venus-587926,2026-08-19 11:47:01,0.05,1
venus-587927,2026-08-19 11:47:25,1.53,1
venus-587928,2026-08-19 11:48:13,326.4,2
venus-587929,2026-08-19 11:49:51,12.13,1
venus-587930,2026-08-19 11:49:53,12.1,1
venus-587931,2026-08-19 11:52:06,19.32,1
venus-587932,2026-08-19 11:52:06,19.32,1
venus-587933,2026-08-19 11:52:09,6.75,1
venus-587934,2026-08-19 11:52:26,41.85,1
venus-587935,2026-08-19 11:53:36,680.27,8
venus-587936,2026-08-19 12:00:22,2.42,1
venus-587937,2026-08-19 12:02:00,11.65,1
venus-587938,2026-08-19 12:02:00,11.65,1
venus-587939,2026-08-19 12:02:48,5.37,1
venus-587940,2026-08-19 12:08:11,3.82,1
venus-587941,2026-08-19 12:08:33,295.02,2
venus-587942,2026-08-19 12:12:01,3.13,1
venus-587943,2026-08-19 12:13:39,11.03,1
venus-587944,2026-08-19 12:13:39,10.27,1
venus-587945,2026-08-19 12:14:31,0.07,4
venus-587946,2026-08-19 12:15:10,1.92,1
venus-587947,2026-08-19 12:17:55,0.3,4
venus-587948,2026-08-19 12:18:10,0.27,4
venus-587949,2026-08-19 12:18:54,9.47,1
venus-587950,2026-08-19 12:19:46,1.72,1
venus-587951,2026-08-19 12:21:42,1.55,1
venus-587952,2026-08-19 12:23:28,1.93,1
venus-587953,2026-08-19 12:23:55,9.72,1
venus-587954,2026-08-19 12:24:41,14.95,1
venus-587955,2026-08-19 12:26:29,1.6,1
venus-587956,2026-08-19 12:28:47,1.57,1
venus-587957,2026-08-19 12:29:27,8.95,1
venus-587958,2026-08-19 12:30:29,1.78,1
venus-587959,2026-08-19 12:31:40,102.05,8
venus-587960,2026-08-19 12:33:38,2920.73,1
venus-587961,2026-08-19 12:33:38,9.7,1
venus-587962,2026-08-19 12:36:41,9997.3,2
venus-587963,2026-08-19 12:39:39,10.6,1
venus-587964,2026-08-19 12:40:55,9993.07,2
venus-587965,2026-08-19 12:42:27,0.02,8
venus-587966,2026-08-19 12:43:20,9.93,1
venus-587967,2026-08-19 12:43:44,170.15,1
venus-587968,2026-08-19 12:43:57,169.95,1
venus-587969,2026-08-19 12:44:04,169.85,1
venus-587970,2026-08-19 12:44:16,169.62,1
venus-587971,2026-08-19 12:44:23,169.5,1
venus-587972,2026-08-19 12:45:42,1258.25,8
venus-587973,2026-08-19 12:47:14,9986.22,2
venus-587974,2026-08-19 12:47:30,125.55,1
venus-587975,2026-08-19 12:50:16,15.17,1
venus-587976,2026-08-19 12:51:44,2914.63,1
venus-587977,2026-08-19 12:53:16,13.0,1
venus-587978,2026-08-19 13:01:35,2912.08,1
venus-587979,2026-08-19 13:05:26,15.38,1
venus-587980,2026-08-19 13:06:16,14.55,1
venus-587981,2026-08-19 13:10:19,2.43,3
venus-587982,2026-08-19 13:13:40,28.38,3
venus-587983,2026-08-19 13:20:49,16.32,1
venus-587984,2026-08-19 13:20:49,11.93,1
venus-587985,2026-08-19 13:33:46,92.35,8
venus-587986,2026-08-19 13:33:52,92.32,16
venus-587987,2026-08-19 13:37:08,16.23,1
venus-587988,2026-08-19 13:41:50,8.73,3
venus-587989,2026-08-19 13:44:28,0.5,4
venus-587990,2026-08-19 13:48:35,0.62,4
venus-587991,2026-08-19 13:50:38,182.63,3
venus-587992,2026-08-19 13:53:22,16.43,1
venus-587993,2026-08-19 13:54:44,5.87,4
venus-587994,2026-08-19 13:56:43,0.98,4
venus-587995,2026-08-19 14:01:06,7.42,4
venus-587996,2026-08-19 14:06:26,16.58,1
venus-587997,2026-08-19 14:06:26,16.78,1
venus-587998,2026-08-19 14:06:27,0.05,4
venus-587999,2026-08-19 14:06:57,7.58,4
venus-588000,2026-08-19 14:08:41,1.27,4
venus-588001,2026-08-19 14:09:48,16.13,1
venus-588002,2026-08-19 14:13:33,59.58,4
venus-588003,2026-08-19 14:16:29,56.62,4
venus-588004,2026-08-19 14:19:27,0.13,4
venus-588005,2026-08-19 14:20:24,19.77,4
venus-588006,2026-08-19 14:20:55,20.4,4
venus-588007,2026-08-19 14:23:35,7158.72,2
venus-588008,2026-08-19 14:25:56,18.17,1
venus-588009,2026-08-19 14:33:47,0.18,1
venus-588010,2026-08-19 14:34:06,87.68,1
venus-588011,2026-08-19 14:34:54,92.57,1
venus-588012,2026-08-19 14:35:22,134.73,1
venus-588013,2026-08-19 14:40:05,74.75,1
venus-588014,2026-08-19 14:41:40,51.78,1
venus-588015,2026-08-19 14:44:07,20.85,1
venus-588017,2026-08-19 14:49:41,0.08,1
venus-588018,2026-08-19 14:50:24,52.92,1
venus-588019,2026-08-19 14:51:39,1.97,8
venus-588020,2026-08-19 14:53:04,1.43,1
venus-588021,2026-08-19 14:54:34,917.97,8
venus-588022,2026-08-19 14:54:36,2.45,1
venus-588023,2026-08-19 14:55:37,0.27,1
venus-588024,2026-08-19 14:57:04,2.98,1
venus-588025,2026-08-19 14:57:57,46.62,1
venus-588026,2026-08-19 15:00:04,12.67,1
venus-588028,2026-08-19 15:04:58,15.9,1
venus-588029,2026-08-19 15:06:09,16.23,24
venus-588032,2026-08-19 15:10:28,4.95,4
venus-588033,2026-08-19 15:12:45,25.62,1
venus-588034,2026-08-19 15:15:25,19.27,4
venus-588035,2026-08-19 15:15:35,20.48,4
venus-588036,2026-08-19 15:20:52,15.83,1
venus-588037,2026-08-19 15:22:31,0.82,24
venus-588038,2026-08-19 15:23:19,80.57,4
venus-588039,2026-08-19 15:23:20,12.22,24
venus-588040,2026-08-19 15:27:21,1.72,4
venus-588041,2026-08-19 15:30:16,28.15,1
venus-588042,2026-08-19 15:32:32,91.2,16
venus-588043,2026-08-19 15:34:51,0.03,8
venus-588044,2026-08-19 15:35:09,4.2,8
venus-588045,2026-08-19 15:35:33,10.23,8
venus-588046,2026-08-19 15:35:41,10.18,16
venus-588047,2026-08-19 15:36:42,15.92,1
venus-588048,2026-08-19 15:36:56,2.08,16
venus-588049,2026-08-19 15:38:23,15.87,1
venus-588052,2026-08-19 15:39:55,172.08,1
venus-588053,2026-08-19 15:40:02,4.0,8
venus-588054,2026-08-19 15:40:02,168.9,1
venus-588055,2026-08-19 15:40:08,1.23,1
venus-588056,2026-08-19 15:40:10,171.45,1
venus-588057,2026-08-19 15:40:17,144.62,1
venus-588058,2026-08-19 15:40:25,171.12,1
venus-588059,2026-08-19 15:42:50,54.22,1
venus-588060,2026-08-19 15:43:10,3.7,1
venus-588061,2026-08-19 15:44:12,2.27,16
venus-588062,2026-08-19 15:45:41,3.93,8
venus-588063,2026-08-19 15:45:57,58.9,24
venus-588064,2026-08-19 15:46:59,1394.25,1
venus-588065,2026-08-19 15:47:14,13.77,16
venus-588066,2026-08-19 15:49:37,2.13,16
venus-588067,2026-08-19 15:50:12,4.05,8
venus-588068,2026-08-19 15:51:27,1389.88,1
venus-588069,2026-08-19 15:51:37,1389.82,1
venus-588070,2026-08-19 15:53:29,75.08,4
venus-588071,2026-08-19 15:54:04,0.25,1
venus-588072,2026-08-19 15:54:15,2.18,1
venus-588073,2026-08-19 15:54:48,3.83,8
venus-588074,2026-08-19 15:55:03,0.23,1
venus-588075,2026-08-19 15:55:43,0.2,1
venus-588076,2026-08-19 15:55:56,1.05,1
venus-588077,2026-08-19 15:57:09,0.22,1
venus-588078,2026-08-19 15:59:16,18.17,8
venus-588079,2026-08-19 15:59:20,0.28,1
venus-588080,2026-08-19 16:01:59,17.92,1
venus-588081,2026-08-19 16:06:48,921.48,8
venus-588082,2026-08-19 16:07:16,1406.87,1
venus-588084,2026-08-19 16:07:35,1406.62,1
venus-588086,2026-08-19 16:08:04,1406.2,1
venus-588087,2026-08-19 16:19:55,3.62,1
venus-588088,2026-08-19 16:23:15,8.1,1
venus-588089,2026-08-19 16:23:35,2.32,1
venus-588090,2026-08-19 16:25:56,9.65,1
venus-588092,2026-08-19 16:28:03,3.23,1
venus-588096,2026-08-19 16:32:37,0.32,1
venus-588098,2026-08-19 16:35:36,1.42,1
venus-588099,2026-08-19 16:35:37,0.5,8
venus-588100,2026-08-19 16:37:22,1.43,1
venus-588101,2026-08-19 16:37:43,0.5,8
venus-588102,2026-08-19 16:38:27,111.75,8
venus-588103,2026-08-19 16:38:59,1.78,8
venus-588104,2026-08-19 16:39:25,1.45,1
venus-588105,2026-08-19 16:41:20,0.77,1
venus-588106,2026-08-19 16:41:42,1.65,8
venus-588107,2026-08-19 16:41:43,3.02,1
venus-588120,2026-08-19 16:43:50,0.52,8
venus-588121,2026-08-19 16:44:47,3.55,1
venus-588122,2026-08-19 16:44:50,14.12,8
venus-588125,2026-08-19 16:45:21,0.43,8
venus-588126,2026-08-19 16:45:52,10.53,16
venus-588127,2026-08-19 16:46:48,0.05,8
venus-588128,2026-08-19 16:47:29,0.73,8
venus-588129,2026-08-19 16:48:23,3.03,1
venus-588130,2026-08-19 16:49:27,1.3,8
venus-588131,2026-08-19 16:51:17,2.95,8
venus-588132,2026-08-19 16:51:26,1.55,1
venus-588134,2026-08-19 16:53:26,1.42,1
venus-588135,2026-08-19 16:54:56,3.02,1
venus-588136,2026-08-19 16:56:20,6.37,8
venus-588140,2026-08-19 16:57:09,5.33,8
venus-588142,2026-08-19 16:57:58,1.43,1
venus-588143,2026-08-19 16:58:15,0.08,8
venus-588146,2026-08-19 16:59:31,4.02,8
venus-588147,2026-08-19 16:59:38,1.45,1
venus-588148,2026-08-19 17:01:20,43.78,2
venus-588149,2026-08-19 17:01:31,1.42,1
venus-588150,2026-08-19 17:03:08,6.45,1
venus-588151,2026-08-19 17:03:38,0.08,8
venus-588152,2026-08-19 17:03:39,3.7,8
venus-588156,2026-08-19 17:04:36,6.3,8
venus-588157,2026-08-19 17:05:12,6.13,8
venus-588158,2026-08-19 17:08:18,0.75,8
venus-588159,2026-08-19 17:09:09,5.15,8
venus-588160,2026-08-19 17:09:35,2.63,1
venus-588161,2026-08-19 17:11:03,5.95,8
venus-588162,2026-08-19 17:11:21,0.02,8
venus-588164,2026-08-19 17:11:26,0.6,8
venus-588165,2026-08-19 17:11:57,0.35,1
venus-588166,2026-08-19 17:12:14,3.4,1
venus-588167,2026-08-19 17:12:32,0.08,8
venus-588168,2026-08-19 17:12:36,0.2,1
venus-588169,2026-08-19 17:12:55,0.18,1
venus-588170,2026-08-19 17:13:11,0.18,1
venus-588171,2026-08-19 17:13:32,0.85,8
venus-588172,2026-08-19 17:13:58,54.47,1
venus-588174,2026-08-19 17:14:28,1.0,16
venus-588175,2026-08-19 17:15:26,6.43,8
venus-588176,2026-08-19 17:15:38,1.93,8
venus-588177,2026-08-19 17:15:40,2.33,1
venus-588178,2026-08-19 17:17:00,0.02,8
venus-588179,2026-08-19 17:17:01,2.25,8
venus-588181,2026-08-19 17:17:34,5.7,8
venus-588184,2026-08-19 17:18:02,7.78,1
venus-588185,2026-08-19 17:18:30,18.23,8
venus-588186,2026-08-19 17:19:01,12.75,8
venus-588187,2026-08-19 17:22:01,0.08,8
venus-588188,2026-08-19 17:22:03,10.35,8
venus-588190,2026-08-19 17:23:24,0.55,8
venus-588191,2026-08-19 17:24:07,7.98,8
venus-588192,2026-08-19 17:25:35,317.87,8
venus-588193,2026-08-19 17:25:50,12.43,1
venus-588200,2026-08-19 17:30:41,13.82,16
venus-588201,2026-08-19 17:32:11,0.35,16
venus-588202,2026-08-19 17:32:37,0.08,24
venus-588203,2026-08-19 17:32:37,2.4,8
venus-588204,2026-08-19 17:32:52,2.35,16
venus-588206,2026-08-19 17:35:08,90.62,24
venus-588207,2026-08-19 17:36:34,0.5,8
venus-588208,2026-08-19 17:37:38,2514.68,4
venus-588209,2026-08-19 17:38:06,8250.55,2
venus-588210,2026-08-19 17:38:16,2.85,1
venus-588211,2026-08-19 17:38:49,0.85,16
venus-588212,2026-08-19 17:39:48,8.5,16
venus-588233,2026-08-19 17:41:09,4.18,1
venus-588235,2026-08-19 17:45:20,1749.17,16
venus-588236,2026-08-19 17:45:21,8.57,1
venus-588237,2026-08-19 17:45:27,1748.9,16
venus-588238,2026-08-19 17:45:47,0.48,8
venus-588239,2026-08-19 17:45:58,16.5,1
venus-588240,2026-08-19 17:46:29,16.5,1
venus-588242,2026-08-19 17:47:55,0.48,8
venus-588243,2026-08-19 17:48:32,2573.73,16
venus-588262,2026-08-19 17:50:49,66.97,1
venus-588263,2026-08-19 17:51:29,183.3,16
venus-588264,2026-08-19 17:53:55,2.28,1
venus-588265,2026-08-19 17:54:44,0.43,8
venus-588270,2026-08-19 17:56:13,3.53,1
venus-588271,2026-08-19 17:58:52,0.48,4
venus-588272,2026-08-19 17:59:19,0.8,8
venus-588273,2026-08-19 17:59:45,229.23,4
venus-588274,2026-08-19 17:59:45,4.92,1
venus-588275,2026-08-19 18:04:41,7.48,1
venus-588276,2026-08-19 18:12:10,22.3,1
venus-588277,2026-08-19 18:14:56,2.22,8
venus-588278,2026-08-19 18:17:58,0.03,4
venus-588279,2026-08-19 18:18:19,0.07,4
venus-588280,2026-08-19 18:22:36,0.12,4
venus-588282,2026-08-19 18:25:52,2.38,8
venus-588283,2026-08-19 18:28:32,2.08,8
venus-588284,2026-08-19 18:29:17,0.07,4
venus-588285,2026-08-19 18:34:29,1.47,1
venus-588286,2026-08-19 18:36:31,4.38,1
venus-588287,2026-08-19 18:37:54,0.08,4
venus-588288,2026-08-19 18:38:24,0.07,4
venus-588289,2026-08-19 18:40:54,1.98,1
venus-588290,2026-08-19 18:41:55,0.08,4
venus-588291,2026-08-19 18:42:55,0.08,4
venus-588292,2026-08-19 18:43:04,3.43,1
venus-588293,2026-08-19 18:45:07,0.13,4
venus-588294,2026-08-19 18:46:31,3.63,1
venus-588296,2026-08-19 18:48:59,0.12,4
venus-588297,2026-08-19 18:49:20,0.12,4
venus-588298,2026-08-19 18:50:11,4.27,1
venus-588299,2026-08-19 18:53:42,0.12,4
venus-588300,2026-08-19 18:53:59,0.08,4
venus-588301,2026-08-19 18:54:28,9.15,1
venus-588302,2026-08-19 18:58:07,1.12,8
venus-588303,2026-08-19 18:59:27,0.42,8
venus-588304,2026-08-19 19:00:31,744.78,8
venus-588305,2026-08-19 19:03:38,61.8,1
venus-588306,2026-08-19 19:03:39,270.93,8
venus-588307,2026-08-19 19:05:22,169.67,1
venus-588308,2026-08-19 19:05:31,20.35,1
venus-588309,2026-08-19 19:05:57,0.08,24
venus-588310,2026-08-19 19:05:59,0.77,24
venus-588312,2026-08-19 19:06:57,0.08,24
venus-588313,2026-08-19 19:07:01,7.68,24
venus-588314,2026-08-19 19:14:50,1.02,24
venus-588315,2026-08-19 19:15:47,56.9,24
venus-588316,2026-08-19 19:33:18,0.27,1
venus-588317,2026-08-19 19:34:18,0.25,1
venus-588318,2026-08-19 19:34:56,0.23,1
venus-588319,2026-08-19 19:36:37,217.1,8
venus-588320,2026-08-19 19:36:41,0.25,1
venus-588321,2026-08-19 19:40:24,0.27,1
venus-588322,2026-08-19 19:41:00,0.78,1
venus-588323,2026-08-19 19:42:14,0.82,1
venus-588324,2026-08-19 19:48:51,0.88,1
venus-588325,2026-08-19 19:50:21,0.8,1
venus-588326,2026-08-19 19:51:18,0.82,1
venus-588327,2026-08-19 19:53:06,0.78,1
venus-588328,2026-08-19 19:55:37,0.8,1
venus-588329,2026-08-19 19:56:48,0.82,1
venus-588330,2026-08-19 19:58:52,0.87,1
venus-588331,2026-08-19 20:00:33,0.87,1
venus-588332,2026-08-19 20:01:34,0.82,1
venus-588334,2026-08-19 20:02:59,0.8,1
venus-588335,2026-08-19 20:03:17,834.05,2
venus-588336,2026-08-19 20:03:58,0.8,1
venus-588339,2026-08-19 20:05:07,0.8,1
venus-588358,2026-08-19 20:05:26,37.83,1
venus-588359,2026-08-19 20:06:31,0.83,1
venus-588360,2026-08-19 20:07:59,0.8,1
venus-588361,2026-08-19 20:09:19,0.8,1
venus-588362,2026-08-19 20:10:22,0.8,1
venus-588368,2026-08-19 20:11:21,0.8,1
venus-588369,2026-08-19 20:12:54,0.08,24
venus-588370,2026-08-19 20:12:56,64.57,24
venus-588371,2026-08-19 20:13:37,0.82,1
venus-588372,2026-08-19 20:15:05,0.82,1
venus-588373,2026-08-19 20:16:01,0.82,1
venus-588374,2026-08-19 20:17:19,0.8,1
venus-588375,2026-08-19 20:21:25,0.8,1
venus-588376,2026-08-19 20:22:55,2.5,8
venus-588377,2026-08-19 20:23:01,0.82,1
venus-588378,2026-08-19 20:24:54,16.32,1
venus-588379,2026-08-19 20:25:08,0.8,1
venus-588380,2026-08-19 20:25:18,15.92,1
venus-588381,2026-08-19 20:25:24,0.02,1
venus-588382,2026-08-19 20:25:30,16.32,1
venus-588383,2026-08-19 20:27:10,0.8,1
venus-588384,2026-08-19 20:27:26,2.6,8
venus-588385,2026-08-19 20:30:05,0.83,1
venus-588386,2026-08-19 20:31:24,0.82,1
venus-588387,2026-08-19 20:35:20,0.78,1
venus-588388,2026-08-19 20:36:32,1.67,8
venus-588389,2026-08-19 20:36:37,0.8,1
venus-588390,2026-08-19 20:39:27,0.78,1
venus-588391,2026-08-19 20:39:33,1.68,8
venus-588392,2026-08-19 20:42:47,1.87,8
venus-588393,2026-08-19 20:43:01,0.83,1
venus-588394,2026-08-19 20:43:17,3.63,1
venus-588395,2026-08-19 20:44:49,2.02,8
venus-588396,2026-08-19 20:44:53,0.75,32
venus-588397,2026-08-19 20:45:13,0.78,1
venus-588398,2026-08-19 20:46:48,1072.8,32
venus-588399,2026-08-19 20:46:55,1.87,1
venus-588400,2026-08-19 20:46:56,2.2,8
venus-588401,2026-08-19 20:47:29,0.83,1
venus-588402,2026-08-19 20:49:09,1.73,1
venus-588403,2026-08-19 20:49:12,2.32,8
venus-588404,2026-08-19 20:50:38,0.78,1
venus-588405,2026-08-19 20:51:38,2.5,8
venus-588406,2026-08-19 20:51:45,0.78,1
venus-588407,2026-08-19 20:52:29,1.7,1
venus-588408,2026-08-19 20:54:08,0.82,1
venus-588409,2026-08-19 20:54:25,2.6,8
venus-588410,2026-08-19 20:54:42,4.38,1
venus-588411,2026-08-19 20:55:11,0.77,1
venus-588412,2026-08-19 20:56:02,0.78,1
venus-588413,2026-08-19 20:57:16,1.67,8
venus-588414,2026-08-19 20:57:50,610.23,1
venus-588415,2026-08-19 20:58:20,0.78,1
venus-588416,2026-08-19 20:59:21,1.72,8
venus-588417,2026-08-19 21:01:13,1.83,8
venus-588418,2026-08-19 21:01:22,0.78,1
venus-588419,2026-08-19 21:03:22,2.0,8
venus-588420,2026-08-19 21:05:31,2.18,8
venus-588421,2026-08-19 21:06:54,0.75,1
venus-588422,2026-08-19 21:07:48,2.3,8
venus-588423,2026-08-19 21:09:13,0.8,1
venus-588424,2026-08-19 21:10:42,0.78,1
venus-588425,2026-08-19 21:11:14,0.63,1
venus-588426,2026-08-19 21:11:31,2.48,8
venus-588427,2026-08-19 21:11:54,59.47,1
venus-588428,2026-08-19 21:12:14,0.78,1
venus-588429,2026-08-19 21:14:21,2.65,8
venus-588430,2026-08-19 21:14:45,0.82,1
venus-588431,2026-08-19 21:16:34,0.87,1
venus-588432,2026-08-19 21:17:15,1.67,8
venus-588433,2026-08-19 21:17:40,607.95,24
venus-588434,2026-08-19 21:19:13,1.68,8
venus-588435,2026-08-19 21:21:07,1.83,8
venus-588436,2026-08-19 21:23:02,2.02,8
venus-588437,2026-08-19 21:24:34,1.08,1
venus-588438,2026-08-19 21:25:08,9.15,16
venus-588439,2026-08-19 21:25:10,2.2,8
venus-588440,2026-08-19 21:27:32,2.32,8
venus-588442,2026-08-19 21:28:30,6.28,16
venus-588443,2026-08-19 21:29:56,2.43,8
venus-588444,2026-08-19 21:30:12,7.3,4
venus-588445,2026-08-19 21:30:39,5.58,16
venus-588446,2026-08-19 21:32:35,2.62,8
venus-588447,2026-08-19 21:38:36,2.83,1
venus-588448,2026-08-19 21:39:23,7.33,4
venus-588449,2026-08-19 21:41:27,1.97,1
venus-588450,2026-08-19 21:42:14,0.2,8
venus-588451,2026-08-19 21:43:25,5.38,1
venus-588452,2026-08-19 21:43:26,0.03,4
venus-588453,2026-08-19 21:44:41,0.08,4
venus-588454,2026-08-19 21:45:14,0.22,4
venus-588455,2026-08-19 21:47:59,8.27,4
venus-588456,2026-08-19 21:48:48,1.43,1
venus-588457,2026-08-19 21:49:24,0.6,4
venus-588458,2026-08-19 21:51:44,2.38,1
venus-588459,2026-08-19 21:53:15,0.15,4
venus-588460,2026-08-19 21:53:29,0.53,4
venus-588461,2026-08-19 21:53:58,0.38,16
venus-588462,2026-08-19 21:54:08,10.62,1
venus-588463,2026-08-19 21:54:29,7.17,16
venus-588464,2026-08-19 21:55:05,0.55,4
venus-588465,2026-08-19 21:55:07,235.78,8
venus-588467,2026-08-19 21:57:06,146.98,8
venus-588468,2026-08-19 21:57:21,0.02,8
venus-588469,2026-08-19 21:57:31,5.73,8
venus-588471,2026-08-19 21:59:46,0.52,4
venus-588473,2026-08-19 22:02:38,282.62,16
venus-588476,2026-08-19 22:03:41,435.15,16
venus-588477,2026-08-19 22:03:52,5.92,8
venus-588478,2026-08-19 22:04:46,2.12,1
venus-588479,2026-08-19 22:07:06,2.47,1
venus-588480,2026-08-19 22:08:14,5.73,16
venus-588481,2026-08-19 22:09:35,2.18,1
venus-588482,2026-08-19 22:10:06,0.5,4
venus-588483,2026-08-19 22:10:08,6.73,8
venus-588484,2026-08-19 22:11:14,16.77,1
venus-588485,2026-08-19 22:11:47,2.7,1
venus-588486,2026-08-19 22:13:59,6.25,16
venus-588487,2026-08-19 22:14:40,2.68,1
venus-588488,2026-08-19 22:16:51,16.12,1
venus-588489,2026-08-19 22:17:21,2.9,1
venus-588490,2026-08-19 22:19:08,0.57,4
venus-588491,2026-08-19 22:19:36,2.83,8
venus-588492,2026-08-19 22:20:15,5.4,16
venus-588493,2026-08-19 22:21:15,16.58,1
venus-588494,2026-08-19 22:25:15,3.2,8
venus-588495,2026-08-19 22:25:40,5.32,16
venus-588496,2026-08-19 22:29:33,104.95,1
venus-588497,2026-08-19 22:31:00,6.08,16
venus-588498,2026-08-19 22:37:05,5.57,16
venus-588499,2026-08-19 22:42:39,5.65,16
venus-588500,2026-08-19 22:48:19,5.47,16
venus-588501,2026-08-19 22:53:47,5.42,16
venus-588502,2026-08-19 23:08:30,0.15,4
venus-588504,2026-08-19 23:10:28,0.15,4
venus-588505,2026-08-19 23:11:15,0.15,4
venus-588506,2026-08-19 23:12:01,43.53,8
venus-588507,2026-08-19 23:12:13,0.15,4
venus-588508,2026-08-19 23:14:22,0.12,4
venus-588509,2026-08-19 23:16:28,0.1,4
venus-588510,2026-08-19 23:18:07,0.12,4
venus-588511,2026-08-19 23:22:34,0.1,4
venus-588512,2026-08-19 23:24:54,0.03,4
venus-588513,2026-08-19 23:25:34,0.18,4
venus-588514,2026-08-19 23:25:59,0.18,4
venus-588515,2026-08-19 23:27:10,0.38,4
venus-588516,2026-08-19 23:30:49,0.62,8
venus-588517,2026-08-19 23:32:49,0.05,4
venus-588518,2026-08-19 23:33:02,0.15,4
venus-588519,2026-08-19 23:34:30,2.4,1
venus-588520,2026-08-19 23:34:39,2.32,1
venus-588521,2026-08-19 23:34:55,0.15,4
venus-588522,2026-08-19 23:34:58,2.07,1
venus-588523,2026-08-19 23:35:08,1.93,1
venus-588524,2026-08-19 23:35:20,1.77,1
venus-588525,2026-08-19 23:35:49,1.83,4
venus-588526,2026-08-19 23:35:54,1.28,1
venus-588527,2026-08-19 23:36:00,1.2,1
venus-588528,2026-08-19 23:36:05,1.17,1
venus-588529,2026-08-19 23:36:12,1.08,1
venus-588530,2026-08-19 23:36:31,0.8,1
venus-588531,2026-08-19 23:38:01,182.02,1
venus-588532,2026-08-19 23:38:13,210.72,1
venus-588533,2026-08-19 23:38:27,237.98,1
venus-588534,2026-08-19 23:38:33,180.55,1
venus-588535,2026-08-19 23:38:39,182.87,1
venus-588536,2026-08-19 23:39:08,237.03,1
venus-588537,2026-08-19 23:39:13,210.18,1
venus-588538,2026-08-19 23:39:28,153.35,1
venus-588539,2026-08-19 23:39:33,180.67,1
venus-588540,2026-08-19 23:39:48,181.13,1
venus-588541,2026-08-19 23:40:04,0.03,4
venus-588542,2026-08-19 23:40:40,0.05,4
venus-588543,2026-08-19 23:41:15,0.35,4
venus-588544,2026-08-19 23:46:17,0.68,8
venus-588545,2026-08-19 23:48:25,279.77,8
venus-588546,2026-08-19 23:48:32,0.62,4
venus-588547,2026-08-19 23:48:37,839.07,8
venus-588548,2026-08-19 23:49:39,229.17,16
venus-588549,2026-08-19 23:50:11,0.32,4
venus-588550,2026-08-19 23:51:29,1.33,4
venus-588551,2026-08-19 23:53:08,17.33,8
venus-588553,2026-08-20 00:12:53,0.25,32
venus-588554,2026-08-20 00:14:44,0.05,8
venus-588555,2026-08-20 00:15:06,0.57,8
venus-588556,2026-08-20 00:15:10,9.48,8
venus-588558,2026-08-20 00:17:38,566.33,8
venus-588559,2026-08-20 00:18:01,17.18,1
venus-588560,2026-08-20 00:22:38,0.15,1
venus-588561,2026-08-20 00:26:37,1.35,1
venus-588563,2026-08-20 00:27:48,0.15,1
venus-588564,2026-08-20 00:30:10,0.15,1
venus-588565,2026-08-20 00:31:59,29.55,1
venus-588567,2026-08-20 00:32:45,0.18,1
venus-588568,2026-08-20 00:32:52,16.52,1
venus-588569,2026-08-20 00:32:59,16.4,1
venus-588570,2026-08-20 00:35:13,0.17,1
venus-588572,2026-08-20 00:36:16,0.17,1
venus-588573,2026-08-20 00:37:35,1.47,1
venus-588574,2026-08-20 00:39:18,1.38,1
venus-588576,2026-08-20 00:50:19,292.98,8
venus-588579,2026-08-20 01:02:34,2.25,1
venus-588580,2026-08-20 01:03:55,0.23,1
venus-588581,2026-08-20 01:05:29,16.77,1
venus-588583,2026-08-20 01:06:16,0.68,1
venus-588584,2026-08-20 01:07:19,0.63,1
venus-588585,2026-08-20 01:08:22,1.35,1
venus-588586,2026-08-20 01:11:06,0.23,1
venus-588588,2026-08-20 01:12:11,0.8,1
venus-588590,2026-08-20 01:15:16,423.7,8
venus-588591,2026-08-20 01:16:07,1.3,1
venus-588592,2026-08-20 01:18:57,0.02,1
venus-588593,2026-08-20 01:19:02,2.87,1
venus-588594,2026-08-20 01:19:14,1.82,1
venus-588598,2026-08-20 01:26:27,1.68,1
venus-588599,2026-08-20 01:28:38,1.65,1
venus-588600,2026-08-20 01:30:42,1.63,1
venus-588601,2026-08-20 01:33:55,18.72,8
venus-588602,2026-08-20 01:34:22,1.63,1
venus-588604,2026-08-20 02:07:14,2.93,8
venus-588605,2026-08-20 02:16:31,3.02,8
venus-588606,2026-08-20 02:24:21,3.52,8
venus-588607,2026-08-20 02:25:14,16.5,1
venus-588608,2026-08-20 02:28:45,9.57,8
venus-588609,2026-08-20 02:43:00,3.92,8
venus-588610,2026-08-20 02:44:25,16.55,1
venus-588611,2026-08-20 02:45:41,12022.9,16
venus-588632,2026-08-20 02:47:05,8.48,8
venus-588633,2026-08-20 02:49:25,17.48,1
venus-588635,2026-08-20 02:56:02,0.12,1
venus-588636,2026-08-20 02:56:52,0.73,1
venus-588637,2026-08-20 02:57:39,5.8,1
venus-588638,2026-08-20 02:58:36,4.47,8
venus-588640,2026-08-20 03:03:53,24.2,1
venus-588641,2026-08-20 03:16:20,0.17,1
venus-588642,2026-08-20 03:17:10,0.43,1
venus-588643,2026-08-20 03:17:45,0.03,1
venus-588644,2026-08-20 03:18:07,0.13,1
venus-588645,2026-08-20 03:19:00,0.13,1
venus-588646,2026-08-20 03:19:30,0.15,1
venus-588647,2026-08-20 03:19:51,0.8,1
venus-588648,2026-08-20 03:20:18,0.37,1
venus-588649,2026-08-20 03:20:54,0.13,1
venus-588650,2026-08-20 03:21:18,0.25,1
venus-588651,2026-08-20 03:21:55,0.4,1
venus-588652,2026-08-20 03:22:43,0.87,1
venus-588653,2026-08-20 03:22:57,0.65,1
venus-588654,2026-08-20 03:23:31,0.35,1
venus-588655,2026-08-20 03:24:21,0.13,1
venus-588656,2026-08-20 03:24:54,0.15,1
venus-588657,2026-08-20 03:25:36,0.4,1
venus-588658,2026-08-20 03:26:07,0.15,1
venus-588659,2026-08-20 03:29:16,4.18,1
venus-588660,2026-08-20 03:29:23,0.13,1
venus-588661,2026-08-20 03:30:09,0.12,1
venus-588662,2026-08-20 03:30:41,0.12,1
venus-588663,2026-08-20 03:32:16,0.87,1
venus-588664,2026-08-20 03:33:29,4.05,1
venus-588665,2026-08-20 03:33:45,0.05,1
venus-588666,2026-08-20 03:33:58,0.02,1
venus-588667,2026-08-20 03:34:05,0.02,1
venus-588668,2026-08-20 03:34:15,3.75,1
venus-588669,2026-08-20 03:34:21,7.7,1
venus-588671,2026-08-20 03:35:59,1.67,1
venus-588672,2026-08-20 03:37:50,7.85,8
venus-588673,2026-08-20 03:37:55,7.77,8
venus-588674,2026-08-20 03:38:00,7.83,8
venus-588675,2026-08-20 03:38:49,294.62,16
venus-588676,2026-08-20 03:39:18,20.42,1
venus-588677,2026-08-20 03:51:39,0.15,8
venus-588678,2026-08-20 03:52:23,0.15,8
venus-588679,2026-08-20 03:54:17,0.15,8
venus-588680,2026-08-20 03:58:43,0.08,8
venus-588681,2026-08-20 04:00:31,22.45,1
venus-588682,2026-08-20 04:01:01,0.02,8
venus-588683,2026-08-20 04:01:04,1.05,8
venus-588684,2026-08-20 04:03:08,0.15,8
venus-588685,2026-08-20 04:04:03,7.63,8
venus-588686,2026-08-20 04:04:08,7.53,8
venus-588687,2026-08-20 04:04:16,7.43,8
venus-588688,2026-08-20 04:04:20,7.45,8
venus-588689,2026-08-20 04:04:38,7.08,8
venus-588690,2026-08-20 04:05:24,6.33,8
venus-588691,2026-08-20 04:05:38,6.13,8
venus-588692,2026-08-20 04:05:58,5.85,8
venus-588693,2026-08-20 04:12:04,6.15,8
venus-588694,2026-08-20 04:12:12,6.12,8
venus-588695,2026-08-20 04:12:17,6.07,8
venus-588696,2026-08-20 04:12:20,6.15,8
venus-588697,2026-08-20 04:12:25,6.18,8
venus-588698,2026-08-20 04:12:30,6.08,8
venus-588699,2026-08-20 04:12:34,6.13,8
venus-588700,2026-08-20 04:12:38,6.05,8
venus-588701,2026-08-20 04:25:57,21.47,1
venus-588702,2026-08-20 04:31:46,16.92,1
venus-588703,2026-08-20 04:40:35,0.15,8
venus-588704,2026-08-20 04:41:19,0.15,8
venus-588705,2026-08-20 04:42:24,0.2,8
venus-588706,2026-08-20 04:46:00,771.37,32
venus-588707,2026-08-20 04:48:02,13.93,1
venus-588708,2026-08-20 04:50:38,90.3,8
venus-588709,2026-08-20 04:50:41,90.37,8
venus-588710,2026-08-20 04:50:45,90.23,8
venus-588711,2026-08-20 04:50:50,90.25,8
venus-588712,2026-08-20 04:50:54,90.1,8
venus-588713,2026-08-20 04:50:58,90.13,8
venus-588714,2026-08-20 04:51:06,89.93,8
venus-588715,2026-08-20 04:51:13,89.88,8
venus-588716,2026-08-20 04:55:39,0.05,8
venus-588717,2026-08-20 04:56:01,0.13,8
venus-588719,2026-08-20 04:57:28,0.15,8
venus-588720,2026-08-20 05:00:59,0.13,8
venus-588721,2026-08-20 05:01:00,16.0,1
venus-588722,2026-08-20 05:01:55,16.0,1
venus-588724,2026-08-20 05:03:44,0.13,8
venus-588725,2026-08-20 05:11:43,0.2,8
venus-588726,2026-08-20 05:12:08,0.22,8
venus-588727,2026-08-20 05:12:31,0.2,8
venus-588728,2026-08-20 05:13:10,0.23,8
venus-588729,2026-08-20 05:17:36,5.2,8
venus-588730,2026-08-20 05:23:49,879.4,8
venus-588731,2026-08-20 05:33:27,0.25,8
venus-588732,2026-08-20 05:42:28,0.23,8
venus-588733,2026-08-20 06:05:46,0.23,8
venus-588735,2026-08-20 06:12:09,4.02,8
venus-588736,2026-08-20 06:13:09,0.23,8
venus-588737,2026-08-20 06:16:41,3.88,8
venus-588738,2026-08-20 06:21:11,22.08,8
venus-588739,2026-08-20 06:21:13,22.08,8
venus-588740,2026-08-20 06:21:14,22.08,8
venus-588741,2026-08-20 06:21:15,22.1,8
venus-588742,2026-08-20 06:21:17,22.1,8
venus-588743,2026-08-20 06:21:18,22.1,8
venus-588744,2026-08-20 06:21:20,22.1,8
venus-588745,2026-08-20 06:21:21,22.13,8
venus-588747,2026-08-20 06:25:11,6.32,1
venus-588748,2026-08-20 06:31:30,0.25,8
venus-588749,2026-08-20 06:31:52,3.37,1
venus-588750,2026-08-20 06:35:39,3.55,1
venus-588751,2026-08-20 06:38:42,16.75,1
venus-588753,2026-08-20 06:40:12,11.55,1
venus-588754,2026-08-20 06:43:45,376.13,8
venus-588755,2026-08-20 06:43:48,0.03,8
venus-588756,2026-08-20 06:43:53,376.08,8
venus-588757,2026-08-20 06:43:55,376.08,8
venus-588758,2026-08-20 06:43:57,376.07,8
venus-588759,2026-08-20 06:43:58,375.95,8
venus-588760,2026-08-20 06:44:01,375.93,8
venus-588761,2026-08-20 06:44:03,376.0,8
venus-588762,2026-08-20 06:44:08,375.77,8
venus-588763,2026-08-20 06:46:17,0.25,8
venus-588764,2026-08-20 06:46:43,0.03,8
venus-588765,2026-08-20 06:47:20,0.25,8
venus-588766,2026-08-20 06:51:48,3.13,1
venus-588767,2026-08-20 06:55:23,9.97,1
venus-588768,2026-08-20 07:03:25,0.25,8
venus-588769,2026-08-20 07:05:22,6.02,1
venus-588770,2026-08-20 07:11:25,2.23,1
venus-588771,2026-08-20 07:12:01,16.9,1
venus-588772,2026-08-20 07:12:57,15.97,1
venus-588773,2026-08-20 07:13:40,4.53,1
venus-588774,2026-08-20 07:18:41,2.53,1
venus-588775,2026-08-20 07:21:26,99.67,8
venus-588798,2026-08-20 07:25:37,3.05,8
venus-588799,2026-08-20 07:25:43,0.17,56
venus-588800,2026-08-20 07:25:52,2.13,8
venus-588801,2026-08-20 07:26:03,3.95,48
venus-588807,2026-08-20 07:28:03,1.88,8
venus-588808,2026-08-20 07:28:40,4.43,2
venus-588809,2026-08-20 07:29:04,235.15,8
venus-588810,2026-08-20 07:29:56,30.68,32
venus-588811,2026-08-20 07:30:05,30.62,24
venus-588812,2026-08-20 07:33:25,2.93,8
venus-588813,2026-08-20 07:36:22,4.15,2
venus-588814,2026-08-20 07:40:33,3.33,8
venus-588815,2026-08-20 07:43:54,3.73,1
venus-588816,2026-08-20 08:00:42,1.32,4
venus-588817,2026-08-20 08:00:47,1.27,48
venus-588818,2026-08-20 08:02:03,1.15,1
venus-588819,2026-08-20 08:02:08,0.08,56
venus-588820,2026-08-20 08:02:10,2.03,8
venus-588821,2026-08-20 08:02:23,5.05,48
venus-588822,2026-08-20 08:03:26,8.97,8
venus-588823,2026-08-20 08:04:17,1.93,8
venus-588824,2026-08-20 08:06:14,1.2,4
venus-588825,2026-08-20 08:07:31,0.08,56
venus-588826,2026-08-20 08:07:34,1.83,8
venus-588827,2026-08-20 08:07:46,3.53,48
venus-588828,2026-08-20 08:09:27,1.8,8
venus-588829,2026-08-20 08:11:15,4.73,32
venus-588830,2026-08-20 08:11:24,6.98,24
venus-588831,2026-08-20 08:13:29,3.27,1
venus-588832,2026-08-20 08:16:03,2.32,32
venus-588833,2026-08-20 08:17:44,0.17,1
venus-588834,2026-08-20 08:18:07,3.68,1
venus-588835,2026-08-20 08:18:22,0.77,8
venus-588836,2026-08-20 08:18:28,0.67,48
venus-588837,2026-08-20 08:19:13,0.08,56
venus-588838,2026-08-20 08:19:16,7.55,32
venus-588839,2026-08-20 08:19:28,7.4,24
venus-588840,2026-08-20 08:23:54,6.53,1
venus-588841,2026-08-20 08:26:52,2.9,8
venus-588842,2026-08-20 08:26:57,2.87,48
venus-588843,2026-08-20 08:29:54,0.08,56
venus-588844,2026-08-20 08:29:55,11.22,8
venus-588845,2026-08-20 08:30:09,11.12,48
venus-588846,2026-08-20 08:31:12,7.92,1
venus-588847,2026-08-20 08:33:27,230.5,16
venus-588849,2026-08-20 08:41:21,0.08,56
venus-588850,2026-08-20 08:41:24,31.05,32
venus-588851,2026-08-20 08:41:32,0.03,8
venus-588852,2026-08-20 08:41:36,30.95,24
venus-588853,2026-08-20 08:41:54,2.55,8
venus-588854,2026-08-20 08:42:30,0.02,8
venus-588866,2026-08-20 08:44:56,2.48,1
venus-588867,2026-08-20 08:48:24,4.6,1
venus-588868,2026-08-20 08:50:29,16.75,1
venus-588869,2026-08-20 08:53:46,6.28,8
venus-588870,2026-08-20 09:00:28,1093.92,8
venus-588871,2026-08-20 09:05:58,45.87,8
venus-588872,2026-08-20 09:12:30,92.45,8
venus-588873,2026-08-20 09:12:38,41.22,48
venus-588874,2026-08-20 09:13:45,2.48,8
venus-588875,2026-08-20 09:28:56,17.5,1
venus-588876,2026-08-20 09:28:56,17.5,1
venus-588879,2026-08-20 09:44:58,0.3,1
venus-588880,2026-08-20 09:46:18,1.28,1
venus-588881,2026-08-20 09:46:18,1.28,1
venus-588882,2026-08-20 09:46:18,1.28,1
venus-588883,2026-08-20 09:46:18,1.28,1
venus-588884,2026-08-20 09:46:18,1.28,1
venus-588885,2026-08-20 09:46:18,1.28,1
venus-588886,2026-08-20 09:46:18,1.28,1
venus-588887,2026-08-20 09:46:18,1.27,1
venus-588888,2026-08-20 09:47:34,2.85,1
venus-588889,2026-08-20 09:47:35,2.83,1
venus-588890,2026-08-20 09:47:35,2.83,1
venus-588891,2026-08-20 09:47:35,2.83,1
venus-588892,2026-08-20 09:47:35,2.83,1
venus-588893,2026-08-20 09:47:35,2.83,1
venus-588894,2026-08-20 09:47:35,2.83,1
venus-588895,2026-08-20 09:47:35,2.83,1
venus-588896,2026-08-20 09:47:47,0.22,1
venus-588897,2026-08-20 09:48:22,2.05,1
venus-588898,2026-08-20 09:48:22,2.05,1
venus-588899,2026-08-20 09:48:22,2.05,1
venus-588900,2026-08-20 09:48:22,2.05,1
venus-588901,2026-08-20 09:48:22,2.05,1
venus-588902,2026-08-20 09:48:22,2.05,1
venus-588903,2026-08-20 09:48:22,2.05,1
venus-588905,2026-08-20 09:50:42,0.2,1
venus-588906,2026-08-20 09:50:45,37.33,1
venus-588907,2026-08-20 09:50:45,37.32,1
venus-588908,2026-08-20 09:50:45,37.32,1
venus-588909,2026-08-20 09:50:45,37.32,1
venus-588910,2026-08-20 09:50:45,37.32,1
venus-588911,2026-08-20 09:50:45,37.32,1
venus-588912,2026-08-20 09:50:45,37.32,1
venus-588913,2026-08-20 09:50:45,10.42,1
venus-588914,2026-08-20 09:53:46,1.95,8
venus-588915,2026-08-20 09:54:01,1.93,40
venus-588916,2026-08-20 09:55:21,0.37,1
venus-588917,2026-08-20 09:56:02,2.87,48
venus-588918,2026-08-20 09:57:08,575.1,2
venus-588919,2026-08-20 09:57:17,0.12,1
venus-588920,2026-08-20 09:57:29,3.35,1
venus-588921,2026-08-20 09:58:51,2.63,8
venus-588922,2026-08-20 09:59:04,2.95,40
venus-588923,2026-08-20 09:59:04,82.83,2
venus-588925,2026-08-20 09:59:53,0.92,1
venus-588926,2026-08-20 10:01:10,8.05,1
venus-588927,2026-08-20 10:01:21,6.05,1
venus-588928,2026-08-20 10:01:26,5.97,1
venus-588929,2026-08-20 10:01:36,0.32,8
venus-588930,2026-08-20 10:01:57,0.05,48
venus-588931,2026-08-20 10:02:05,0.12,8
venus-588932,2026-08-20 10:02:16,7.32,48
venus-588933,2026-08-20 10:02:30,135.35,1
venus-588934,2026-08-20 10:03:31,1.05,8
venus-588935,2026-08-20 10:05:14,0.12,1
venus-588936,2026-08-20 10:05:27,1.95,1
venus-588937,2026-08-20 10:06:33,59.7,8
venus-588939,2026-08-20 10:08:59,1.72,8
venus-588940,2026-08-20 10:09:13,8.43,1
venus-588941,2026-08-20 10:09:31,5.9,48
venus-588942,2026-08-20 10:11:54,16.38,8
venus-588943,2026-08-20 10:12:35,0.9,1
venus-588944,2026-08-20 10:14:12,0.93,1
venus-588945,2026-08-20 10:15:27,772.7,1
venus-588946,2026-08-20 10:15:30,2.02,8
venus-588947,2026-08-20 10:15:37,1.93,40
venus-588951,2026-08-20 10:17:31,5.45,48
venus-588955,2026-08-20 10:17:40,8.1,1
venus-588962,2026-08-20 10:19:17,0.23,1
venus-588963,2026-08-20 10:19:19,0.2,1
venus-588964,2026-08-20 10:19:21,0.17,1
venus-588965,2026-08-20 10:20:01,27.85,1
venus-588966,2026-08-20 10:20:06,24.25,1
venus-588967,2026-08-20 10:20:08,24.27,1
venus-588968,2026-08-20 10:20:09,4334.05,1
venus-588969,2026-08-20 10:23:02,10.57,8
venus-588970,2026-08-20 10:23:04,0.95,1
venus-588971,2026-08-20 10:23:10,10.52,40
venus-588972,2026-08-20 10:25:46,8.02,1
venus-588973,2026-08-20 10:26:18,0.97,1
venus-588974,2026-08-20 10:27:30,0.95,1
venus-588975,2026-08-20 10:28:04,20.78,1
venus-588976,2026-08-20 10:28:04,20.77,1
venus-588977,2026-08-20 10:28:04,20.77,1
venus-588978,2026-08-20 10:28:04,20.78,1
venus-588980,2026-08-20 10:29:53,0.95,1
venus-588981,2026-08-20 10:31:08,3.28,1
venus-588982,2026-08-20 10:33:22,33.15,1
venus-588983,2026-08-20 10:33:46,4.12,48
venus-588984,2026-08-20 10:36:30,33.03,1
venus-588985,2026-08-20 10:37:02,29.75,1
venus-588986,2026-08-20 10:37:27,26.17,1
venus-588987,2026-08-20 10:37:42,19.68,4
venus-588988,2026-08-20 10:37:44,32.58,1
venus-588989,2026-08-20 10:37:52,1.27,4
venus-588990,2026-08-20 10:38:03,1.18,40
venus-588991,2026-08-20 10:38:45,43.9,1
venus-588992,2026-08-20 10:38:52,0.22,8
venus-588993,2026-08-20 10:39:19,0.08,48
venus-588994,2026-08-20 10:39:19,20.32,1
venus-588995,2026-08-20 10:39:20,1.35,4
venus-588996,2026-08-20 10:39:34,1.27,40
venus-588997,2026-08-20 10:39:50,21.98,1
venus-589000,2026-08-20 10:40:38,14.77,1
venus-589001,2026-08-20 10:40:55,0.08,48
venus-589002,2026-08-20 10:40:56,0.8,8
venus-589003,2026-08-20 10:40:58,12.92,8
venus-589004,2026-08-20 10:40:58,40.57,1
venus-589005,2026-08-20 10:41:10,0.67,40
venus-589006,2026-08-20 10:41:13,26.65,1
venus-589008,2026-08-20 10:41:55,0.08,48
venus-589009,2026-08-20 10:41:58,1.77,8
venus-589010,2026-08-20 10:42:10,1.68,40
venus-589011,2026-08-20 10:42:18,3.18,16
venus-589019,2026-08-20 10:43:56,0.18,48
venus-589020,2026-08-20 10:44:05,1.85,8
venus-589021,2026-08-20 10:44:17,0.75,40
venus-589023,2026-08-20 10:45:04,10.33,8
venus-589024,2026-08-20 10:45:07,2.7,40
venus-589027,2026-08-20 10:45:51,0.8,16
venus-589028,2026-08-20 10:46:00,1.8,8
venus-589030,2026-08-20 10:47:02,2.45,8
venus-589031,2026-08-20 10:47:48,4.57,48
venus-589034,2026-08-20 10:50:45,0.18,1
venus-589035,2026-08-20 10:50:56,0.02,8
venus-589036,2026-08-20 10:52:15,1.55,8
venus-589037,2026-08-20 10:52:17,1.45,8
venus-589038,2026-08-20 10:52:25,0.47,4
venus-589039,2026-08-20 10:52:30,0.43,40
venus-589040,2026-08-20 10:53:01,0.08,48
venus-589041,2026-08-20 10:53:02,1.97,8
venus-589042,2026-08-20 10:53:16,2.18,40
venus-589043,2026-08-20 10:54:23,0.27,1
venus-589044,2026-08-20 10:54:59,6.17,8
venus-589045,2026-08-20 10:55:01,6.22,8
venus-589046,2026-08-20 10:55:06,1.7,8
venus-589047,2026-08-20 10:55:31,0.4,4
venus-589048,2026-08-20 10:55:32,0.42,40
venus-589049,2026-08-20 10:55:42,86.78,1
venus-589050,2026-08-20 10:56:01,1.78,8
venus-589051,2026-08-20 10:56:02,0.77,40
venus-589052,2026-08-20 10:56:48,0.48,48
venus-589055,2026-08-20 10:57:15,17.05,1
venus-589056,2026-08-20 10:57:19,37.13,1
venus-589057,2026-08-20 10:57:19,37.13,1
venus-589058,2026-08-20 10:57:19,37.13,1
venus-589059,2026-08-20 10:57:19,37.13,1
venus-589060,2026-08-20 10:57:19,37.13,1
venus-589061,2026-08-20 10:57:19,37.22,1
venus-589062,2026-08-20 10:57:19,37.13,1
venus-589063,2026-08-20 10:57:19,8.02,1
venus-589064,2026-08-20 10:57:24,340.68,4
venus-589065,2026-08-20 10:57:28,0.42,48
venus-589066,2026-08-20 10:57:49,6.43,32
venus-589067,2026-08-20 10:57:58,6.4,24
venus-589068,2026-08-20 10:58:23,361.08,8
venus-589074,2026-08-20 11:00:23,32.27,1
venus-589075,2026-08-20 11:01:16,63.97,1
venus-589076,2026-08-20 11:01:31,282.83,8
venus-589077,2026-08-20 11:02:20,10.33,8
venus-589078,2026-08-20 11:02:23,6.3,8
venus-589079,2026-08-20 11:02:23,0.1,1
venus-589080,2026-08-20 11:02:45,4.3,1
venus-589081,2026-08-20 11:04:20,0.52,4
venus-589082,2026-08-20 11:04:27,0.42,48
venus-589083,2026-08-20 11:04:57,0.08,56
venus-589084,2026-08-20 11:04:58,1.97,8
venus-589085,2026-08-20 11:05:12,3.62,48
venus-589086,2026-08-20 11:07:01,1.75,8
venus-589087,2026-08-20 11:08:47,4.18,32
venus-589088,2026-08-20 11:08:54,4.13,24
venus-589089,2026-08-20 11:09:37,83.68,1
venus-589090,2026-08-20 11:09:45,3.53,1
venus-589091,2026-08-20 11:10:17,87.37,1
venus-589092,2026-08-20 11:10:32,59.25,1
venus-589093,2026-08-20 11:10:44,102.97,1
venus-589094,2026-08-20 11:10:51,85.2,1
venus-589095,2026-08-20 11:11:03,50.68,1
venus-589096,2026-08-20 11:11:20,60.6,1
venus-589097,2026-08-20 11:11:44,64.62,1
venus-589098,2026-08-20 11:12:02,34.88,1
venus-589099,2026-08-20 11:12:34,1.22,8
venus-589100,2026-08-20 11:12:45,1.07,8
venus-589101,2026-08-20 11:13:01,0.4,4
venus-589102,2026-08-20 11:13:07,0.33,48
venus-589103,2026-08-20 11:13:32,1.85,8
venus-589104,2026-08-20 11:13:32,4.88,48
venus-589105,2026-08-20 11:15:24,1.78,8
venus-589106,2026-08-20 11:15:35,16.02,8
venus-589107,2026-08-20 11:15:37,15.45,8
venus-589108,2026-08-20 11:15:50,26.97,8
venus-589111,2026-08-20 11:17:11,1.2,4
venus-589117,2026-08-20 11:18:30,0.58,56
venus-589119,2026-08-20 11:19:00,1.82,8
venus-589120,2026-08-20 11:19:15,4.88,48
venus-589121,2026-08-20 11:20:05,0.22,1
venus-589122,2026-08-20 11:20:55,1.85,8
venus-589123,2026-08-20 11:21:05,93.27,1
venus-589127,2026-08-20 11:22:01,0.15,16
venus-589128,2026-08-20 11:22:29,100.67,2
venus-589129,2026-08-20 11:22:47,1.28,4
venus-589130,2026-08-20 11:24:13,1.93,8
venus-589132,2026-08-20 11:24:23,3.62,48
venus-589133,2026-08-20 11:26:06,2.45,16
venus-589134,2026-08-20 11:26:10,1.83,8
venus-589135,2026-08-20 11:28:00,1.48,4
venus-589138,2026-08-20 11:28:05,1.43,48
venus-589139,2026-08-20 11:29:36,0.08,56
venus-589140,2026-08-20 11:29:38,1.9,8
venus-589141,2026-08-20 11:29:47,1.97,16
venus-589142,2026-08-20 11:29:51,4.88,48
venus-589143,2026-08-20 11:29:57,13.75,16
venus-589144,2026-08-20 11:31:37,1.88,8
venus-589145,2026-08-20 11:31:40,1.6,8
venus-589146,2026-08-20 11:31:42,1.55,8
venus-589147,2026-08-20 11:33:31,1.17,4
venus-589148,2026-08-20 11:33:50,0.02,8
venus-589150,2026-08-20 11:34:38,224.62,8
venus-589151,2026-08-20 11:34:43,224.52,8
venus-589152,2026-08-20 11:34:49,0.08,56
venus-589153,2026-08-20 11:34:49,1.92,8
venus-589154,2026-08-20 11:35:04,1.77,48
venus-589155,2026-08-20 11:36:50,1.97,8
venus-589156,2026-08-20 11:36:55,3.2,48
venus-589157,2026-08-20 11:37:03,37.17,1
venus-589158,2026-08-20 11:37:14,9140.45,16
venus-589159,2026-08-20 11:38:48,1.28,4
venus-589160,2026-08-20 11:39:09,2.08,8
venus-589161,2026-08-20 11:40:12,0.08,56
venus-589162,2026-08-20 11:40:15,2.13,8
venus-589163,2026-08-20 11:40:27,5.38,48
venus-589164,2026-08-20 11:40:47,0.02,8
venus-589165,2026-08-20 11:41:14,210.97,2
venus-589166,2026-08-20 11:41:28,17.9,1
venus-589167,2026-08-20 11:41:28,17.9,1
venus-589168,2026-08-20 11:42:00,10.65,1
venus-589169,2026-08-20 11:42:06,3.47,1
venus-589170,2026-08-20 11:42:26,1.93,8
venus-589171,2026-08-20 11:42:54,13688.42,8
venus-589172,2026-08-20 11:42:58,47.93,1
venus-589173,2026-08-20 11:43:21,44.87,1
venus-589174,2026-08-20 11:44:15,0.5,16
venus-589175,2026-08-20 11:44:22,1.43,4
venus-589176,2026-08-20 11:45:42,0.02,1
venus-589177,2026-08-20 11:45:46,3.43,1
venus-589178,2026-08-20 11:45:55,0.08,56
venus-589179,2026-08-20 11:45:56,1.82,8
venus-589180,2026-08-20 11:46:03,0.52,16
venus-589181,2026-08-20 11:46:10,4.8,48
venus-589182,2026-08-20 11:47:50,1.78,8
venus-589183,2026-08-20 11:48:49,0.5,16
venus-589184,2026-08-20 11:49:37,1.28,4
venus-589185,2026-08-20 11:49:41,0.02,16
venus-589186,2026-08-20 11:49:45,1.98,16
venus-589187,2026-08-20 11:49:53,3.73,1
venus-589188,2026-08-20 11:51:03,4.07,32
venus-589189,2026-08-20 11:51:03,4.12,24
venus-589190,2026-08-20 11:55:03,0.05,4
venus-589191,2026-08-20 11:55:07,0.52,8
venus-589192,2026-08-20 11:55:16,0.42,48
venus-589193,2026-08-20 11:55:23,32.17,1
venus-589194,2026-08-20 11:55:23,32.17,1
venus-589195,2026-08-20 11:55:23,32.17,1
venus-589196,2026-08-20 11:55:23,32.17,1
venus-589197,2026-08-20 11:55:23,32.17,1
venus-589198,2026-08-20 11:55:23,32.17,1
venus-589199,2026-08-20 11:55:46,4.82,32
venus-589200,2026-08-20 11:55:46,4.88,24
venus-589201,2026-08-20 12:00:28,0.13,4
venus-589202,2026-08-20 12:00:35,1.17,8
venus-589203,2026-08-20 12:00:44,1.08,48
venus-589204,2026-08-20 12:01:54,0.08,56
venus-589205,2026-08-20 12:01:55,4.32,32
venus-589206,2026-08-20 12:02:09,4.22,24
venus-589207,2026-08-20 12:06:19,0.43,8
venus-589208,2026-08-20 12:06:27,0.33,48
venus-589209,2026-08-20 12:06:34,0.17,4
venus-589210,2026-08-20 12:06:51,2.9,8
venus-589211,2026-08-20 12:06:52,2.95,48
venus-589212,2026-08-20 12:07:22,0.15,4
venus-589213,2026-08-20 12:09:36,1.1,4
venus-589214,2026-08-20 12:09:54,0.08,56
venus-589215,2026-08-20 12:09:54,2.9,8
venus-589216,2026-08-20 12:10:09,2.78,48
venus-589217,2026-08-20 12:10:44,4.68,4
venus-589218,2026-08-20 12:13:01,0.08,56
venus-589219,2026-08-20 12:13:04,2.93,8
venus-589220,2026-08-20 12:13:16,2.87,48
venus-589221,2026-08-20 12:14:15,1.63,1
venus-589222,2026-08-20 12:15:40,0.23,4
venus-589223,2026-08-20 12:16:12,2.92,8
venus-589224,2026-08-20 12:16:13,2.93,48
venus-589225,2026-08-20 12:16:21,1.73,1
venus-589226,2026-08-20 12:18:36,7.02,1
venus-589227,2026-08-20 12:19:14,0.08,56
venus-589228,2026-08-20 12:19:16,2.97,8
venus-589229,2026-08-20 12:19:29,2.87,48
venus-589230,2026-08-20 12:21:27,0.05,1
venus-589231,2026-08-20 12:21:55,4.38,1
venus-589232,2026-08-20 12:21:58,0.27,4
venus-589233,2026-08-20 12:22:26,0.08,56
venus-589234,2026-08-20 12:22:27,2.98,8
venus-589235,2026-08-20 12:22:41,2.87,48
venus-589236,2026-08-20 12:22:48,7.63,1
venus-589237,2026-08-20 12:23:27,0.35,4
venus-589238,2026-08-20 12:23:27,0.08,1
venus-589239,2026-08-20 12:23:43,66.97,1
venus-589240,2026-08-20 12:23:58,224.8,16
venus-589241,2026-08-20 12:24:25,0.25,4
venus-589242,2026-08-20 12:24:58,0.23,4
venus-589243,2026-08-20 12:25:37,2.13,1
venus-589244,2026-08-20 12:25:38,0.08,56
venus-589245,2026-08-20 12:25:40,2.88,8
venus-589246,2026-08-20 12:25:53,2.78,48
venus-589247,2026-08-20 12:26:45,0.4,4
venus-589248,2026-08-20 12:27:11,272.83,4
venus-589250,2026-08-20 12:28:45,38.28,56
venus-589251,2026-08-20 12:31:13,10.1,1
venus-589258,2026-08-20 12:47:00,0.22,8
venus-589260,2026-08-20 12:48:06,137.65,1
venus-589261,2026-08-20 12:48:45,235.4,1
venus-589262,2026-08-20 12:51:18,0.2,8
venus-589263,2026-08-20 12:54:03,0.25,8
venus-589264,2026-08-20 12:54:47,0.58,8
venus-589265,2026-08-20 12:55:28,69.42,1
venus-589266,2026-08-20 12:55:34,51.32,1
venus-589267,2026-08-20 12:58:11,37.02,1
venus-589268,2026-08-20 12:58:11,37.08,1
venus-589269,2026-08-20 12:58:11,37.02,1
venus-589270,2026-08-20 12:58:11,37.05,1
venus-589271,2026-08-20 12:58:11,37.12,1
venus-589272,2026-08-20 12:58:11,37.03,1
venus-589273,2026-08-20 12:58:11,37.05,1
venus-589274,2026-08-20 12:58:11,8.23,1
venus-589275,2026-08-20 13:01:13,0.6,8
venus-589276,2026-08-20 13:01:36,0.43,1
venus-589277,2026-08-20 13:02:03,7.05,1
venus-589278,2026-08-20 13:04:17,0.58,8
venus-589279,2026-08-20 13:04:20,17.15,1
venus-589280,2026-08-20 13:05:14,68.75,2
venus-589281,2026-08-20 13:06:25,8.57,1
venus-589282,2026-08-20 13:07:07,0.33,88
venus-589283,2026-08-20 13:07:16,0.25,8
venus-589284,2026-08-20 13:07:26,2.13,8
venus-589285,2026-08-20 13:07:37,3.88,80
venus-589286,2026-08-20 13:07:56,0.6,8
venus-589287,2026-08-20 13:09:09,7.63,1
venus-589288,2026-08-20 13:09:36,1.88,8
venus-589289,2026-08-20 13:10:04,1.38,8
venus-589290,2026-08-20 13:11:30,22.3,48
venus-589291,2026-08-20 13:11:35,22.3,40
venus-589292,2026-08-20 13:12:21,0.57,8
venus-589293,2026-08-20 13:14:59,8.33,1
venus-589294,2026-08-20 13:16:47,1.93,1
venus-589295,2026-08-20 13:16:55,1.83,8
venus-589296,2026-08-20 13:18:31,0.08,8
venus-589297,2026-08-20 13:18:58,0.55,8
venus-589298,2026-08-20 13:19:48,0.37,8
venus-589299,2026-08-20 13:20:39,0.35,8
venus-589300,2026-08-20 13:22:18,0.58,8
venus-589301,2026-08-20 13:23:19,8.22,1
venus-589302,2026-08-20 13:24:05,5.7,8
venus-589303,2026-08-20 13:25:45,0.03,8
venus-589305,2026-08-20 13:26:09,0.07,8
venus-589306,2026-08-20 13:26:33,0.07,8
venus-589307,2026-08-20 13:27:15,0.07,8
venus-589308,2026-08-20 13:28:51,6.85,8
venus-589309,2026-08-20 13:28:54,0.33,8
venus-589310,2026-08-20 13:29:07,5.65,8
venus-589311,2026-08-20 13:31:33,8.22,1
venus-589312,2026-08-20 13:33:48,1.4,4
venus-589313,2026-08-20 13:33:58,1.25,80
venus-589314,2026-08-20 13:35:12,20.67,1
venus-589315,2026-08-20 13:35:12,20.67,1
venus-589316,2026-08-20 13:35:14,20.63,1
venus-589317,2026-08-20 13:35:14,20.63,1
venus-589318,2026-08-20 13:35:19,0.08,88
venus-589319,2026-08-20 13:35:22,1.9,8
venus-589320,2026-08-20 13:35:34,4.97,80
venus-589321,2026-08-20 13:37:20,1.83,8
venus-589322,2026-08-20 13:39:10,1.32,4
venus-589323,2026-08-20 13:40:37,0.08,88
venus-589324,2026-08-20 13:40:38,1.82,8
venus-589325,2026-08-20 13:40:52,3.62,80
venus-589326,2026-08-20 13:42:22,0.17,8
venus-589327,2026-08-20 13:42:33,1.92,8
venus-589328,2026-08-20 13:42:47,0.23,8
venus-589329,2026-08-20 13:43:53,0.77,8
venus-589330,2026-08-20 13:44:28,3.83,48
venus-589331,2026-08-20 13:44:34,8.25,40
venus-589332,2026-08-20 13:45:01,8.65,8
venus-589333,2026-08-20 13:45:36,15.85,8
venus-589334,2026-08-20 13:45:48,15.68,8
venus-589335,2026-08-20 13:45:53,15.62,8
venus-589336,2026-08-20 13:48:20,4.42,48
venus-589337,2026-08-20 13:52:45,0.9,8
venus-589338,2026-08-20 13:52:54,0.75,80
venus-589339,2026-08-20 13:53:44,0.08,88
venus-589340,2026-08-20 13:53:47,5.83,48
venus-589341,2026-08-20 13:53:59,5.73,40
venus-589342,2026-08-20 13:54:01,0.08,1
venus-589343,2026-08-20 13:54:24,16.75,1
venus-589345,2026-08-20 13:55:54,2.5,8
venus-589346,2026-08-20 13:57:31,0.73,1
venus-589347,2026-08-20 13:58:42,0.13,8
venus-589348,2026-08-20 13:59:02,0.37,8
venus-589349,2026-08-20 13:59:24,17.23,1
venus-589350,2026-08-20 13:59:40,0.27,8
venus-589351,2026-08-20 13:59:40,2.88,8
venus-589352,2026-08-20 13:59:48,2.77,80
venus-589353,2026-08-20 14:00:04,0.08,1
venus-589354,2026-08-20 14:00:08,0.4,8
venus-589355,2026-08-20 14:00:18,0.93,1
venus-589356,2026-08-20 14:00:42,0.42,8
venus-589357,2026-08-20 14:02:11,3.58,1
venus-589358,2026-08-20 14:02:22,3.45,1
venus-589359,2026-08-20 14:02:29,0.05,8
venus-589360,2026-08-20 14:02:35,7.42,8
venus-589361,2026-08-20 14:02:39,0.08,88
venus-589362,2026-08-20 14:02:44,11.25,8
venus-589363,2026-08-20 14:02:54,10.7,80
venus-589364,2026-08-20 14:04:02,0.65,8
venus-589365,2026-08-20 14:05:06,0.22,8
venus-589366,2026-08-20 14:05:23,13.83,16
venus-589367,2026-08-20 14:05:26,0.08,8
venus-589368,2026-08-20 14:06:32,0.1,8
venus-589369,2026-08-20 14:07:02,0.02,8
venus-589370,2026-08-20 14:07:28,0.1,8
venus-589371,2026-08-20 14:08:17,0.07,8
venus-589372,2026-08-20 14:08:28,0.12,8
venus-589373,2026-08-20 14:09:02,7.78,8
venus-589374,2026-08-20 14:09:19,3.65,1
venus-589376,2026-08-20 14:13:30,59.97,80
venus-589377,2026-08-20 14:14:06,53.27,8
venus-589378,2026-08-20 14:14:08,19.83,48
venus-589379,2026-08-20 14:14:13,590.43,2
venus-589380,2026-08-20 14:18:15,7.77,8
venus-589381,2026-08-20 14:18:35,7.87,8
venus-589382,2026-08-20 14:18:44,7.82,8
venus-589383,2026-08-20 14:20:45,0.05,16
venus-589384,2026-08-20 14:21:10,2.35,16
venus-589385,2026-08-20 14:22:38,3.05,1
venus-589386,2026-08-20 14:26:07,0.12,8
venus-589387,2026-08-20 14:26:45,0.02,8
venus-589388,2026-08-20 14:27:06,0.12,8
venus-589389,2026-08-20 14:30:54,0.2,8
venus-589390,2026-08-20 14:39:42,655.33,32
venus-589391,2026-08-20 14:48:58,0.5,1
venus-589392,2026-08-20 14:50:37,48.52,8
venus-589393,2026-08-20 14:53:47,3.67,1
venus-589394,2026-08-20 14:53:51,13.83,16
venus-589395,2026-08-20 14:55:38,0.02,8
venus-589396,2026-08-20 15:01:16,28.0,1
venus-589397,2026-08-20 15:01:22,27.98,1
venus-589398,2026-08-20 15:01:27,27.97,1
venus-589399,2026-08-20 15:07:17,4.42,8
venus-589400,2026-08-20 15:09:06,1.97,16
venus-589401,2026-08-20 15:11:31,17.5,1
venus-589402,2026-08-20 15:11:57,0.15,8
venus-589404,2026-08-20 15:12:13,1.43,8
venus-589405,2026-08-20 15:12:15,13.8,2
venus-589410,2026-08-20 15:13:44,0.25,16
venus-589414,2026-08-20 15:14:04,19.78,40
venus-589415,2026-08-20 15:18:31,0.58,8
venus-589416,2026-08-20 15:18:40,0.58,8
venus-589417,2026-08-20 15:18:42,0.6,8
venus-589418,2026-08-20 15:19:20,13.45,80
venus-589419,2026-08-20 15:19:58,3.85,16
venus-589421,2026-08-20 15:20:56,0.32,8
venus-589422,2026-08-20 15:21:01,0.2,8
venus-589423,2026-08-20 15:21:09,0.05,8
venus-589424,2026-08-20 15:21:30,31.13,8
venus-589425,2026-08-20 15:21:35,31.57,8
venus-589426,2026-08-20 15:21:40,31.52,8
venus-589427,2026-08-20 15:22:42,0.02,8
venus-589428,2026-08-20 15:23:55,16.13,16
venus-589429,2026-08-20 15:26:08,42.73,2
venus-589430,2026-08-20 15:27:47,1289.3,8
venus-589431,2026-08-20 15:28:00,977.27,8
venus-589432,2026-08-20 15:28:05,974.57,8
venus-589433,2026-08-20 15:28:07,3094.68,8
venus-589434,2026-08-20 15:29:17,2550.4,1
venus-589435,2026-08-20 15:29:22,2550.3,1
venus-589436,2026-08-20 15:29:27,2550.23,1
venus-589438,2026-08-20 15:33:46,94.48,8
venus-589439,2026-08-20 15:34:09,1794.08,1
venus-589440,2026-08-20 15:34:13,1798.72,1
venus-589441,2026-08-20 15:34:17,1792.68,1
venus-589442,2026-08-20 15:40:59,0.13,1
venus-589443,2026-08-20 15:41:01,7.73,1
venus-589444,2026-08-20 15:41:53,0.13,1
venus-589445,2026-08-20 15:42:28,17.03,1
venus-589446,2026-08-20 15:43:29,3.87,8
venus-589448,2026-08-20 15:45:57,8.37,16
venus-589450,2026-08-20 15:47:22,16.93,1
venus-589451,2026-08-20 15:47:26,0.08,16
venus-589452,2026-08-20 15:47:28,8.5,80
venus-589453,2026-08-20 15:47:36,8.5,8
venus-589454,2026-08-20 15:48:46,1.35,1
venus-589455,2026-08-20 15:48:47,17.78,1
venus-589456,2026-08-20 15:49:54,16.85,1
venus-589457,2026-08-20 15:50:50,1.35,1
venus-589458,2026-08-20 15:51:10,17.23,1
venus-589459,2026-08-20 15:52:08,91.47,1
venus-589460,2026-08-20 15:52:53,1.33,1
venus-589461,2026-08-20 15:53:16,0.32,8
venus-589462,2026-08-20 15:53:18,0.25,8
venus-589463,2026-08-20 15:53:58,30.07,8
venus-589464,2026-08-20 15:54:01,29.38,8
venus-589465,2026-08-20 15:54:21,15.7,16
venus-589466,2026-08-20 15:54:38,8.7,1
venus-589467,2026-08-20 15:56:11,17.05,80
venus-589468,2026-08-20 15:56:11,72.13,8
venus-589469,2026-08-20 16:06:40,17.12,1
venus-589472,2026-08-20 16:08:41,0.88,8
venus-589473,2026-08-20 16:08:47,228.63,16
venus-589474,2026-08-20 16:08:55,7.88,2
venus-589475,2026-08-20 16:09:59,0.38,8
venus-589476,2026-08-20 16:10:10,2059.02,16
venus-589477,2026-08-20 16:11:11,16.93,1
venus-589478,2026-08-20 16:12:51,185.23,1
venus-589479,2026-08-20 16:13:04,12.05,1
venus-589480,2026-08-20 16:13:18,183.83,1
venus-589481,2026-08-20 16:13:23,66.0,80
venus-589482,2026-08-20 16:13:23,11.72,1
venus-589483,2026-08-20 16:13:30,156.38,1
venus-589484,2026-08-20 16:13:35,183.68,1
venus-589485,2026-08-20 16:13:41,183.83,1
venus-589486,2026-08-20 16:13:49,156.88,1
venus-589487,2026-08-20 16:13:54,5.2,16
venus-589488,2026-08-20 16:14:01,180.55,1
venus-589489,2026-08-20 16:14:16,181.02,1
venus-589490,2026-08-20 16:17:27,30.78,2
venus-589491,2026-08-20 16:17:39,4.58,1
venus-589492,2026-08-20 16:19:09,14.45,16
venus-589493,2026-08-20 16:21:21,0.38,8
venus-589494,2026-08-20 16:22:15,1.37,1
venus-589496,2026-08-20 16:23:30,1.0,8
venus-589497,2026-08-20 16:24:26,122.8,8
venus-589498,2026-08-20 16:24:36,122.12,8
venus-589499,2026-08-20 16:24:51,121.9,8
venus-589500,2026-08-20 16:25:42,1.38,1
venus-589501,2026-08-20 16:27:55,1.15,8
venus-589502,2026-08-20 16:27:58,2.2,1
venus-589503,2026-08-20 16:30:40,181.43,1
venus-589504,2026-08-20 16:31:00,207.25,1
venus-589505,2026-08-20 16:32:32,1.97,1
venus-589506,2026-08-20 16:35:45,1.82,1
venus-589507,2026-08-20 16:37:45,5.57,1
venus-589508,2026-08-20 16:37:52,1084.25,4
venus-589509,2026-08-20 16:39:45,0.08,8
venus-589510,2026-08-20 16:42:37,0.07,8
venus-589511,2026-08-20 16:43:20,1.35,1
venus-589512,2026-08-20 16:45:28,9.83,2
venus-589513,2026-08-20 16:46:22,0.07,8
venus-589514,2026-08-20 16:46:58,0.05,8
venus-589515,2026-08-20 16:47:02,2.65,1
venus-589516,2026-08-20 16:47:48,0.05,8
venus-589517,2026-08-20 16:47:59,142.37,2
venus-589518,2026-08-20 16:49:23,20.75,16
venus-589519,2026-08-20 16:49:28,0.1,8
venus-589521,2026-08-20 16:50:07,1.52,1
venus-589523,2026-08-20 16:51:37,0.12,8
venus-589524,2026-08-20 16:52:16,1.7,1
venus-589526,2026-08-20 16:52:56,0.12,8
venus-589528,2026-08-20 16:55:36,44.02,2
venus-589529,2026-08-20 16:55:42,2.07,1
venus-589531,2026-08-20 16:57:57,0.92,1
venus-589532,2026-08-20 16:58:53,1.33,1
venus-589535,2026-08-20 17:01:26,2.55,1
venus-589536,2026-08-20 17:04:29,9.88,1
venus-589538,2026-08-20 17:08:24,11.18,16
venus-589539,2026-08-20 17:08:25,5.92,48
venus-589540,2026-08-20 17:10:55,0.32,8
venus-589541,2026-08-20 17:13:36,0.3,8
venus-589542,2026-08-20 17:14:24,3.53,1
venus-589543,2026-08-20 17:14:58,0.3,8
venus-589544,2026-08-20 17:16:32,0.28,8
venus-589545,2026-08-20 17:16:38,1.75,8
venus-589547,2026-08-20 17:17:57,1.85,1
venus-589548,2026-08-20 17:18:38,3.42,8
venus-589549,2026-08-20 17:18:40,0.6,8
venus-589550,2026-08-20 17:19:03,17.72,1
venus-589551,2026-08-20 17:19:40,5.9,48
venus-589554,2026-08-20 17:21:26,38.85,80
venus-589555,2026-08-20 17:22:08,2.98,8
venus-589556,2026-08-20 17:22:29,16.2,1
venus-589558,2026-08-20 17:23:53,37.12,1
venus-589559,2026-08-20 17:23:53,37.12,1
venus-589560,2026-08-20 17:23:53,37.13,1
venus-589561,2026-08-20 17:23:53,37.13,1
venus-589562,2026-08-20 17:23:53,37.37,1
venus-589563,2026-08-20 17:23:53,37.12,1
venus-589564,2026-08-20 17:23:53,37.02,1
venus-589565,2026-08-20 17:23:53,8.43,1
venus-589566,2026-08-20 17:25:12,1.93,8
venus-589567,2026-08-20 17:25:14,16.38,1
venus-589568,2026-08-20 17:25:30,1.83,8
venus-589569,2026-08-20 17:25:39,1.77,8
venus-589570,2026-08-20 17:26:36,16.23,1
venus-589571,2026-08-20 17:27:14,7.92,1
venus-589572,2026-08-20 17:27:20,5.48,48
venus-589573,2026-08-20 17:27:30,36.95,16
venus-589574,2026-08-20 17:32:20,8.33,1
venus-589575,2026-08-20 17:33:15,2.65,8
venus-589576,2026-08-20 17:37:34,9.43,48
venus-589577,2026-08-20 17:38:49,1.78,1
venus-589578,2026-08-20 17:40:05,0.1,4
venus-589579,2026-08-20 17:40:38,383.9,2
venus-589580,2026-08-20 17:40:40,8.5,1
venus-589581,2026-08-20 17:41:50,5.15,16
venus-589582,2026-08-20 17:42:56,16.82,1
venus-589583,2026-08-20 17:43:04,2.47,1
venus-589584,2026-08-20 17:44:32,2.98,4
venus-589585,2026-08-20 17:46:59,0.22,16
venus-589586,2026-08-20 17:47:12,0.02,16
venus-589587,2026-08-20 17:47:13,0.02,16
venus-589590,2026-08-20 17:47:14,0.02,16
venus-589592,2026-08-20 17:47:17,407.6,48
venus-589593,2026-08-20 17:48:01,0.75,1
venus-589594,2026-08-20 17:49:10,8.07,1
venus-589595,2026-08-20 17:49:13,255.82,16
venus-589596,2026-08-20 17:51:53,6.4,4
venus-589597,2026-08-20 17:52:43,17.03,1
venus-589598,2026-08-20 17:54:27,0.27,8
venus-589599,2026-08-20 17:54:31,0.47,8
venus-589600,2026-08-20 17:55:08,0.28,1
venus-589601,2026-08-20 17:55:47,0.02,8
venus-589602,2026-08-20 17:56:47,6.53,8
venus-589603,2026-08-20 17:57:14,8.4,1
venus-589604,2026-08-20 18:00:48,101.67,4
venus-589605,2026-08-20 18:00:54,20.87,1
venus-589606,2026-08-20 18:01:00,20.77,1
venus-589607,2026-08-20 18:01:00,20.77,1
venus-589608,2026-08-20 18:01:00,20.77,1
venus-589609,2026-08-20 18:03:30,0.25,8
venus-589610,2026-08-20 18:04:32,5.47,48
venus-589611,2026-08-20 18:04:35,53.5,80
venus-589612,2026-08-20 18:05:12,6.73,8
venus-589613,2026-08-20 18:05:54,4.7,1
venus-589614,2026-08-20 18:07:09,0.98,1
venus-589615,2026-08-20 18:09:09,1.97,1
venus-589616,2026-08-20 18:09:57,10.65,8
venus-589617,2026-08-20 18:10:05,10.53,8
venus-589618,2026-08-20 18:14:50,0.28,8
venus-589619,2026-08-20 18:20:42,0.08,16
venus-589620,2026-08-20 18:20:45,1.9,8
venus-589621,2026-08-20 18:20:57,3.62,8
venus-589624,2026-08-20 18:22:04,0.58,8
venus-589625,2026-08-20 18:22:43,1.85,8
venus-589626,2026-08-20 18:23:09,18.6,1
venus-589627,2026-08-20 18:23:39,0.55,8
venus-589628,2026-08-20 18:23:50,17.92,1
venus-589629,2026-08-20 18:24:34,2.42,48
venus-589630,2026-08-20 18:24:39,38.9,16
venus-589631,2026-08-20 18:27:07,0.27,8
venus-589632,2026-08-20 18:27:23,6.65,8
venus-589633,2026-08-20 18:27:29,6.55,8
venus-589634,2026-08-20 18:27:41,6.42,8
venus-589635,2026-08-20 18:28:28,0.82,1
venus-589636,2026-08-20 18:28:58,0.08,8
venus-589641,2026-08-20 18:31:17,0.1,8
venus-589643,2026-08-20 18:32:28,0.1,8
venus-589644,2026-08-20 18:33:30,0.23,8
venus-589645,2026-08-20 18:34:27,0.25,8
venus-589646,2026-08-20 18:35:05,5.27,8
venus-589647,2026-08-20 18:35:06,5.23,8
venus-589648,2026-08-20 18:35:08,5.17,8
venus-589649,2026-08-20 18:36:43,0.25,8
venus-589657,2026-08-20 18:40:39,3820.57,8
venus-589658,2026-08-20 18:40:54,3820.32,8
venus-589659,2026-08-20 18:40:59,3820.23,8
venus-589660,2026-08-20 18:43:45,0.25,8
venus-589661,2026-08-20 18:47:49,0.25,8
venus-589667,2026-08-20 18:53:13,16.53,1
venus-589668,2026-08-20 18:53:14,0.27,8
venus-589680,2026-08-20 18:56:26,16.57,1
venus-589681,2026-08-20 18:58:29,0.07,1
venus-589682,2026-08-20 18:59:54,0.2,1
venus-589683,2026-08-20 19:01:44,0.97,1
venus-589684,2026-08-20 19:02:41,17.1,1
venus-589685,2026-08-20 19:03:38,2.35,48
venus-589686,2026-08-20 19:03:38,103.0,8
venus-589687,2026-08-20 19:03:41,36.97,80
venus-589688,2026-08-20 19:05:02,0.02,8
venus-589690,2026-08-20 19:05:54,0.05,1
venus-589691,2026-08-20 19:05:56,0.48,4
venus-589692,2026-08-20 19:06:04,0.43,8
venus-589693,2026-08-20 19:06:25,7.12,1
venus-589694,2026-08-20 19:06:32,1.85,8
venus-589695,2026-08-20 19:06:35,3.95,8
venus-589697,2026-08-20 19:08:05,0.17,1
venus-589698,2026-08-20 19:08:23,2.12,8
venus-589700,2026-08-20 19:10:19,10.13,1
venus-589701,2026-08-20 19:10:27,7.0,2
venus-589702,2026-08-20 19:10:30,3.6,48
venus-589703,2026-08-20 19:10:37,16.0,16
venus-589704,2026-08-20 19:16:17,153.67,1
venus-589705,2026-08-20 19:17:27,862.78,2
venus-589706,2026-08-20 19:20:33,2.63,1
venus-589707,2026-08-20 19:23:14,0.05,1
venus-589710,2026-08-20 19:26:48,18.83,1
venus-589711,2026-08-20 19:26:57,0.42,8
venus-589713,2026-08-20 19:27:37,0.12,8
venus-589714,2026-08-20 19:27:52,0.12,8
venus-589715,2026-08-20 19:28:08,0.08,16
venus-589717,2026-08-20 19:28:17,0.02,16
venus-589718,2026-08-20 19:28:21,11.07,16
venus-589719,2026-08-20 19:29:49,0.02,4
venus-589720,2026-08-20 19:31:18,6.88,1
venus-589721,2026-08-20 19:32:14,727.18,2
venus-589722,2026-08-20 19:38:33,1.85,1
venus-589723,2026-08-20 19:39:32,0.08,16
venus-589724,2026-08-20 19:39:34,1.28,16
venus-589726,2026-08-20 19:39:57,0.42,8
venus-589728,2026-08-20 19:40:38,0.42,8
venus-589731,2026-08-20 19:41:28,0.42,8
venus-589733,2026-08-20 19:42:09,0.42,8
venus-589735,2026-08-20 19:42:49,0.17,8
venus-589736,2026-08-20 19:43:04,0.17,24
venus-589737,2026-08-20 19:43:05,88.93,80
venus-589738,2026-08-20 19:43:19,1.02,32
venus-589739,2026-08-20 19:44:22,1.63,16
venus-589740,2026-08-20 19:44:23,67.87,4
venus-589741,2026-08-20 19:44:25,1.6,32
venus-589742,2026-08-20 19:46:06,0.08,48
venus-589743,2026-08-20 19:46:07,10.75,16
venus-589745,2026-08-20 19:46:31,0.08,32
venus-589746,2026-08-20 19:46:34,0.38,4
venus-589747,2026-08-20 19:46:41,0.33,72
venus-589748,2026-08-20 19:47:03,1.98,8
venus-589749,2026-08-20 19:47:06,0.1,1
venus-589750,2026-08-20 19:47:30,1.98,1
venus-589751,2026-08-20 19:50:43,3.5,8
venus-589752,2026-08-20 19:55:56,17.02,1
venus-589753,2026-08-20 19:56:36,1.17,8
venus-589754,2026-08-20 19:57:20,3.87,8
venus-589755,2026-08-20 19:57:22,3.38,16
venus-589756,2026-08-20 19:57:25,224.87,16
venus-589757,2026-08-20 19:58:32,0.33,8
venus-589758,2026-08-20 19:59:14,1.95,8
venus-589759,2026-08-20 19:59:27,1.18,8
venus-589760,2026-08-20 20:01:11,1.78,48
venus-589761,2026-08-20 20:02:23,2.47,8
venus-589762,2026-08-20 20:03:10,3.93,1
venus-589763,2026-08-20 20:04:43,3.3,16
venus-589764,2026-08-20 20:07:07,3.93,1
venus-589765,2026-08-20 20:07:15,15.97,8
venus-589767,2026-08-20 20:07:43,862.13,1
venus-589768,2026-08-20 20:08:08,3.87,16
venus-589769,2026-08-20 20:08:33,822.57,1
venus-589770,2026-08-20 20:09:16,822.65,1
venus-589771,2026-08-20 20:11:04,2.05,1
venus-589772,2026-08-20 20:12:02,8.63,1
venus-589773,2026-08-20 20:12:07,0.08,16
venus-589774,2026-08-20 20:12:07,8.58,16
venus-589776,2026-08-20 20:12:32,0.42,8
venus-589778,2026-08-20 20:13:08,19.95,1
venus-589781,2026-08-20 20:16:08,2.98,8
venus-589783,2026-08-20 20:19:05,0.05,4
venus-589784,2026-08-20 20:19:18,18.58,4
venus-589787,2026-08-20 20:21:20,6.0,2
venus-589788,2026-08-20 20:21:25,18.18,8
venus-589789,2026-08-20 20:21:28,6.67,8
venus-589790,2026-08-20 20:21:40,0.08,16
venus-589791,2026-08-20 20:21:43,6.45,16
venus-589793,2026-08-20 20:22:05,0.43,8
venus-589795,2026-08-20 20:22:43,8.92,1
venus-589797,2026-08-20 20:22:56,0.42,8
venus-589799,2026-08-20 20:23:36,0.43,8
venus-589801,2026-08-20 20:24:17,0.42,8
venus-589803,2026-08-20 20:24:57,0.43,8
venus-589805,2026-08-20 20:25:42,84.07,8
venus-589806,2026-08-20 20:28:10,2.13,8
venus-589807,2026-08-20 20:31:16,1.97,8
venus-589808,2026-08-20 20:32:05,0.08,16
venus-589809,2026-08-20 20:32:05,4.1,16
venus-589810,2026-08-20 20:32:20,0.02,16
venus-589811,2026-08-20 20:32:31,0.42,8
venus-589812,2026-08-20 20:33:06,2.15,1
venus-589813,2026-08-20 20:35:16,3.12,1
venus-589815,2026-08-20 20:35:30,15.93,8
venus-589816,2026-08-20 20:37:13,0.08,16
venus-589817,2026-08-20 20:37:13,3.97,16
venus-589819,2026-08-20 20:37:38,0.42,8
venus-589821,2026-08-20 20:38:18,0.43,8
venus-589822,2026-08-20 20:38:24,3.15,1
venus-589824,2026-08-20 20:38:59,0.42,8
venus-589827,2026-08-20 20:39:44,94.83,1
venus-589828,2026-08-20 20:39:49,0.43,8
venus-589832,2026-08-20 20:40:50,0.42,8
venus-589835,2026-08-20 20:41:30,0.43,8
venus-589836,2026-08-20 20:41:34,2.22,1
venus-589837,2026-08-20 20:41:46,19.62,1
venus-589838,2026-08-20 20:41:46,19.62,1
venus-589839,2026-08-20 20:41:49,6.4,8
venus-589840,2026-08-20 20:43:48,1.58,1
venus-589842,2026-08-20 20:45:35,14.07,8
venus-589843,2026-08-20 20:45:59,3.28,1
venus-589844,2026-08-20 20:46:06,8.55,16
venus-589846,2026-08-20 20:48:53,50.38,8
venus-589847,2026-08-20 20:49:17,13.55,1
venus-589849,2026-08-20 20:54:46,0.08,16
venus-589850,2026-08-20 20:54:47,8.65,16
venus-589852,2026-08-20 20:55:11,0.42,8
venus-589853,2026-08-20 20:57:57,0.02,8
venus-589854,2026-08-20 20:58:24,2.68,8
venus-589855,2026-08-20 21:00:02,9.12,8
venus-589856,2026-08-20 21:01:33,200.87,8
venus-589857,2026-08-20 21:02:50,37.18,1
venus-589858,2026-08-20 21:02:50,37.18,1
venus-589859,2026-08-20 21:02:50,37.18,1
venus-589860,2026-08-20 21:02:50,37.18,1
venus-589861,2026-08-20 21:02:50,37.18,1
venus-589862,2026-08-20 21:02:50,37.18,1
venus-589863,2026-08-20 21:02:50,37.18,1
venus-589864,2026-08-20 21:02:50,8.45,1
venus-589865,2026-08-20 21:02:50,1.35,1
venus-589866,2026-08-20 21:04:24,0.1,16
venus-589867,2026-08-20 21:04:25,5.22,16
venus-589868,2026-08-20 21:04:30,1.33,1
venus-589874,2026-08-20 21:05:30,0.42,8
venus-589876,2026-08-20 21:06:05,1.33,1
venus-589878,2026-08-20 21:06:21,0.42,8
venus-589879,2026-08-20 21:09:48,1.38,1
venus-589880,2026-08-20 21:11:17,8.28,1
venus-589881,2026-08-20 21:12:11,4.07,16
venus-589882,2026-08-20 21:15:21,2.68,8
venus-589883,2026-08-20 21:16:04,0.58,32
venus-589884,2026-08-20 21:16:05,786.6,80
venus-589885,2026-08-20 21:16:17,0.35,16
venus-589886,2026-08-20 21:16:38,0.02,16
venus-589887,2026-08-20 21:16:44,0.08,48
venus-589888,2026-08-20 21:16:49,7.45,16
venus-589893,2026-08-20 21:17:36,2.9,1
venus-589895,2026-08-20 21:17:46,0.37,4
venus-589898,2026-08-20 21:18:08,1235.02,8
venus-589899,2026-08-20 21:18:14,1.65,8
venus-589900,2026-08-20 21:18:41,4.28,8
venus-589901,2026-08-20 21:19:34,8.28,1
venus-589902,2026-08-20 21:19:53,1.85,8
venus-589903,2026-08-20 21:21:44,1.17,4
venus-589904,2026-08-20 21:22:59,1.72,8
venus-589905,2026-08-20 21:23:03,4.8,8
venus-589906,2026-08-20 21:24:42,1.92,8
venus-589907,2026-08-20 21:24:56,15.52,1
venus-589908,2026-08-20 21:26:38,1.15,4
venus-589909,2026-08-20 21:27:52,8.6,1
venus-589910,2026-08-20 21:27:55,1.82,8
venus-589911,2026-08-20 21:29:28,144.05,8
venus-589913,2026-08-20 21:35:07,267.48,8
venus-589914,2026-08-20 21:35:24,4.8,8
venus-589915,2026-08-20 21:35:27,14.88,16
venus-589916,2026-08-20 21:36:27,97.93,8
venus-589917,2026-08-20 21:36:28,8.4,1
venus-589918,2026-08-20 21:37:08,1.85,8
venus-589919,2026-08-20 21:37:33,728.55,8
venus-589920,2026-08-20 21:38:59,1.2,4
venus-589921,2026-08-20 21:39:25,0.03,8
venus-589922,2026-08-20 21:40:01,20.78,1
venus-589923,2026-08-20 21:40:01,20.78,1
venus-589924,2026-08-20 21:40:01,20.78,1
venus-589925,2026-08-20 21:40:01,20.78,1
venus-589926,2026-08-20 21:40:19,2.15,8
venus-589927,2026-08-20 21:40:28,6.75,1
venus-589928,2026-08-20 21:40:41,18.38,1
venus-589929,2026-08-20 21:40:53,0.12,8
venus-589930,2026-08-20 21:41:50,1573.27,8
venus-589931,2026-08-20 21:45:03,109.08,8
venus-589932,2026-08-20 21:47:13,10.6,1
venus-589935,2026-08-20 21:50:19,171.72,8
venus-589936,2026-08-20 21:50:21,545.75,8
venus-589937,2026-08-20 21:52:13,13.75,8
venus-589938,2026-08-20 21:55:13,5.22,8
venus-589939,2026-08-20 21:55:14,106.33,16
venus-589940,2026-08-20 21:57:15,1.87,8
venus-589941,2026-08-20 21:57:50,4.37,1
venus-589942,2026-08-20 21:59:07,1.23,4
venus-589943,2026-08-20 22:00:29,1.97,8
venus-589945,2026-08-20 22:02:12,2.25,1
venus-589946,2026-08-20 22:03:41,3660.28,16
venus-589947,2026-08-20 22:04:28,1.83,1
venus-589948,2026-08-20 22:04:55,5489.17,16
venus-589949,2026-08-20 22:05:21,229.15,16
venus-589950,2026-08-20 22:06:02,5300.03,16
venus-589951,2026-08-20 22:06:19,1.93,1
venus-589952,2026-08-20 22:08:16,1.62,1
venus-589953,2026-08-20 22:10:46,0.02,8
venus-589954,2026-08-20 22:10:55,1.85,1
venus-589955,2026-08-20 22:12:37,0.35,8
venus-589956,2026-08-20 22:12:47,3.2,1
venus-589957,2026-08-20 22:13:12,1.28,8
venus-589958,2026-08-20 22:14:56,0.83,8
venus-589959,2026-08-20 22:15:48,1.17,8
venus-589960,2026-08-20 22:16:00,1.8,1
venus-589961,2026-08-20 22:17:24,1.17,8
venus-589962,2026-08-20 22:20:03,0.32,8
venus-589963,2026-08-20 22:20:04,3.07,1
venus-589964,2026-08-20 22:21:03,1.15,8
venus-589965,2026-08-20 22:23:03,1.32,8
venus-589966,2026-08-20 22:23:45,4.68,1
venus-589968,2026-08-20 22:25:30,5.97,8
venus-589969,2026-08-20 22:28:27,28.48,1
venus-589970,2026-08-20 22:33:38,0.53,8
venus-589971,2026-08-20 22:34:24,15.8,8
venus-589972,2026-08-20 22:51:12,19.87,8
venus-589973,2026-08-20 22:55:32,1.25,4
venus-589974,2026-08-20 22:56:25,18.3,1
venus-589975,2026-08-20 22:56:25,18.3,1
venus-589976,2026-08-20 22:57:18,2.08,1
venus-589977,2026-08-20 22:59:24,4.63,1
venus-589978,2026-08-20 23:04:03,2.72,1
venus-589979,2026-08-20 23:04:26,0.18,24
venus-589980,2026-08-20 23:04:32,1.83,8
venus-589981,2026-08-20 23:04:47,3.37,16
venus-589982,2026-08-20 23:06:16,1.8,8
venus-589983,2026-08-20 23:06:28,1.6,8
venus-589984,2026-08-20 23:07:08,1.93,1
venus-589985,2026-08-20 23:08:04,20.47,48
venus-589986,2026-08-20 23:08:04,1.18,4
venus-589987,2026-08-20 23:08:12,1078.13,1
venus-589988,2026-08-20 23:08:14,1.08,24
venus-589989,2026-08-20 23:09:05,1.9,1
venus-589990,2026-08-20 23:09:24,2.12,8
venus-589991,2026-08-20 23:09:24,5.32,24
venus-589992,2026-08-20 23:11:05,2.68,1
venus-589993,2026-08-20 23:11:31,1.78,8
venus-589994,2026-08-20 23:11:34,0.22,8
venus-589995,2026-08-20 23:13:03,0.17,1
venus-589996,2026-08-20 23:13:08,0.03,1
venus-589997,2026-08-20 23:13:18,1.33,4
venus-589998,2026-08-20 23:13:23,22.92,1
venus-589999,2026-08-20 23:13:47,12.65,1
venus-590000,2026-08-20 23:14:46,1.87,8
venus-590001,2026-08-20 23:14:48,4.97,24
venus-590002,2026-08-20 23:16:38,1.87,8
venus-590003,2026-08-20 23:18:31,1.18,4
venus-590004,2026-08-20 23:19:39,26.18,1
venus-590005,2026-08-20 23:19:50,1.92,48
venus-590006,2026-08-20 23:19:51,26.93,32
venus-590007,2026-08-20 23:36:59,14.73,1
venus-590008,2026-08-20 23:37:37,0.1,8
venus-590009,2026-08-20 23:37:53,10.62,8
venus-590010,2026-08-20 23:42:17,225.18,16
venus-590011,2026-08-20 23:46:11,0.08,1
venus-590012,2026-08-20 23:46:53,0.13,8
venus-590013,2026-08-20 23:46:56,101.42,16
venus-590014,2026-08-20 23:48:03,4.5,8
venus-590015,2026-08-20 23:49:05,11.13,8
venus-590016,2026-08-20 23:49:06,18.03,1
venus-590017,2026-08-20 23:49:43,0.2,1
venus-590018,2026-08-20 23:51:55,0.28,1
venus-590019,2026-08-20 23:52:47,0.02,8
venus-590020,2026-08-20 23:53:25,0.3,1
venus-590021,2026-08-20 23:53:55,1.02,8
venus-590022,2026-08-20 23:54:04,2.08,1
venus-590023,2026-08-20 23:54:05,0.02,8
venus-590024,2026-08-20 23:54:42,0.17,8
venus-590025,2026-08-20 23:54:42,2.37,8
venus-590026,2026-08-20 23:54:45,26.47,1
venus-590027,2026-08-20 23:56:01,1.95,8
venus-590028,2026-08-20 23:56:10,2.42,1
venus-590029,2026-08-20 23:56:43,0.17,8
venus-590030,2026-08-20 23:58:36,1.35,1
venus-590032,2026-08-20 23:59:03,13.2,8
venus-590033,2026-08-21 00:00:28,0.2,8
venus-590034,2026-08-21 00:00:47,1.87,1
venus-590036,2026-08-21 00:01:23,29.23,16
venus-590037,2026-08-21 00:01:36,2.8,8
venus-590053,2026-08-21 00:02:39,4.27,1
venus-590054,2026-08-21 00:03:25,1.03,8
venus-590055,2026-08-21 00:03:38,4.42,8
venus-590056,2026-08-21 00:04:20,5.72,8
venus-590057,2026-08-21 00:05:12,3.57,8
venus-590058,2026-08-21 00:07:17,1.27,4
venus-590059,2026-08-21 00:07:36,1.4,8
venus-590060,2026-08-21 00:09:11,0.47,8
venus-590061,2026-08-21 00:09:16,0.43,16
venus-590062,2026-08-21 00:09:38,0.77,8
venus-590063,2026-08-21 00:09:46,5.37,48
venus-590064,2026-08-21 00:09:47,0.75,24
venus-590065,2026-08-21 00:10:14,1.1,8
venus-590066,2026-08-21 00:10:30,0.75,8
venus-590067,2026-08-21 00:10:36,1.85,8
venus-590068,2026-08-21 00:10:37,4.88,24
venus-590069,2026-08-21 00:11:28,2.92,8
venus-590070,2026-08-21 00:11:31,2.9,8
venus-590071,2026-08-21 00:12:20,2.57,8
venus-590072,2026-08-21 00:12:27,1.73,8
venus-590073,2026-08-21 00:13:10,0.13,8
venus-590074,2026-08-21 00:13:41,2.15,1
venus-590075,2026-08-21 00:14:12,1.27,4
venus-590076,2026-08-21 00:15:26,1.92,8
venus-590077,2026-08-21 00:15:35,0.08,32
venus-590078,2026-08-21 00:15:37,1.97,8
venus-590079,2026-08-21 00:15:50,0.02,32
venus-590080,2026-08-21 00:15:51,1.78,1
venus-590084,2026-08-21 00:16:41,0.08,8
venus-590085,2026-08-21 00:16:51,0.08,16
venus-590086,2026-08-21 00:17:01,3.37,24
venus-590087,2026-08-21 00:17:13,48.37,8
venus-590088,2026-08-21 00:17:16,36.65,8
venus-590089,2026-08-21 00:17:18,61.05,8
venus-590090,2026-08-21 00:17:38,2.78,1
venus-590091,2026-08-21 00:18:28,1.9,8
venus-590093,2026-08-21 00:20:22,6.02,48
venus-590094,2026-08-21 00:20:28,90.15,32
venus-590095,2026-08-21 00:21:59,12.45,8
venus-590096,2026-08-21 00:22:20,12.22,8
venus-590097,2026-08-21 00:22:21,2.22,8
venus-590098,2026-08-21 00:22:51,11.88,8
venus-590099,2026-08-21 00:28:06,3.9,8
venus-590100,2026-08-21 00:31:06,2787.08,16
venus-590101,2026-08-21 00:31:35,4.3,16
venus-590112,2026-08-21 00:31:54,14.47,1
venus-590114,2026-08-21 00:34:23,50.05,2
venus-590115,2026-08-21 00:34:30,0.42,8
venus-590116,2026-08-21 00:34:39,0.3,8
venus-590117,2026-08-21 00:35:03,4.12,8
venus-590118,2026-08-21 00:35:13,4.35,8
venus-590119,2026-08-21 00:35:21,4.25,8
venus-590120,2026-08-21 00:37:03,1.42,8
venus-590121,2026-08-21 00:37:05,3.17,48
venus-590122,2026-08-21 00:38:52,1.83,8
venus-590123,2026-08-21 00:40:59,1.17,8
venus-590124,2026-08-21 00:41:42,50.5,8
venus-590125,2026-08-21 00:41:48,52.95,8
venus-590126,2026-08-21 00:41:54,52.92,8
venus-590127,2026-08-21 00:42:33,97.73,8
venus-590129,2026-08-21 00:46:23,1.02,8
venus-590131,2026-08-21 00:46:47,2782.85,16
venus-590147,2026-08-21 00:47:40,1.72,8
venus-590148,2026-08-21 00:52:40,14.42,8
venus-590149,2026-08-21 00:55:33,43.75,8
venus-590150,2026-08-21 00:57:54,69.13,8
venus-590151,2026-08-21 00:59:17,0.12,1
venus-590152,2026-08-21 01:04:47,0.05,1
venus-590153,2026-08-21 01:05:54,0.03,8
venus-590154,2026-08-21 01:06:26,0.03,8
venus-590155,2026-08-21 01:06:54,39.73,8
venus-590156,2026-08-21 01:07:33,0.12,8
venus-590157,2026-08-21 01:07:53,859.03,8
venus-590158,2026-08-21 01:09:26,71.5,8
venus-590159,2026-08-21 01:12:56,854.15,48
venus-590160,2026-08-21 01:18:59,0.1,8
venus-590161,2026-08-21 01:19:22,1.23,8
venus-590162,2026-08-21 01:20:59,57.42,8
venus-590163,2026-08-21 01:25:32,841.33,8
venus-590165,2026-08-21 01:33:32,250.08,8
venus-590166,2026-08-21 01:33:38,297.38,8
venus-590167,2026-08-21 01:33:39,266.92,8
venus-590168,2026-08-21 01:33:40,269.25,8
venus-590169,2026-08-21 01:34:09,1.17,8
venus-590170,2026-08-21 01:36:12,4.65,8
venus-590171,2026-08-21 01:40:56,116.2,8
venus-590172,2026-08-21 01:44:35,1.0,8
venus-590173,2026-08-21 01:45:45,0.08,8
venus-590174,2026-08-21 01:46:16,1.07,8
venus-590175,2026-08-21 01:47:58,3.62,8
venus-590176,2026-08-21 01:50:45,101.55,16
venus-590177,2026-08-21 01:52:42,1.22,8
venus-590178,2026-08-21 01:55:03,0.12,8
venus-590179,2026-08-21 01:55:12,3.38,8
venus-590181,2026-08-21 01:56:01,1.23,8
venus-590182,2026-08-21 01:56:09,0.12,1
venus-590183,2026-08-21 01:57:10,20.27,1
venus-590184,2026-08-21 01:57:53,0.8,1
venus-590185,2026-08-21 01:58:26,0.02,8
venus-590186,2026-08-21 01:59:13,1.52,8
venus-590187,2026-08-21 02:00:47,0.05,8
venus-590188,2026-08-21 02:02:02,2.38,48
venus-590189,2026-08-21 02:02:07,1.17,24
venus-590193,2026-08-21 02:03:20,12.75,8
venus-590194,2026-08-21 02:03:22,100.23,32
venus-590195,2026-08-21 02:03:24,4.1,48
venus-590196,2026-08-21 02:03:32,26.82,1
venus-590197,2026-08-21 02:03:47,4.73,8
venus-590198,2026-08-21 02:08:34,19.6,8
venus-590199,2026-08-21 02:16:37,15.35,8
venus-590202,2026-08-21 02:19:06,0.12,1
venus-590203,2026-08-21 02:19:30,0.1,1
venus-590204,2026-08-21 02:19:45,0.23,8
venus-590205,2026-08-21 02:20:13,274.33,8
venus-590206,2026-08-21 02:20:20,0.4,1
venus-590207,2026-08-21 02:21:08,0.2,8
venus-590208,2026-08-21 02:21:22,0.27,8
venus-590209,2026-08-21 02:21:27,0.38,1
venus-590210,2026-08-21 02:21:42,6.68,8
venus-590211,2026-08-21 02:22:22,0.28,1
venus-590212,2026-08-21 02:22:58,1.1,8
venus-590213,2026-08-21 02:26:02,2.77,8
venus-590214,2026-08-21 02:28:13,6.95,8
venus-590215,2026-08-21 02:28:36,276.5,8
venus-590216,2026-08-21 02:28:51,0.28,1
venus-590217,2026-08-21 02:31:45,0.32,1
venus-590218,2026-08-21 02:32:00,27.33,8
venus-590219,2026-08-21 02:33:06,0.3,1
venus-590220,2026-08-21 02:33:40,97.18,8
venus-590221,2026-08-21 02:33:55,104.58,1
venus-590222,2026-08-21 02:36:18,298.55,8
venus-590223,2026-08-21 02:40:35,1.05,8
venus-590247,2026-08-21 02:47:05,20.07,1
venus-590269,2026-08-21 02:50:55,0.02,8
venus-590272,2026-08-21 02:51:35,0.02,8
venus-590274,2026-08-21 02:51:40,0.02,8
venus-590276,2026-08-21 02:51:45,0.02,8
venus-590278,2026-08-21 02:51:50,0.02,8
venus-590281,2026-08-21 02:51:55,0.02,8
venus-590283,2026-08-21 02:52:00,0.02,8
venus-590284,2026-08-21 02:57:56,40.35,8
venus-590285,2026-08-21 02:58:21,11.95,8
venus-590286,2026-08-21 02:59:26,10.7,8
venus-590293,2026-08-21 03:06:32,19.88,1
venus-590294,2026-08-21 03:08:36,1.62,8
venus-590330,2026-08-21 03:13:34,1.2,8
venus-590331,2026-08-21 03:16:14,1.83,8
venus-590332,2026-08-21 03:17:07,5470.53,8
venus-590333,2026-08-21 03:20:52,0.83,8
venus-590334,2026-08-21 03:22:26,11.88,8
venus-590335,2026-08-21 03:27:40,460.6,2
venus-590336,2026-08-21 03:29:48,3.07,8
venus-590337,2026-08-21 03:31:27,223.83,16
venus-590338,2026-08-21 03:33:31,9.22,8
venus-590339,2026-08-21 03:34:57,1023.67,8
venus-590340,2026-08-21 03:37:52,1195.08,8
venus-590341,2026-08-21 03:39:46,999.43,8
venus-590343,2026-08-21 03:43:08,3.6,8
venus-590344,2026-08-21 03:43:45,102.23,16
venus-590345,2026-08-21 03:46:00,0.75,8
venus-590346,2026-08-21 03:47:04,6377.73,8
venus-590347,2026-08-21 03:47:16,860.92,8
venus-590348,2026-08-21 03:50:06,0.35,8
venus-590349,2026-08-21 03:50:14,0.25,16
venus-590350,2026-08-21 03:50:34,0.08,24
venus-590351,2026-08-21 03:50:34,2.9,8
venus-590352,2026-08-21 03:50:49,0.08,16
venus-590353,2026-08-21 03:50:56,5.95,48
venus-590354,2026-08-21 03:50:59,2.62,24
venus-590355,2026-08-21 03:53:41,0.08,32
venus-590356,2026-08-21 03:53:41,2.95,8
venus-590358,2026-08-21 03:54:06,2.87,24
venus-590359,2026-08-21 03:57:03,0.17,32
venus-590360,2026-08-21 03:57:08,2.98,8
venus-590362,2026-08-21 03:57:33,2.95,24
venus-590363,2026-08-21 04:00:35,0.08,32
venus-590364,2026-08-21 04:00:38,2.95,8
venus-590366,2026-08-21 04:01:01,2.93,24
venus-590367,2026-08-21 04:04:02,0.08,32
venus-590368,2026-08-21 04:04:06,2.93,8
venus-590374,2026-08-21 04:05:18,0.08,8
venus-590375,2026-08-21 04:05:28,0.08,16
venus-590376,2026-08-21 04:05:38,2.37,24
venus-590377,2026-08-21 04:07:28,19.88,1
venus-590378,2026-08-21 04:08:05,0.08,32
venus-590379,2026-08-21 04:08:05,3.03,8
venus-590384,2026-08-21 04:09:01,0.08,8
venus-590385,2026-08-21 04:09:11,0.25,16
venus-590386,2026-08-21 04:09:31,2.52,24
venus-590387,2026-08-21 04:12:08,0.08,32
venus-590388,2026-08-21 04:12:11,2.97,8
venus-590390,2026-08-21 04:12:33,2.95,24
venus-590392,2026-08-21 04:15:35,76.8,32
venus-590393,2026-08-21 04:23:05,0.72,8
venus-590394,2026-08-21 04:25:05,0.52,8
venus-590396,2026-08-21 04:28:46,0.78,8
venus-590397,2026-08-21 04:30:26,1.18,8
venus-590399,2026-08-21 04:35:23,0.77,8
venus-590400,2026-08-21 04:36:43,0.57,8
venus-590401,2026-08-21 04:39:03,0.73,8
venus-590402,2026-08-21 04:42:20,11.07,8
venus-590403,2026-08-21 05:05:56,17.63,1
venus-590404,2026-08-21 05:20:14,221.32,16
venus-590405,2026-08-21 05:20:45,18.0,1
venus-590407,2026-08-21 05:21:09,0.53,8
venus-590408,2026-08-21 05:23:25,0.53,8
venus-590409,2026-08-21 05:27:21,0.57,8
venus-590410,2026-08-21 05:29:49,0.52,8
venus-590411,2026-08-21 05:31:34,0.2,8
venus-590412,2026-08-21 05:32:00,0.5,8
venus-590413,2026-08-21 05:32:29,101.3,16
venus-590415,2026-08-21 05:38:21,2.97,8
venus-590416,2026-08-21 05:38:30,2.87,24
venus-590417,2026-08-21 05:41:24,11.23,8
venus-590418,2026-08-21 05:41:27,11.27,24
venus-590422,2026-08-21 05:51:32,0.53,8
venus-590423,2026-08-21 05:52:48,86.92,32
venus-590424,2026-08-21 05:52:51,21.97,48
venus-590425,2026-08-21 05:55:51,0.97,8
venus-590426,2026-08-21 05:57:19,0.52,8
venus-590427,2026-08-21 05:58:17,0.77,8
venus-590429,2026-08-21 06:02:21,0.73,8
venus-590430,2026-08-21 06:04:10,1.57,8
venus-590431,2026-08-21 06:10:46,18.02,1
venus-590433,2026-08-21 06:12:29,0.12,8
venus-590434,2026-08-21 06:12:43,7.87,8
venus-590438,2026-08-21 06:24:33,3.08,8
venus-590439,2026-08-21 06:29:01,2.73,8
venus-590440,2026-08-21 06:32:29,2.77,8
venus-590441,2026-08-21 06:36:12,3.9,8
venus-590442,2026-08-21 06:40:28,1.42,4
venus-590443,2026-08-21 06:42:29,2.27,1
venus-590444,2026-08-21 06:47:51,3.42,1
venus-590445,2026-08-21 06:51:55,0.02,8
venus-590446,2026-08-21 06:52:48,9.07,8
venus-590447,2026-08-21 07:05:04,2.5,8
venus-590448,2026-08-21 07:08:47,2.5,8
venus-590449,2026-08-21 07:11:25,2.22,1
venus-590450,2026-08-21 07:14:53,2.43,1
venus-590451,2026-08-21 07:15:18,229.53,16
venus-590452,2026-08-21 07:18:36,17.88,1
venus-590453,2026-08-21 07:19:09,2.73,1
venus-590454,2026-08-21 07:19:48,102.02,16
venus-590456,2026-08-21 07:33:46,17.9,1
venus-590457,2026-08-21 07:39:24,30.95,2
venus-590458,2026-08-21 07:41:13,20218.83,2
venus-590459,2026-08-21 07:41:42,92.52,8
venus-590460,2026-08-21 07:41:50,92.38,24
venus-590461,2026-08-21 07:42:31,4.35,1
venus-590462,2026-08-21 07:48:07,5.12,1
venus-590465,2026-08-21 08:07:29,5.35,8
venus-590466,2026-08-21 08:10:07,18.57,2
venus-590469,2026-08-21 08:13:32,3.27,8
venus-590471,2026-08-21 08:17:18,2.95,8
venus-590475,2026-08-21 08:23:49,19.0,1
venus-590476,2026-08-21 08:25:11,2.7,8
venus-590478,2026-08-21 08:28:45,211.2,2
venus-590480,2026-08-21 08:32:11,3.37,8
venus-590481,2026-08-21 08:41:36,5.72,8
venus-590482,2026-08-21 08:55:25,8.37,8
venus-590483,2026-08-21 09:01:34,225.18,16
venus-590484,2026-08-21 09:04:01,8.28,8
venus-590485,2026-08-21 09:09:03,0.02,8
venus-590486,2026-08-21 09:09:14,192.57,8
venus-590487,2026-08-21 09:12:34,7.42,8
venus-590488,2026-08-21 09:14:18,9.43,32
venus-590489,2026-08-21 09:14:24,4.93,48
venus-590507,2026-08-21 09:23:52,46.75,16
venus-590508,2026-08-21 09:24:22,7.07,8
venus-590509,2026-08-21 09:28:41,1.88,8
venus-590510,2026-08-21 09:28:51,1.77,24
venus-590512,2026-08-21 09:30:42,15.65,32
venus-590513,2026-08-21 09:31:31,20.87,1
venus-590514,2026-08-21 09:31:38,7.62,8
venus-590515,2026-08-21 09:40:13,7.87,8
venus-590516,2026-08-21 09:40:20,581.35,2
venus-590517,2026-08-21 09:46:21,0.07,8
venus-590518,2026-08-21 09:46:25,2.63,8
venus-590519,2026-08-21 09:46:31,6.82,32
venus-590520,2026-08-21 09:49:03,4.22,2
venus-590521,2026-08-21 09:51:41,18.72,1
venus-590522,2026-08-21 09:51:53,180.48,1
venus-590523,2026-08-21 09:53:16,0.55,32
venus-590524,2026-08-21 09:53:37,2.42,8
venus-590525,2026-08-21 09:54:00,0.08,32
venus-590526,2026-08-21 09:54:01,0.55,32
venus-590527,2026-08-21 09:54:45,0.08,32
venus-590528,2026-08-21 09:54:45,0.6,32
venus-590529,2026-08-21 09:55:33,0.55,32
venus-590530,2026-08-21 09:56:02,4.32,2
venus-590531,2026-08-21 09:56:12,0.57,32
venus-590532,2026-08-21 09:56:51,0.08,32
venus-590533,2026-08-21 09:56:52,0.62,32
venus-590534,2026-08-21 09:57:40,0.63,32
venus-590535,2026-08-21 09:58:24,0.62,32
venus-590536,2026-08-21 09:59:07,0.08,32
venus-590537,2026-08-21 09:59:07,0.65,32
venus-590538,2026-08-21 09:59:58,0.65,32
venus-590539,2026-08-21 10:00:24,2.78,8
venus-590540,2026-08-21 10:00:42,0.08,32
venus-590541,2026-08-21 10:00:42,0.63,32
venus-590542,2026-08-21 10:01:32,0.67,32
venus-590543,2026-08-21 10:02:18,0.08,32
venus-590544,2026-08-21 10:02:18,0.67,32
venus-590545,2026-08-21 10:03:09,0.65,32
venus-590546,2026-08-21 10:03:11,3.73,1
venus-590547,2026-08-21 10:03:54,0.08,32
venus-590548,2026-08-21 10:03:54,0.67,32
venus-590549,2026-08-21 10:04:46,0.63,32
venus-590550,2026-08-21 10:05:29,0.08,32
venus-590551,2026-08-21 10:05:29,0.65,32
venus-590552,2026-08-21 10:06:19,0.63,32
venus-590553,2026-08-21 10:06:39,3.77,1
venus-590554,2026-08-21 10:07:03,0.63,32
venus-590555,2026-08-21 10:07:46,0.63,32
venus-590556,2026-08-21 10:08:29,0.63,32
venus-590557,2026-08-21 10:09:13,1.05,32
venus-590558,2026-08-21 10:10:22,1.12,32
venus-590559,2026-08-21 10:11:00,108.83,1
venus-590560,2026-08-21 10:11:34,1.07,32
venus-590561,2026-08-21 10:12:38,0.13,1
venus-590562,2026-08-21 10:12:43,860.13,32
venus-590563,2026-08-21 10:14:35,137.0,1
venus-590564,2026-08-21 10:15:32,543.67,16
venus-590565,2026-08-21 10:23:21,19.58,1
venus-590567,2026-08-21 10:24:51,0.08,80
venus-590568,2026-08-21 10:24:53,21.77,80
venus-590569,2026-08-21 10:27:51,18.97,1
venus-590570,2026-08-21 10:33:55,1.63,8
venus-590571,2026-08-21 10:35:16,0.58,1
venus-590572,2026-08-21 10:35:48,1.0,8
venus-590573,2026-08-21 10:36:49,0.62,2
venus-590574,2026-08-21 10:37:42,0.43,8
venus-590575,2026-08-21 10:39:30,703.68,8
venus-590576,2026-08-21 10:40:52,0.78,1
venus-590577,2026-08-21 10:42:39,409.72,4
venus-590578,2026-08-21 10:43:37,32.17,1
venus-590579,2026-08-21 10:44:10,30.17,1
venus-590580,2026-08-21 10:44:42,0.77,1
venus-590581,2026-08-21 10:45:46,0.52,1
venus-590582,2026-08-21 10:46:49,0.08,80
venus-590583,2026-08-21 10:46:53,21.42,16
venus-590584,2026-08-21 10:46:56,99.22,1
venus-590585,2026-08-21 10:47:04,21.28,64
venus-590586,2026-08-21 10:50:29,0.75,1
venus-590590,2026-08-21 10:51:52,13.6,1
venus-590591,2026-08-21 10:53:42,5.88,1
venus-590592,2026-08-21 10:58:02,1.37,1
venus-590593,2026-08-21 11:00:32,0.02,8
venus-590594,2026-08-21 11:00:33,0.02,8
venus-590595,2026-08-21 11:00:39,4.9,1
venus-590596,2026-08-21 11:01:50,0.25,1
venus-590597,2026-08-21 11:02:49,0.75,1
venus-590598,2026-08-21 11:04:51,226.37,16
venus-590599,2026-08-21 11:05:33,3.33,1
venus-590600,2026-08-21 11:07:59,5.55,1
venus-590601,2026-08-21 11:08:13,183.23,1
venus-590602,2026-08-21 11:08:26,0.17,80
venus-590603,2026-08-21 11:08:27,155.17,1
venus-590604,2026-08-21 11:08:30,1892.5,2
venus-590605,2026-08-21 11:08:32,20.28,16
venus-590606,2026-08-21 11:08:32,181.48,1
venus-590607,2026-08-21 11:08:46,20.2,64
venus-590608,2026-08-21 11:08:47,182.3,1
venus-590609,2026-08-21 11:08:54,4.5,1
venus-590610,2026-08-21 11:09:01,185.83,1
venus-590611,2026-08-21 11:09:06,184.75,1
venus-590612,2026-08-21 11:09:11,183.13,1
venus-590613,2026-08-21 11:09:25,153.95,1
venus-590614,2026-08-21 11:09:30,211.67,1
venus-590615,2026-08-21 11:09:56,154.33,1
venus-590616,2026-08-21 11:11:20,158.43,8
venus-590617,2026-08-21 11:13:25,1.68,1
venus-590618,2026-08-21 11:14:57,7.68,1
venus-590619,2026-08-21 11:15:07,2.17,1
venus-590620,2026-08-21 11:16:58,1.0,4
venus-590621,2026-08-21 11:17:18,62.58,1
venus-590622,2026-08-21 11:23:04,17.53,1
venus-590623,2026-08-21 11:23:53,0.02,8
venus-590624,2026-08-21 11:24:02,0.3,1
venus-590625,2026-08-21 11:24:09,17.62,1
venus-590626,2026-08-21 11:24:39,17.55,1
venus-590627,2026-08-21 11:25:50,0.53,1
venus-590628,2026-08-21 11:25:59,17.5,1
venus-590629,2026-08-21 11:26:34,17.2,1
venus-590631,2026-08-21 11:28:56,0.02,16
venus-590632,2026-08-21 11:29:03,0.17,80
venus-590633,2026-08-21 11:29:09,17.85,32
venus-590634,2026-08-21 11:29:16,0.55,1
venus-590635,2026-08-21 11:29:23,17.75,48
venus-590636,2026-08-21 11:32:24,0.5,1
venus-590637,2026-08-21 11:34:08,129.57,4
venus-590638,2026-08-21 11:36:00,306.57,4
venus-590640,2026-08-21 11:38:31,222.48,8
venus-590641,2026-08-21 11:47:13,0.08,80
venus-590642,2026-08-21 11:47:15,29.37,32
venus-590643,2026-08-21 11:47:25,19.0,1
venus-590644,2026-08-21 11:47:28,54.35,1
venus-590645,2026-08-21 11:47:28,29.28,48
venus-590646,2026-08-21 11:59:31,17.02,1
venus-590647,2026-08-21 11:59:59,2063.37,2
venus-590648,2026-08-21 12:10:26,18.6,1
venus-590649,2026-08-21 12:16:50,19.53,32
venus-590650,2026-08-21 12:16:50,19.62,48
venus-590651,2026-08-21 12:19:54,0.15,1
venus-590652,2026-08-21 12:20:05,3.78,1
venus-590653,2026-08-21 12:22:26,0.55,1
venus-590654,2026-08-21 12:23:52,3.03,1
venus-590655,2026-08-21 12:26:55,2.3,1
venus-590656,2026-08-21 12:29:14,2.65,1
venus-590657,2026-08-21 12:33:05,2750.72,8
venus-590658,2026-08-21 12:33:27,16.95,1
venus-590659,2026-08-21 12:33:54,1.77,1
venus-590660,2026-08-21 12:34:13,16.92,1
venus-590661,2026-08-21 12:35:48,1.95,1
venus-590662,2026-08-21 12:36:32,91.87,32
venus-590663,2026-08-21 12:36:32,91.9,48
venus-590664,2026-08-21 12:37:46,3.38,1
venus-590665,2026-08-21 12:41:10,2.87,1
venus-590666,2026-08-21 12:44:03,16.48,1
venus-590667,2026-08-21 12:46:51,18.05,1
venus-590668,2026-08-21 12:48:54,3.47,8
venus-590669,2026-08-21 12:51:36,3.82,8
venus-590670,2026-08-21 12:55:59,0.43,8
venus-590671,2026-08-21 12:56:44,1.7,8
venus-590672,2026-08-21 12:59:05,275.65,8
venus-590673,2026-08-21 13:00:37,1.92,1
venus-590674,2026-08-21 13:02:01,1.6,8
venus-590675,2026-08-21 13:02:33,1.92,1
venus-590676,2026-08-21 13:04:21,189.42,8
venus-590677,2026-08-21 13:04:28,1.78,1
venus-590678,2026-08-21 13:06:27,2.23,1
venus-590679,2026-08-21 13:08:42,2.5,1
venus-590680,2026-08-21 13:10:54,36.75,1
venus-590681,2026-08-21 13:10:54,36.75,1
venus-590682,2026-08-21 13:10:54,36.75,1
venus-590683,2026-08-21 13:10:54,36.75,1
venus-590684,2026-08-21 13:10:54,36.75,1
venus-590685,2026-08-21 13:10:54,36.82,1
venus-590686,2026-08-21 13:10:54,36.75,1
venus-590687,2026-08-21 13:10:54,37.4,1
venus-590688,2026-08-21 13:10:54,37.47,1
venus-590689,2026-08-21 13:10:54,37.05,1
venus-590690,2026-08-21 13:10:54,37.42,1
venus-590691,2026-08-21 13:10:54,37.5,1
venus-590692,2026-08-21 13:10:54,36.82,1
venus-590693,2026-08-21 13:10:54,37.52,1
venus-590694,2026-08-21 13:10:54,37.32,1
venus-590695,2026-08-21 13:10:54,36.22,1
venus-590696,2026-08-21 13:11:13,1.88,1
venus-590697,2026-08-21 13:11:55,37.53,1
venus-590698,2026-08-21 13:11:55,37.27,1
venus-590699,2026-08-21 13:11:55,37.28,1
venus-590700,2026-08-21 13:11:55,37.15,1
venus-590701,2026-08-21 13:11:55,37.47,1
venus-590702,2026-08-21 13:11:55,37.3,1
venus-590703,2026-08-21 13:11:55,37.42,1
venus-590704,2026-08-21 13:11:55,38.13,1
venus-590705,2026-08-21 13:11:55,38.13,1
venus-590706,2026-08-21 13:11:55,38.33,1
venus-590707,2026-08-21 13:11:55,38.15,1
venus-590708,2026-08-21 13:11:55,38.35,1
venus-590709,2026-08-21 13:11:55,38.13,1
venus-590710,2026-08-21 13:11:55,38.3,1
venus-590711,2026-08-21 13:11:55,38.13,1
venus-590712,2026-08-21 13:11:55,8.1,1
venus-590713,2026-08-21 13:13:07,6.2,1
venus-590714,2026-08-21 13:19:20,5.23,1
venus-590715,2026-08-21 13:24:35,2.03,1
venus-590716,2026-08-21 13:26:41,3.63,1
venus-590717,2026-08-21 13:30:20,2.32,1
venus-590718,2026-08-21 13:32:40,1.97,1
venus-590719,2026-08-21 13:40:40,5.73,1
venus-590720,2026-08-21 13:47:14,66.18,1
venus-590723,2026-08-21 13:53:43,37.12,1
venus-590724,2026-08-21 13:53:43,37.1,1
venus-590725,2026-08-21 13:53:43,37.1,1
venus-590726,2026-08-21 13:53:43,37.1,1
venus-590727,2026-08-21 13:53:43,37.13,1
venus-590728,2026-08-21 13:53:43,37.1,1
venus-590729,2026-08-21 13:53:43,37.1,1
venus-590730,2026-08-21 13:53:43,41.43,1
venus-590731,2026-08-21 13:53:43,41.43,1
venus-590732,2026-08-21 13:53:43,41.43,1
venus-590733,2026-08-21 13:53:43,41.43,1
venus-590734,2026-08-21 13:53:43,41.43,1
venus-590735,2026-08-21 13:53:43,41.43,1
venus-590736,2026-08-21 13:53:43,41.43,1
venus-590737,2026-08-21 13:53:43,41.43,1
venus-590738,2026-08-21 13:53:43,36.92,1
venus-590739,2026-08-21 13:54:47,37.68,1
venus-590740,2026-08-21 13:54:47,37.58,1
venus-590741,2026-08-21 13:54:47,37.58,1
venus-590742,2026-08-21 13:54:47,37.77,1
venus-590743,2026-08-21 13:54:47,37.78,1
venus-590744,2026-08-21 13:54:47,37.73,1
venus-590745,2026-08-21 13:54:47,37.63,1
venus-590746,2026-08-21 13:54:47,40.53,1
venus-590747,2026-08-21 13:54:47,40.53,1
venus-590748,2026-08-21 13:54:47,40.53,1
venus-590749,2026-08-21 13:54:47,39.98,1
venus-590750,2026-08-21 13:54:47,40.55,1
venus-590751,2026-08-21 13:54:47,40.7,1
venus-590752,2026-08-21 13:54:47,40.53,1
venus-590753,2026-08-21 13:54:47,39.98,1
venus-590754,2026-08-21 13:54:47,8.08,1
venus-590755,2026-08-21 14:04:29,4.42,16
venus-590756,2026-08-21 14:06:27,19.88,1
venus-590757,2026-08-21 14:08:31,0.33,80
venus-590758,2026-08-21 14:08:51,19.15,32
venus-590759,2026-08-21 14:09:02,19.02,48
venus-590760,2026-08-21 14:15:47,0.57,1
venus-590761,2026-08-21 14:16:54,1.27,4
venus-590762,2026-08-21 14:17:16,0.57,1
venus-590763,2026-08-21 14:24:21,147.92,4
venus-590764,2026-08-21 14:28:08,0.08,80
venus-590765,2026-08-21 14:28:10,15.1,32
venus-590766,2026-08-21 14:28:23,14.97,48
venus-590767,2026-08-21 14:32:09,4.3,16
venus-590778,2026-08-21 14:34:04,18.55,1
venus-590791,2026-08-21 14:39:09,279.8,1
venus-590792,2026-08-21 14:39:22,2673.15,16
venus-590798,2026-08-21 14:43:26,0.1,80
venus-590799,2026-08-21 14:43:30,18.05,32
venus-590800,2026-08-21 14:43:42,17.92,48
venus-590801,2026-08-21 14:51:13,226.33,16
venus-590802,2026-08-21 14:52:43,3.12,1
venus-590803,2026-08-21 14:53:21,4.72,1
venus-590804,2026-08-21 14:54:24,0.02,1
venus-590805,2026-08-21 14:54:33,2.13,1
venus-590806,2026-08-21 14:54:48,1.88,1
venus-590807,2026-08-21 14:55:21,285.1,16
venus-590808,2026-08-21 14:56:21,1283.4,1
venus-590809,2026-08-21 14:57:56,198.57,1
venus-590810,2026-08-21 14:59:00,1280.75,1
venus-590811,2026-08-21 14:59:02,1280.72,1
venus-590812,2026-08-21 15:00:05,4.02,1
venus-590813,2026-08-21 15:01:42,1.68,80
venus-590814,2026-08-21 15:03:20,18.88,32
venus-590815,2026-08-21 15:03:33,18.77,48
venus-590816,2026-08-21 15:13:29,0.45,1
venus-590817,2026-08-21 15:15:30,0.77,1
venus-590818,2026-08-21 15:17:21,0.83,1
venus-590819,2026-08-21 15:18:56,3.67,1
venus-590820,2026-08-21 15:22:24,0.08,80
venus-590821,2026-08-21 15:22:27,1.25,32
venus-590822,2026-08-21 15:22:39,1.18,48
venus-590823,2026-08-21 15:23:22,3.43,1
venus-590824,2026-08-21 15:23:46,0.02,32
venus-590825,2026-08-21 15:23:54,1.65,32
venus-590826,2026-08-21 15:23:55,1.68,48
venus-590827,2026-08-21 15:24:37,6.45,1
venus-590828,2026-08-21 15:25:41,0.67,80
venus-590829,2026-08-21 15:26:19,21.48,32
venus-590830,2026-08-21 15:26:31,21.38,48
venus-590831,2026-08-21 15:29:11,5.62,1
venus-590832,2026-08-21 15:30:25,0.62,32
venus-590833,2026-08-21 15:32:03,27.72,32
venus-590834,2026-08-21 15:32:10,0.13,1
venus-590835,2026-08-21 15:33:13,1.32,1
venus-590836,2026-08-21 15:35:35,27.4,1
venus-590839,2026-08-21 15:47:41,2.6,8
venus-590840,2026-08-21 15:47:59,0.08,80
venus-590841,2026-08-21 15:48:01,9.42,32
venus-590842,2026-08-21 15:48:14,9.42,48
venus-590843,2026-08-21 15:48:58,0.18,1
venus-590845,2026-08-21 15:53:14,37.33,1
venus-590847,2026-08-21 15:57:33,0.02,32
venus-590848,2026-08-21 15:57:44,2.62,80
venus-590849,2026-08-21 15:58:19,6.87,8
venus-590851,2026-08-21 16:00:19,35.5,8
venus-590852,2026-08-21 16:00:24,0.8,32
venus-590853,2026-08-21 16:00:31,35.42,72
venus-590854,2026-08-21 16:01:18,4364.5,32
venus-590855,2026-08-21 16:03:03,9.13,4
venus-590856,2026-08-21 16:08:06,7.17,8
venus-590857,2026-08-21 16:11:24,0.65,1
venus-590859,2026-08-21 16:13:37,0.62,1
venus-590860,2026-08-21 16:14:00,61.62,8
venus-590862,2026-08-21 16:15:51,146.48,8
venus-590863,2026-08-21 16:17:41,1.33,8
venus-590864,2026-08-21 16:19:19,182.8,8
venus-590865,2026-08-21 16:22:41,0.62,1
venus-590866,2026-08-21 16:23:41,0.62,1
venus-590867,2026-08-21 16:25:39,0.62,1
venus-590868,2026-08-21 16:30:42,12.4,1
venus-590869,2026-08-21 16:30:49,344.03,16
venus-590870,2026-08-21 16:30:51,344.03,16
venus-590873,2026-08-21 16:31:22,20.4,1
venus-590875,2026-08-21 16:33:47,0.63,1
venus-590876,2026-08-21 16:35:10,0.62,1
venus-590877,2026-08-21 16:35:53,0.02,8
venus-590879,2026-08-21 16:36:01,0.17,80
venus-590880,2026-08-21 16:36:08,9.37,32
venus-590881,2026-08-21 16:36:21,3.62,48
venus-590882,2026-08-21 16:36:45,0.63,1
venus-590883,2026-08-21 16:38:26,0.6,1
venus-590884,2026-08-21 16:39:29,0.6,1
venus-590885,2026-08-21 16:39:58,3.05,48
venus-590886,2026-08-21 16:41:16,178.47,1
venus-590887,2026-08-21 16:42:39,6812.83,8
venus-590888,2026-08-21 16:42:53,144.37,1
venus-590889,2026-08-21 16:43:02,10.5,8
venus-590890,2026-08-21 16:43:09,2.45,40
venus-590891,2026-08-21 16:43:15,1.2,1
venus-590892,2026-08-21 16:45:41,0.08,72
venus-590893,2026-08-21 16:45:43,14.85,32
venus-590894,2026-08-21 16:45:56,7.65,40
venus-590895,2026-08-21 16:49:09,0.92,1
venus-590896,2026-08-21 16:53:40,0.1,48
venus-590897,2026-08-21 16:53:42,1.93,8
venus-590898,2026-08-21 16:53:56,3.7,40
venus-590899,2026-08-21 16:54:57,1.35,4
venus-590900,2026-08-21 16:55:44,1.83,8
venus-590901,2026-08-21 16:57:34,4.45,48
venus-590902,2026-08-21 16:57:39,20.03,1
venus-590904,2026-08-21 16:59:56,0.03,8
venus-590905,2026-08-21 17:00:44,0.17,32
venus-590906,2026-08-21 17:00:53,25.92,32
venus-590907,2026-08-21 17:02:07,0.62,4
venus-590908,2026-08-21 17:02:15,0.5,40
venus-590909,2026-08-21 17:02:50,0.08,48
venus-590910,2026-08-21 17:02:52,2.0,8
venus-590911,2026-08-21 17:03:05,1.77,40
venus-590912,2026-08-21 17:04:48,2.83,1
venus-590913,2026-08-21 17:04:57,1.5,8
venus-590914,2026-08-21 17:05:01,1.52,32
venus-590915,2026-08-21 17:06:23,6980.05,1
venus-590916,2026-08-21 17:06:27,7.68,48
venus-590917,2026-08-21 17:06:37,1.1,40
venus-590919,2026-08-21 17:12:49,116.1,1
venus-590920,2026-08-21 17:14:02,0.45,1
venus-590921,2026-08-21 17:15:25,0.5,4
venus-590922,2026-08-21 17:15:31,1.6,40
venus-590923,2026-08-21 17:17:04,1.63,8
venus-590924,2026-08-21 17:17:17,3.27,32
venus-590925,2026-08-21 17:18:47,1.7,8
venus-590926,2026-08-21 17:20:30,3.87,40
venus-590927,2026-08-21 17:24:15,0.25,1
venus-590928,2026-08-21 17:24:26,0.47,4
venus-590929,2026-08-21 17:24:35,0.5,40
venus-590930,2026-08-21 17:25:01,1.95,8
venus-590931,2026-08-21 17:25:15,1.6,32
venus-590932,2026-08-21 17:26:56,0.08,64
venus-590933,2026-08-21 17:26:59,11.2,32
venus-590934,2026-08-21 17:27:04,1.65,8
venus-590935,2026-08-21 17:27:11,1.6,32
venus-590936,2026-08-21 17:28:43,1.22,4
venus-590937,2026-08-21 17:28:52,1.18,40
venus-590938,2026-08-21 17:30:01,1.75,8
venus-590939,2026-08-21 17:30:13,3.45,32
venus-590940,2026-08-21 17:31:50,1.83,8
venus-590941,2026-08-21 17:32:21,3.83,4
venus-590942,2026-08-21 17:33:40,1.18,4
venus-590943,2026-08-21 17:33:45,1.27,40
venus-590944,2026-08-21 17:34:59,1.88,8
venus-590945,2026-08-21 17:35:11,3.12,32
venus-590946,2026-08-21 17:35:43,0.6,1
venus-590947,2026-08-21 17:36:35,0.58,1
venus-590948,2026-08-21 17:36:55,1.88,8
venus-590949,2026-08-21 17:37:54,0.68,1
venus-590950,2026-08-21 17:38:22,16.65,4
venus-590951,2026-08-21 17:38:23,10.82,32
venus-590952,2026-08-21 17:38:23,0.42,32
venus-590953,2026-08-21 17:38:48,1.15,4
venus-590954,2026-08-21 17:38:53,1.27,40
venus-590955,2026-08-21 17:40:05,1.93,8
venus-590956,2026-08-21 17:40:19,3.72,32
venus-590957,2026-08-21 17:41:16,0.73,1
venus-590958,2026-08-21 17:42:06,1.87,8
venus-590959,2026-08-21 17:43:46,0.83,1
venus-590960,2026-08-21 17:43:59,1.2,4
venus-590961,2026-08-21 17:44:07,1.25,40
venus-590962,2026-08-21 17:45:20,1.92,8
venus-590963,2026-08-21 17:45:32,1.77,32
venus-590964,2026-08-21 17:47:19,1.58,8
venus-590965,2026-08-21 17:47:23,1.52,32
venus-590966,2026-08-21 17:48:55,1.27,4
venus-590967,2026-08-21 17:48:59,0.27,40
venus-590968,2026-08-21 17:49:20,0.08,72
venus-590969,2026-08-21 17:49:21,54.87,32
venus-590970,2026-08-21 17:49:35,0.75,40
venus-590971,2026-08-21 17:50:18,2.32,8
venus-590972,2026-08-21 17:50:30,3.97,32
venus-590973,2026-08-21 17:50:59,0.82,1
venus-590974,2026-08-21 17:52:40,1.78,8
venus-590975,2026-08-21 17:52:40,0.82,1
venus-590976,2026-08-21 17:54:27,1.48,4
venus-590977,2026-08-21 17:54:33,1.6,40
venus-590978,2026-08-21 17:54:41,15.88,4
venus-590979,2026-08-21 17:55:20,0.25,1
venus-590980,2026-08-21 17:56:04,1.97,8
venus-590981,2026-08-21 17:56:19,3.7,32
venus-590982,2026-08-21 17:57:41,0.6,1
venus-590983,2026-08-21 17:58:08,1.83,8
venus-590984,2026-08-21 17:59:40,0.13,8
venus-590985,2026-08-21 17:59:58,1.27,4
venus-590986,2026-08-21 18:00:04,0.65,8
venus-590987,2026-08-21 18:00:06,1.35,40
venus-590988,2026-08-21 18:01:23,2.92,40
venus-590989,2026-08-21 18:02:43,0.8,1
venus-590990,2026-08-21 18:03:13,3.2,8
venus-590991,2026-08-21 18:04:22,1.4,1
venus-590992,2026-08-21 18:04:23,0.43,8
venus-590993,2026-08-21 18:04:28,0.42,32
venus-590994,2026-08-21 18:04:57,5.42,40
venus-590995,2026-08-21 18:06:52,9.13,8
venus-590996,2026-08-21 18:07:58,2.0,1
venus-590997,2026-08-21 18:10:22,1.22,8
venus-590998,2026-08-21 18:10:30,1.1,32
venus-590999,2026-08-21 18:10:46,92.52,4
venus-591001,2026-08-21 18:11:27,3416.17,16
venus-591002,2026-08-21 18:11:41,0.08,40
venus-591003,2026-08-21 18:11:44,6.3,40
venus-591004,2026-08-21 18:18:06,0.45,8
venus-591005,2026-08-21 18:18:14,0.33,32
venus-591006,2026-08-21 18:18:39,0.08,40
venus-591007,2026-08-21 18:18:40,2.98,8
venus-591008,2026-08-21 18:18:54,2.87,32
venus-591009,2026-08-21 18:21:51,0.08,40
venus-591010,2026-08-21 18:21:53,2.88,8
venus-591011,2026-08-21 18:22:06,2.78,32
venus-591013,2026-08-21 18:24:58,0.08,40
venus-591014,2026-08-21 18:24:59,2.88,8
venus-591015,2026-08-21 18:25:13,2.77,32
venus-591016,2026-08-21 18:26:07,0.17,1
venus-591017,2026-08-21 18:26:40,0.22,1
venus-591018,2026-08-21 18:28:05,0.08,40
venus-591019,2026-08-21 18:28:07,2.97,8
venus-591020,2026-08-21 18:28:20,2.85,32
venus-591021,2026-08-21 18:28:21,0.2,1
venus-591022,2026-08-21 18:31:17,0.08,40
venus-591023,2026-08-21 18:31:18,2.92,8
venus-591024,2026-08-21 18:31:32,2.77,32
venus-591025,2026-08-21 18:34:23,0.08,40
venus-591026,2026-08-21 18:34:27,2.93,8
venus-591027,2026-08-21 18:34:38,2.78,32
venus-591028,2026-08-21 18:34:49,8.5,8
venus-591029,2026-08-21 18:37:30,0.08,40
venus-591030,2026-08-21 18:37:34,224.3,16
venus-591031,2026-08-21 18:37:34,2.93,8
venus-591032,2026-08-21 18:37:45,2.87,32
venus-591033,2026-08-21 18:38:31,0.23,1
venus-591034,2026-08-21 18:40:08,50.62,1
venus-591035,2026-08-21 18:40:42,3.62,40
venus-591036,2026-08-21 18:44:22,3.02,8
venus-591037,2026-08-21 18:44:24,0.08,72
venus-591038,2026-08-21 18:44:27,14.07,32
venus-591039,2026-08-21 18:44:39,13.98,40
venus-591040,2026-08-21 18:49:41,47.48,1
venus-591041,2026-08-21 18:51:56,1049.22,8
venus-591042,2026-08-21 18:56:48,18.9,1
venus-591043,2026-08-21 18:57:31,0.05,1
venus-591045,2026-08-21 18:58:36,0.02,32
venus-591046,2026-08-21 18:58:43,12.88,72
venus-591047,2026-08-21 19:07:12,3.25,1
venus-591048,2026-08-21 19:08:32,0.78,1
venus-591049,2026-08-21 19:11:41,4.63,80
venus-591050,2026-08-21 19:12:43,18.83,1
venus-591051,2026-08-21 19:14:10,146.05,1
venus-591053,2026-08-21 19:16:14,296.35,80
venus-591054,2026-08-21 19:19:19,293.85,16
venus-591055,2026-08-21 19:26:39,36.83,1
venus-591056,2026-08-21 19:33:18,0.62,1
venus-591057,2026-08-21 19:40:28,287.0,16
venus-591058,2026-08-21 19:43:14,146.58,4
venus-591059,2026-08-21 19:53:55,281.42,16
venus-591061,2026-08-21 20:00:20,0.6,1
venus-591062,2026-08-21 20:03:26,53.45,1
venus-591063,2026-08-21 20:04:24,0.02,8
venus-591067,2026-08-21 20:27:33,179.52,1
venus-591068,2026-08-21 20:28:39,783.22,1
venus-591073,2026-08-21 20:41:18,0.05,8
venus-591074,2026-08-21 20:41:43,15.45,1
venus-591075,2026-08-21 20:41:48,0.03,8
venus-591076,2026-08-21 20:42:07,2419.9,8
venus-591082,2026-08-21 20:52:43,0.15,1
venus-591083,2026-08-21 20:56:19,0.23,1
venus-591084,2026-08-21 20:56:46,37.67,1
venus-591087,2026-08-21 20:57:10,2.25,1
venus-591088,2026-08-21 20:57:34,0.25,1
venus-591089,2026-08-21 20:58:02,0.12,1
venus-591090,2026-08-21 20:58:18,30.4,1
venus-591091,2026-08-21 20:58:58,30.32,1
venus-591092,2026-08-21 20:59:19,0.08,1
venus-591094,2026-08-21 20:59:37,47.23,1
venus-591095,2026-08-21 20:59:43,0.1,1
venus-591097,2026-08-21 21:00:01,0.07,1
venus-591098,2026-08-21 21:00:10,13.37,1
venus-591101,2026-08-21 21:11:15,0.23,1
venus-591103,2026-08-21 21:12:32,0.02,8
venus-591104,2026-08-21 21:15:44,18.42,1
venus-591106,2026-08-21 21:17:19,0.35,1
venus-591108,2026-08-21 21:20:24,1.57,1
venus-591111,2026-08-21 21:23:02,3.67,1
venus-591112,2026-08-21 21:23:05,4.2,1
venus-591113,2026-08-21 21:24:33,44.78,8
venus-591116,2026-08-21 21:26:04,14.62,1
venus-591118,2026-08-21 21:28:40,4.2,1
venus-591125,2026-08-21 21:30:45,7.53,8
venus-591126,2026-08-21 21:32:48,2.0,8
venus-591127,2026-08-21 21:34:14,33.4,1
venus-591128,2026-08-21 21:34:22,4.2,1
venus-591131,2026-08-21 21:36:35,18.47,1
venus-591134,2026-08-21 21:39:27,2.72,8
venus-591136,2026-08-21 21:40:00,4.22,1
venus-591137,2026-08-21 21:42:43,11076.13,8
venus-591139,2026-08-21 21:45:03,4.22,1
venus-591140,2026-08-21 21:46:10,13.2,1
venus-591178,2026-08-21 21:48:49,26.13,1
venus-591191,2026-08-21 21:49:17,0.02,8
venus-591201,2026-08-21 21:49:40,0.08,1
venus-591207,2026-08-21 21:49:52,14.65,8
venus-591212,2026-08-21 21:50:02,25.88,1
venus-591215,2026-08-21 21:50:09,4.22,1
venus-591341,2026-08-21 21:55:25,5.82,1
venus-591521,2026-08-21 22:03:03,50.1,1
venus-591625,2026-08-21 22:07:30,39.72,8
venus-591630,2026-08-21 22:07:41,37.93,1
venus-591668,2026-08-21 22:09:16,0.62,8
venus-591683,2026-08-21 22:09:52,30.5,4
venus-591687,2026-08-21 22:09:59,0.48,8
venus-591802,2026-08-21 22:14:49,0.23,1
venus-591830,2026-08-21 22:15:57,180.7,1
venus-591847,2026-08-21 22:16:37,263.03,1
venus-591854,2026-08-21 22:16:54,1375.2,16
venus-591864,2026-08-21 22:17:15,1427.42,16
venus-591874,2026-08-21 22:17:39,1645.53,16
venus-591881,2026-08-21 22:17:54,1911.62,8
venus-591973,2026-08-21 22:21:52,224.95,16
venus-592000,2026-08-21 22:23:00,19.48,1
venus-592012,2026-08-21 22:23:30,2.33,8
venus-592064,2026-08-21 22:25:50,4.22,2
venus-592080,2026-08-21 22:26:32,0.92,8
venus-592102,2026-08-21 22:27:28,243.85,1
venus-592145,2026-08-21 22:30:25,2.3,8
venus-592197,2026-08-21 22:32:43,4.08,2
venus-592213,2026-08-21 22:34:57,1.2,8
venus-592258,2026-08-21 22:36:51,2.6,8
venus-592321,2026-08-21 22:39:27,3.73,1
venus-592326,2026-08-21 22:39:36,0.33,1
venus-592350,2026-08-21 22:40:36,539.32,4
venus-592362,2026-08-21 22:42:30,18.17,1
venus-592363,2026-08-21 22:42:38,148.73,1
venus-592364,2026-08-21 22:42:50,9.2,1
venus-592393,2026-08-21 22:44:19,1.02,8
venus-592404,2026-08-21 22:47:51,0.02,8
venus-592405,2026-08-21 22:48:50,1.97,8
venus-592419,2026-08-21 22:51:20,0.95,8
venus-592453,2026-08-21 22:52:40,2.78,1
venus-592459,2026-08-21 22:52:53,22.6,8
venus-592568,2026-08-21 22:57:30,229.9,1
venus-592602,2026-08-21 22:58:54,50.73,1
venus-592646,2026-08-21 23:00:40,19.48,1
venus-592664,2026-08-21 23:01:23,1214.35,8
venus-592677,2026-08-21 23:01:52,8.87,8
venus-592704,2026-08-21 23:06:32,0.02,8
venus-592705,2026-08-21 23:07:30,3.25,8
venus-592707,2026-08-21 23:09:46,1.17,8
venus-592708,2026-08-21 23:10:16,41.68,8
venus-592709,2026-08-21 23:13:12,1.08,8
venus-592710,2026-08-21 23:13:50,12.6,8
venus-592711,2026-08-21 23:15:02,415.22,8
venus-592712,2026-08-21 23:15:37,1473.02,8
venus-592714,2026-08-21 23:19:33,366.28,8
venus-592715,2026-08-21 23:24:56,47.83,32
venus-592716,2026-08-21 23:25:54,0.98,8
venus-592717,2026-08-21 23:27:35,1.33,8
venus-592718,2026-08-21 23:28:51,4.15,8
venus-592719,2026-08-21 23:29:06,4.75,8
venus-592720,2026-08-21 23:31:12,0.05,1
venus-592721,2026-08-21 23:31:29,2.67,1
venus-592722,2026-08-21 23:33:05,4.1,8
venus-592723,2026-08-21 23:34:11,19.4,1
venus-592724,2026-08-21 23:35:32,0.98,8
venus-592725,2026-08-21 23:37:36,3.37,8
venus-592726,2026-08-21 23:37:45,3.08,8
venus-592727,2026-08-21 23:39:35,0.65,8
venus-592729,2026-08-21 23:39:52,0.12,1
venus-592730,2026-08-21 23:40:09,18.95,1
venus-592731,2026-08-21 23:41:06,3.85,8
venus-592733,2026-08-21 23:41:37,0.02,8
venus-592734,2026-08-21 23:42:20,2.67,8
venus-592735,2026-08-21 23:42:20,654.68,8
venus-592736,2026-08-21 23:44:03,0.78,1
venus-592737,2026-08-21 23:45:03,1053.83,8
venus-592738,2026-08-21 23:45:43,7.9,8
venus-592740,2026-08-21 23:48:26,68.33,1
venus-592742,2026-08-21 23:48:56,3.5,4
venus-592743,2026-08-21 23:49:27,59.67,1
venus-592744,2026-08-21 23:49:56,82.38,1
venus-592745,2026-08-21 23:50:05,20.53,1
venus-592746,2026-08-21 23:50:36,49.75,1
venus-592747,2026-08-21 23:52:08,7.13,8
venus-592749,2026-08-21 23:53:54,3.73,8
venus-592750,2026-08-21 23:53:58,40.4,1
venus-592751,2026-08-21 23:54:20,2.13,1
venus-592752,2026-08-21 23:54:55,7.5,8
venus-592753,2026-08-21 23:56:18,184.65,1
venus-592754,2026-08-21 23:58:10,4.05,8
venus-592755,2026-08-21 23:59:48,18.42,8
venus-592756,2026-08-21 23:59:58,210.88,1
venus-592757,2026-08-22 00:00:03,211.3,1
venus-592758,2026-08-22 00:00:09,183.1,1
venus-592759,2026-08-22 00:00:15,184.4,1
venus-592760,2026-08-22 00:00:36,156.23,1
venus-592761,2026-08-22 00:00:41,184.6,1
venus-592762,2026-08-22 00:00:47,183.8,1
venus-592763,2026-08-22 00:00:53,156.03,1
venus-592764,2026-08-22 00:00:59,182.12,1
venus-592765,2026-08-22 00:01:33,184.02,1
venus-592766,2026-08-22 00:03:19,7.38,8
venus-592767,2026-08-22 00:04:11,227.32,1
venus-592768,2026-08-22 00:10:02,2792.75,160
venus-592769,2026-08-22 00:10:09,0.4,1
venus-592770,2026-08-22 00:10:50,1.6,8
venus-592774,2026-08-22 00:12:13,4.72,1
venus-592775,2026-08-22 00:12:42,0.02,80
venus-592776,2026-08-22 00:12:51,0.33,112
venus-592779,2026-08-22 00:13:16,19.97,128
venus-592780,2026-08-22 00:15:19,1.47,8
venus-592781,2026-08-22 00:17:56,0.07,8
venus-592782,2026-08-22 00:18:07,4.25,8
venus-592783,2026-08-22 00:18:29,12.63,8
venus-592784,2026-08-22 00:23:15,28.87,8
venus-592785,2026-08-22 00:27:28,276.27,16
venus-592786,2026-08-22 00:33:33,5131.25,8
venus-592787,2026-08-22 00:35:20,273.7,16
venus-592789,2026-08-22 00:51:54,0.15,1
venus-592790,2026-08-22 00:53:12,0.03,1
venus-592791,2026-08-22 00:53:26,1.7,1
venus-592792,2026-08-22 00:59:31,0.75,1
venus-592793,2026-08-22 01:00:32,3.32,1
venus-592794,2026-08-22 01:07:25,3612.1,8
venus-592795,2026-08-22 01:11:15,390.98,1
venus-592796,2026-08-22 01:17:27,51.4,1
venus-592797,2026-08-22 01:40:20,0.02,8
venus-592798,2026-08-22 02:03:37,18.9,1
venus-592799,2026-08-22 02:04:07,19.78,1
venus-592800,2026-08-22 02:04:23,935.4,8
venus-592801,2026-08-22 02:06:50,224.15,16
venus-592802,2026-08-22 02:20:38,19.35,1
venus-592812,2026-08-22 04:28:55,20.03,1
venus-592813,2026-08-22 04:32:33,19.18,1
venus-592814,2026-08-22 04:50:01,0.53,1
venus-592815,2026-08-22 05:03:45,283.2,16
venus-592816,2026-08-22 05:09:02,277.27,16
venus-592817,2026-08-22 06:28:03,51.38,1
venus-592818,2026-08-22 06:53:58,19.47,1
venus-592819,2026-08-22 07:06:45,18.22,1
venus-592820,2026-08-22 07:39:57,1645.27,4
venus-592821,2026-08-22 07:42:27,11.62,1
venus-592822,2026-08-22 07:54:15,11.78,1
venus-592823,2026-08-22 08:06:10,1669.37,1
venus-592824,2026-08-22 09:05:03,1.33,8
venus-592825,2026-08-22 09:06:23,0.7,8
venus-592826,2026-08-22 09:07:05,595.23,8
venus-592827,2026-08-22 09:18:27,19.2,1
venus-592828,2026-08-22 09:30:00,18.07,1
venus-592829,2026-08-22 09:46:19,229.32,16
venus-592830,2026-08-22 09:46:58,229.17,16
venus-592831,2026-08-22 09:48:44,59.57,1
venus-592832,2026-08-22 09:49:22,55.05,1
venus-592833,2026-08-22 09:50:16,60.8,1
venus-592834,2026-08-22 09:50:44,42.37,1
venus-592836,2026-08-22 09:52:41,32.73,1
venus-592837,2026-08-22 10:06:19,180.0,1
venus-592838,2026-08-22 10:07:22,189.78,1
venus-592839,2026-08-22 10:21:00,207.6,1
venus-592840,2026-08-22 10:37:08,0.88,8
venus-592841,2026-08-22 10:38:10,2234.05,8
venus-592842,2026-08-22 10:43:36,4.97,1
venus-592843,2026-08-22 11:18:14,0.43,1
venus-592844,2026-08-22 11:20:23,3.92,1
venus-592845,2026-08-22 11:30:14,4.95,1
venus-592846,2026-08-22 11:37:41,18.43,1
venus-592847,2026-08-22 11:48:05,17.62,1
venus-592848,2026-08-22 12:03:04,195.93,1
venus-592850,2026-08-22 12:16:35,0.12,1
venus-592851,2026-08-22 12:17:53,5.07,1
venus-592852,2026-08-22 12:23:00,0.8,1
venus-592853,2026-08-22 12:24:08,0.75,1
venus-592854,2026-08-22 12:24:55,0.42,1
venus-592855,2026-08-22 12:25:46,1.12,1
venus-592856,2026-08-22 12:27:01,2.62,1
venus-592857,2026-08-22 12:27:46,0.47,16
venus-592858,2026-08-22 12:29:44,1910.65,16
venus-592859,2026-08-22 12:30:14,0.02,8
venus-592860,2026-08-22 12:33:40,1.1,1
venus-592861,2026-08-22 12:35:03,1.07,1
venus-592862,2026-08-22 12:36:38,15.98,1
venus-592863,2026-08-22 13:00:22,17.97,1
venus-592864,2026-08-22 13:18:20,17.02,1
venus-592865,2026-08-22 13:35:21,17.38,1
venus-592866,2026-08-22 13:35:38,228.38,16
venus-592867,2026-08-22 13:36:09,227.37,16
venus-592868,2026-08-22 13:46:08,16.93,1
venus-592869,2026-08-22 13:52:44,16.78,1
venus-592870,2026-08-22 14:00:44,17.47,1
venus-592964,2026-08-22 14:14:31,16.95,1
venus-592965,2026-08-22 14:31:25,16.4,1
venus-592966,2026-08-22 14:32:41,1043.4,8
venus-592968,2026-08-22 14:36:58,1187.05,8
venus-592969,2026-08-22 15:53:05,18.9,1
venus-592970,2026-08-22 16:13:14,17.23,1
venus-592971,2026-08-22 16:18:03,1.75,1
venus-592972,2026-08-22 16:20:16,0.42,1
venus-592973,2026-08-22 16:21:02,2.35,1
venus-592974,2026-08-22 16:21:59,7.15,1
venus-592975,2026-08-22 16:24:59,2.23,1
venus-592976,2026-08-22 16:26:30,17.7,1
venus-592977,2026-08-22 17:20:49,1.15,8
venus-592978,2026-08-22 17:24:02,229.57,16
venus-592979,2026-08-22 17:24:31,4120.28,8
venus-592981,2026-08-22 17:30:13,2.18,1
venus-592982,2026-08-22 17:42:38,5371.4,2
venus-592983,2026-08-22 17:43:03,2.48,1
venus-592984,2026-08-22 17:48:07,13.3,1
venus-592985,2026-08-22 18:00:08,10.65,8
venus-592986,2026-08-22 18:02:01,17.65,1
venus-592987,2026-08-22 18:05:56,8.22,1
venus-592988,2026-08-22 18:12:42,9.2,8
venus-592989,2026-08-22 18:24:51,9.42,8
venus-592990,2026-08-22 18:27:00,7.17,1
venus-592991,2026-08-22 18:30:29,17.57,1
venus-592992,2026-08-22 18:37:34,5.65,8
venus-592993,2026-08-22 18:40:50,2.18,2
venus-592994,2026-08-22 18:43:17,6.13,8
venus-592995,2026-08-22 18:44:14,17.63,1
venus-592996,2026-08-22 18:45:10,2.25,2
venus-592997,2026-08-22 18:56:24,1.47,8
venus-592998,2026-08-22 18:58:24,1.22,8
venus-592999,2026-08-22 18:59:52,1.62,8
venus-593000,2026-08-22 19:02:19,0.98,4
venus-593001,2026-08-22 19:03:20,0.98,8
venus-593002,2026-08-22 19:04:19,0.82,8
venus-593003,2026-08-22 19:05:08,1.0,4
venus-593004,2026-08-22 19:06:10,0.75,8
venus-593005,2026-08-22 19:06:55,0.77,8
venus-593006,2026-08-22 19:07:41,580.97,8
venus-593007,2026-08-22 19:14:09,1.92,8
venus-593009,2026-08-22 19:17:51,317.65,8
venus-593013,2026-08-22 19:22:28,2.82,8
venus-593014,2026-08-22 19:35:45,5.58,1
venus-593015,2026-08-22 19:39:03,0.25,1
venus-593016,2026-08-22 19:40:03,0.6,1
venus-593017,2026-08-22 19:44:34,5.65,2
venus-593018,2026-08-22 19:45:22,0.75,1
venus-593019,2026-08-22 19:47:31,0.22,1
venus-593020,2026-08-22 19:48:17,0.75,1
venus-593021,2026-08-22 19:52:45,0.33,2
venus-593022,2026-08-22 19:53:07,5.42,2
venus-593023,2026-08-22 20:02:24,3.97,1
venus-593024,2026-08-22 20:05:32,39.3,8
venus-593025,2026-08-22 20:08:33,3.15,1
venus-593026,2026-08-22 20:09:42,17.13,1
venus-593028,2026-08-22 20:23:05,2.83,1
venus-593029,2026-08-22 20:26:39,6.9,8
venus-593030,2026-08-22 20:39:08,6.58,8
venus-593031,2026-08-22 20:45:26,15.17,8
venus-593032,2026-08-22 20:46:33,6.4,8
venus-593033,2026-08-22 20:48:05,18.32,1
venus-593034,2026-08-22 20:56:53,17.78,1
venus-593035,2026-08-22 20:57:05,6.53,8
venus-593036,2026-08-22 21:05:21,4.95,8
venus-593037,2026-08-22 21:14:45,4.92,8
venus-593038,2026-08-22 21:21:07,6.07,8
venus-593039,2026-08-22 21:32:15,6.62,8
venus-593040,2026-08-22 21:37:03,1.92,8
venus-593041,2026-08-22 21:39:13,4.08,2
venus-593042,2026-08-22 21:39:13,6.48,8
venus-593043,2026-08-22 21:43:36,4.22,2
venus-593044,2026-08-22 21:46:34,2.72,2
venus-593046,2026-08-22 21:47:52,2.52,8
venus-593047,2026-08-22 21:50:23,3.05,1
venus-593048,2026-08-22 21:54:20,7.7,8
venus-593049,2026-08-22 21:54:52,8.17,8
venus-593050,2026-08-22 21:59:08,4.13,56
venus-593051,2026-08-22 22:03:27,0.35,8
venus-593052,2026-08-22 22:04:05,0.72,8
venus-593053,2026-08-22 22:04:58,2.12,8
venus-593054,2026-08-22 22:05:02,4289.42,56
venus-593055,2026-08-22 22:05:50,0.13,8
venus-593056,2026-08-22 22:08:32,5.48,8
venus-593057,2026-08-22 22:10:18,2.95,2
venus-593058,2026-08-22 22:14:14,43.15,8
venus-593059,2026-08-22 22:17:45,58.53,2
venus-593060,2026-08-22 22:21:51,17.62,1
venus-593061,2026-08-22 22:29:16,3572.37,1
venus-593062,2026-08-22 22:36:20,183.23,1
venus-593063,2026-08-22 22:43:56,13.6,8
venus-593064,2026-08-22 22:47:11,3.28,1
venus-593065,2026-08-22 22:55:08,0.05,8
venus-593066,2026-08-22 22:56:27,4.45,8
venus-593067,2026-08-22 22:56:59,8.17,1
venus-593068,2026-08-22 22:58:09,31.68,8
venus-593070,2026-08-22 22:59:18,0.02,4
venus-593071,2026-08-22 23:01:26,17.82,1
venus-593073,2026-08-22 23:02:30,1083.57,8
venus-593074,2026-08-22 23:09:43,18.07,1
venus-593075,2026-08-22 23:16:42,863.52,2
venus-593078,2026-08-22 23:28:28,0.58,1
venus-593079,2026-08-22 23:30:26,0.45,8
venus-593080,2026-08-22 23:30:48,0.95,1
venus-593081,2026-08-22 23:31:01,0.25,8
venus-593082,2026-08-22 23:31:55,6.88,8
venus-593083,2026-08-22 23:39:16,682.48,8
venus-593084,2026-08-22 23:42:01,158.8,1
venus-593085,2026-08-22 23:44:11,2.77,8
venus-593086,2026-08-22 23:48:29,2.55,8
venus-593087,2026-08-22 23:52:25,2.6,8
venus-593089,2026-08-23 00:00:57,0.08,1
venus-593090,2026-08-23 00:02:54,2.7,8
venus-593091,2026-08-23 00:06:24,0.1,1
venus-593092,2026-08-23 00:26:38,0.13,1
venus-593093,2026-08-23 00:29:29,18.22,1
venus-593095,2026-08-23 00:36:54,0.13,1
venus-593096,2026-08-23 00:54:02,1524.25,8
venus-593097,2026-08-23 01:01:32,1.08,16
venus-593098,2026-08-23 01:03:17,73.32,8
venus-593102,2026-08-23 01:12:01,1471.17,16
venus-593108,2026-08-23 01:21:59,0.6,8
venus-593109,2026-08-23 01:27:45,11.12,8
venus-593110,2026-08-23 01:39:05,188.8,8
venus-593111,2026-08-23 01:57:13,0.12,1
venus-593112,2026-08-23 02:01:24,0.12,1
venus-593113,2026-08-23 02:05:13,0.02,1
venus-593114,2026-08-23 02:13:59,0.02,1
venus-593115,2026-08-23 02:22:00,0.02,1
venus-593116,2026-08-23 02:24:59,0.02,1
venus-593117,2026-08-23 02:27:24,0.02,1
venus-593118,2026-08-23 02:28:08,0.02,1
venus-593119,2026-08-23 02:36:30,0.12,1
venus-593120,2026-08-23 02:36:50,0.12,1
venus-593121,2026-08-23 02:37:44,18.63,1
venus-593122,2026-08-23 02:58:26,0.12,1
venus-593123,2026-08-23 03:23:28,0.22,1
venus-593124,2026-08-23 04:46:24,17.75,1
venus-593125,2026-08-23 04:48:39,94.27,8
venus-593126,2026-08-23 06:22:57,62.88,8
venus-593127,2026-08-23 06:59:11,18.32,1
venus-593128,2026-08-23 07:25:50,1.2,8
venus-593129,2026-08-23 07:27:02,47.38,8
venus-593130,2026-08-23 07:29:22,0.35,1
venus-593131,2026-08-23 07:39:10,6.18,1
venus-593132,2026-08-23 08:14:25,10.38,8
venus-593133,2026-08-23 08:46:25,0.63,1
venus-593134,2026-08-23 08:47:48,7.97,1
venus-593135,2026-08-23 09:07:31,17.72,1
venus-593137,2026-08-23 10:12:13,0.38,1
venus-593139,2026-08-23 10:23:34,2.73,8
venus-593140,2026-08-23 10:23:52,801.12,8
venus-593142,2026-08-23 10:26:05,8.12,1
venus-593143,2026-08-23 10:30:50,2.75,8
venus-593144,2026-08-23 10:34:36,276.15,1
venus-593146,2026-08-23 11:02:06,2.35,8
venus-593147,2026-08-23 11:04:27,4.2,2
venus-593148,2026-08-23 11:08:58,2.15,8
venus-593149,2026-08-23 11:11:07,4.05,2
venus-593150,2026-08-23 11:11:40,3.78,2
venus-593151,2026-08-23 11:13:19,0.13,1
venus-593152,2026-08-23 11:15:12,2.42,8
venus-593153,2026-08-23 11:15:15,20.48,1
venus-593154,2026-08-23 11:16:39,23.97,2
venus-593155,2026-08-23 11:17:06,0.13,1
venus-593156,2026-08-23 11:17:37,3.6,1
venus-593157,2026-08-23 11:28:52,135.7,1
venus-593158,2026-08-23 11:40:56,3618.73,2
venus-593159,2026-08-23 11:47:28,2.32,1
venus-593161,2026-08-23 12:06:43,20.0,8
venus-593162,2026-08-23 12:06:54,19.88,8
venus-593163,2026-08-23 12:07:01,19.82,8
venus-593164,2026-08-23 12:17:38,0.15,1
venus-593178,2026-08-23 12:28:45,4287.23,8
venus-593179,2026-08-23 12:28:49,2.9,1
venus-593180,2026-08-23 12:28:55,4245.22,8
venus-593181,2026-08-23 12:32:40,0.02,1
venus-593211,2026-08-23 12:35:48,2752.97,1
venus-593242,2026-08-23 12:37:04,2.73,8
venus-593266,2026-08-23 12:40:03,8.0,8
venus-593267,2026-08-23 12:47:20,10.5,8
venus-593268,2026-08-23 12:48:58,1403.5,8
venus-593269,2026-08-23 12:51:19,0.02,8
venus-593270,2026-08-23 12:52:54,1482.45,8
venus-593271,2026-08-23 12:58:13,0.02,8
venus-593272,2026-08-23 12:58:49,2813.77,8
venus-593273,2026-08-23 13:00:20,2.95,1
venus-593274,2026-08-23 13:01:19,0.47,1
venus-593275,2026-08-23 13:02:59,0.47,1
venus-593276,2026-08-23 13:03:10,32.38,8
venus-593277,2026-08-23 13:10:00,2.9,1
venus-593278,2026-08-23 13:15:53,0.45,1
venus-593279,2026-08-23 13:17:19,0.45,1
venus-593280,2026-08-23 13:18:30,0.45,1
venus-593281,2026-08-23 13:23:19,0.47,1
venus-593282,2026-08-23 13:24:31,0.12,1
venus-593283,2026-08-23 13:25:40,0.2,1
venus-593284,2026-08-23 13:26:18,0.53,1
venus-593285,2026-08-23 13:26:24,0.45,1
venus-593286,2026-08-23 13:27:14,5.58,1
venus-593287,2026-08-23 13:40:24,15.08,2
venus-593288,2026-08-23 13:47:47,0.03,8
venus-593289,2026-08-23 13:47:55,1.08,8
venus-593290,2026-08-23 13:49:35,1.58,8
venus-593291,2026-08-23 13:54:31,0.17,1
venus-593292,2026-08-23 13:55:41,169.28,2
venus-593294,2026-08-23 14:00:46,0.38,1
venus-593295,2026-08-23 14:01:47,0.15,1
venus-593296,2026-08-23 14:15:33,0.15,1
venus-593297,2026-08-23 14:38:15,1251.0,1
venus-593298,2026-08-23 15:01:22,32.33,8
venus-593299,2026-08-23 15:06:47,2.3,1
venus-593300,2026-08-23 15:10:04,2.28,1
venus-593301,2026-08-23 15:21:36,2.85,1
venus-593302,2026-08-23 15:26:07,0.43,1
venus-593303,2026-08-23 15:28:04,3.73,1
venus-593304,2026-08-23 15:31:55,0.02,1
venus-593305,2026-08-23 15:32:08,1.6,1
venus-593306,2026-08-23 15:32:53,2.78,8
venus-593307,2026-08-23 15:36:20,1.58,1
venus-593308,2026-08-23 15:38:19,2.77,1
venus-593309,2026-08-23 15:44:23,2.7,1
venus-593310,2026-08-23 15:47:23,1.58,1
venus-593311,2026-08-23 15:50:49,0.12,1
venus-593312,2026-08-23 15:51:07,0.12,1
venus-593313,2026-08-23 15:52:01,0.12,1
venus-593316,2026-08-23 15:52:44,1.6,1
venus-593317,2026-08-23 15:53:18,3895.95,1
venus-593319,2026-08-23 15:54:18,541.32,4
venus-593320,2026-08-23 15:56:06,0.02,1
venus-593321,2026-08-23 15:56:09,0.17,1
venus-593322,2026-08-23 15:56:37,1.63,1
venus-593323,2026-08-23 16:06:39,5.23,16
venus-593324,2026-08-23 16:06:48,5.08,16
venus-593325,2026-08-23 16:06:53,5.0,16
venus-593326,2026-08-23 16:07:56,0.3,1
venus-593327,2026-08-23 16:08:48,2.28,1
venus-593328,2026-08-23 16:11:56,0.02,16
venus-593329,2026-08-23 16:11:56,0.15,16
venus-593330,2026-08-23 16:11:56,0.1,16
venus-593333,2026-08-23 16:11:57,0.03,16
venus-593338,2026-08-23 16:12:05,0.02,16
venus-593340,2026-08-23 16:12:06,0.02,16
venus-593341,2026-08-23 16:19:52,38.72,1
venus-593342,2026-08-23 16:19:52,38.72,1
venus-593343,2026-08-23 16:19:52,38.72,1
venus-593344,2026-08-23 16:19:52,38.72,1
venus-593345,2026-08-23 16:19:52,38.82,1
venus-593346,2026-08-23 16:19:52,38.72,1
venus-593347,2026-08-23 16:19:52,38.77,1
venus-593348,2026-08-23 16:19:52,38.72,1
venus-593349,2026-08-23 16:19:52,38.98,1
venus-593350,2026-08-23 16:19:52,39.05,1
venus-593351,2026-08-23 16:19:52,39.05,1
venus-593352,2026-08-23 16:19:52,39.32,1
venus-593353,2026-08-23 16:19:52,39.32,1
venus-593354,2026-08-23 16:19:52,39.17,1
venus-593355,2026-08-23 16:19:52,38.98,1
venus-593356,2026-08-23 16:19:52,39.25,1
venus-593357,2026-08-23 16:20:54,38.05,1
venus-593358,2026-08-23 16:20:54,37.98,1
venus-593359,2026-08-23 16:20:54,38.28,1
venus-593360,2026-08-23 16:20:54,37.98,1
venus-593361,2026-08-23 16:20:54,38.15,1
venus-593362,2026-08-23 16:20:54,37.98,1
venus-593363,2026-08-23 16:20:54,38.08,1
venus-593364,2026-08-23 16:20:54,38.27,1
venus-593365,2026-08-23 16:20:54,39.5,1
venus-593366,2026-08-23 16:20:54,39.95,1
venus-593367,2026-08-23 16:20:54,39.5,1
venus-593368,2026-08-23 16:20:54,39.5,1
venus-593369,2026-08-23 16:20:54,39.95,1
venus-593370,2026-08-23 16:20:54,39.95,1
venus-593371,2026-08-23 16:20:54,39.95,1
venus-593372,2026-08-23 16:20:54,39.5,1
venus-593373,2026-08-23 16:36:55,26.1,1
venus-593374,2026-08-23 16:45:08,421.6,2
venus-593377,2026-08-23 17:01:45,1914.3,8
venus-593378,2026-08-23 17:03:22,5.9,1
venus-593379,2026-08-23 17:06:18,0.42,8
venus-593380,2026-08-23 17:08:55,0.63,8
venus-593381,2026-08-23 17:09:33,4.85,1
venus-593382,2026-08-23 17:10:49,0.88,8
venus-593383,2026-08-23 17:12:03,1.73,8
venus-593384,2026-08-23 17:14:36,0.47,1
venus-593385,2026-08-23 17:15:07,4.57,1
venus-593386,2026-08-23 17:16:58,2.12,1
venus-593387,2026-08-23 17:20:10,2525.08,1
venus-593388,2026-08-23 17:20:10,2.88,1
venus-593390,2026-08-23 17:24:28,0.15,1
venus-593391,2026-08-23 17:25:13,0.15,1
venus-593392,2026-08-23 17:25:48,3.33,1
venus-593393,2026-08-23 17:26:08,1.75,8
venus-593394,2026-08-23 17:34:00,2.57,1
venus-593397,2026-08-23 17:36:44,2.3,1
venus-593398,2026-08-23 17:42:40,0.07,8
venus-593399,2026-08-23 17:43:26,2.42,8
venus-593401,2026-08-23 17:47:22,1.55,8
venus-593402,2026-08-23 17:47:48,2.57,1
venus-593404,2026-08-23 17:51:02,1.52,8
venus-593405,2026-08-23 17:51:41,7038.27,1
venus-593406,2026-08-23 17:54:08,0.08,8
venus-593407,2026-08-23 17:54:43,0.07,8
venus-593408,2026-08-23 17:55:48,0.05,8
venus-593409,2026-08-23 17:57:40,0.07,8
venus-593411,2026-08-23 18:04:38,0.53,1
venus-593412,2026-08-23 18:05:30,7755.67,1
venus-593413,2026-08-23 18:06:05,1.45,8
venus-593414,2026-08-23 18:10:15,0.17,8
venus-593415,2026-08-23 18:10:57,1.35,8
venus-593416,2026-08-23 18:12:58,2.02,8
venus-593417,2026-08-23 18:20:49,0.08,1
venus-593418,2026-08-23 18:21:03,1.53,1
venus-593419,2026-08-23 18:23:13,1.62,1
venus-593420,2026-08-23 18:24:11,0.27,16
venus-593421,2026-08-23 18:24:55,1.55,1
venus-593424,2026-08-23 18:37:19,2.67,8
venus-593426,2026-08-23 18:42:10,2.67,8
venus-593428,2026-08-23 19:09:07,1.62,1
venus-593430,2026-08-23 19:11:20,1.67,1
venus-593431,2026-08-23 19:13:03,1.58,1
venus-593432,2026-08-23 19:15:20,0.12,1
venus-593433,2026-08-23 19:17:03,2.7,1
venus-593434,2026-08-23 19:20:43,1.22,1
venus-593435,2026-08-23 19:21:58,1.07,1
venus-593436,2026-08-23 19:35:16,0.03,8
venus-593438,2026-08-23 19:37:34,16.2,8
venus-593439,2026-08-23 19:38:28,1.95,1
venus-593441,2026-08-23 19:47:06,4.02,8
venus-593442,2026-08-23 19:51:28,5.02,8
venus-593443,2026-08-23 19:54:18,0.18,8
venus-593444,2026-08-23 19:54:48,1090.35,8
venus-593445,2026-08-23 19:56:39,5.83,8
venus-593447,2026-08-23 20:10:04,6900.23,1
venus-593448,2026-08-23 20:13:23,1.98,1
venus-593449,2026-08-23 20:16:37,1.97,1
venus-593450,2026-08-23 20:19:35,2.8,1
venus-593451,2026-08-23 20:19:55,4.02,8
venus-593452,2026-08-23 20:20:48,0.02,1
venus-593453,2026-08-23 20:23:34,1.88,1
venus-593455,2026-08-23 20:27:21,1.58,1
venus-593456,2026-08-23 20:35:38,1.52,1
venus-593457,2026-08-23 20:35:45,1965.15,16
venus-593458,2026-08-23 20:45:21,1746.5,16
venus-593459,2026-08-23 21:19:26,0.7,1
venus-593460,2026-08-23 21:21:28,3.77,1
venus-593461,2026-08-23 21:31:02,37.85,1
venus-593462,2026-08-23 21:41:00,1842.73,8
venus-593463,2026-08-23 21:41:41,2387.28,8
venus-593464,2026-08-23 21:50:25,2.72,1
venus-593465,2026-08-23 22:02:35,1.98,1
venus-593466,2026-08-23 22:05:20,3.52,1
venus-593467,2026-08-23 22:23:59,0.07,1
venus-593468,2026-08-23 22:24:30,1.73,1
venus-593469,2026-08-23 22:28:43,1.37,1
venus-593470,2026-08-23 22:33:21,0.72,1
venus-593472,2026-08-23 22:35:57,0.67,1
venus-593474,2026-08-23 22:39:18,0.03,1
venus-593475,2026-08-23 22:43:02,0.72,1
venus-593477,2026-08-23 22:47:20,0.78,1
venus-593478,2026-08-23 22:49:15,1.52,1
venus-593479,2026-08-23 23:02:41,2.35,8
venus-593480,2026-08-23 23:05:39,2.37,8
venus-593481,2026-08-23 23:06:08,10.35,160
venus-593482,2026-08-23 23:07:40,0.12,1
venus-593483,2026-08-23 23:08:32,3.83,8
venus-593484,2026-08-23 23:12:31,3.67,8
venus-593485,2026-08-23 23:13:43,0.12,1
venus-593486,2026-08-23 23:14:52,0.37,1
venus-593487,2026-08-23 23:16:29,634.4,80
venus-593488,2026-08-23 23:16:39,0.4,1
venus-593489,2026-08-23 23:16:39,0.68,80
venus-593490,2026-08-23 23:16:49,615.32,8
venus-593491,2026-08-23 23:17:17,0.73,32
venus-593492,2026-08-23 23:17:30,0.58,48
venus-593493,2026-08-23 23:18:05,0.53,32
venus-593494,2026-08-23 23:18:10,58.68,48
venus-593495,2026-08-23 23:18:37,58.22,32
venus-593496,2026-08-23 23:19:18,3594.67,1
venus-593497,2026-08-23 23:19:20,0.38,1
venus-593498,2026-08-23 23:45:19,3468.82,8
venus-593499,2026-08-24 00:00:57,0.97,1
venus-593500,2026-08-24 00:04:07,0.43,1
venus-593501,2026-08-24 00:04:39,617.38,8
venus-593502,2026-08-24 00:15:42,0.1,1
venus-593503,2026-08-24 00:16:14,0.47,1
venus-593504,2026-08-24 00:16:50,1.08,4
venus-593505,2026-08-24 00:16:53,1.12,1
venus-593506,2026-08-24 00:16:56,1.02,72
venus-593507,2026-08-24 00:17:57,0.77,32
venus-593508,2026-08-24 00:18:02,1.27,48
venus-593509,2026-08-24 00:18:43,0.52,32
venus-593510,2026-08-24 00:19:14,1.02,4
venus-593511,2026-08-24 00:19:23,0.92,72
venus-593512,2026-08-24 00:20:18,0.65,32
venus-593513,2026-08-24 00:20:23,9.87,48
venus-593514,2026-08-24 00:20:59,0.53,32
venus-593515,2026-08-24 00:21:31,6.77,32
venus-593516,2026-08-24 00:28:17,1.92,32
venus-593517,2026-08-24 00:30:12,0.58,8
venus-593518,2026-08-24 00:30:20,0.5,72
venus-593519,2026-08-24 00:30:49,13.08,32
venus-593520,2026-08-24 00:30:55,13.05,48
venus-593521,2026-08-24 00:43:56,2.68,8
venus-593522,2026-08-24 00:44:03,13.65,72
venus-593523,2026-08-24 00:46:40,11.0,8
venus-593524,2026-08-24 00:57:42,0.67,32
venus-593525,2026-08-24 00:57:47,526.98,48
venus-593526,2026-08-24 00:58:22,526.25,32
venus-593528,2026-08-24 00:59:06,1.38,1
venus-593529,2026-08-24 01:03:42,0.22,4
venus-593530,2026-08-24 01:04:54,2.57,4
venus-593532,2026-08-24 01:07:50,0.02,4
venus-593533,2026-08-24 01:13:11,4.25,1
venus-593534,2026-08-24 01:19:12,4.48,1
venus-593535,2026-08-24 01:24:55,2.8,1
venus-593536,2026-08-24 01:33:16,3.57,1
venus-593537,2026-08-24 01:37:40,2.95,1
venus-593538,2026-08-24 01:41:00,4.5,1
venus-593539,2026-08-24 01:42:42,16.92,1
venus-593540,2026-08-24 01:43:31,15.53,32
venus-593541,2026-08-24 01:43:51,793.25,2
venus-593564,2026-08-24 01:50:12,7.25,4
venus-593565,2026-08-24 01:50:51,1.85,8
venus-593566,2026-08-24 01:55:10,5.25,8
venus-593575,2026-08-24 01:56:09,0.08,8
venus-593577,2026-08-24 01:56:29,3438.18,8
venus-593578,2026-08-24 01:56:49,14.7,8
venus-593583,2026-08-24 01:57:35,71.82,4
venus-593584,2026-08-24 01:58:00,13.15,1
venus-593585,2026-08-24 01:58:04,6.4,8
venus-593586,2026-08-24 01:59:18,833.87,32
venus-593587,2026-08-24 01:59:45,18.08,1
venus-593609,2026-08-24 02:09:41,0.78,8
venus-593614,2026-08-24 02:11:55,4571.13,8
venus-593615,2026-08-24 02:13:26,1.77,1
venus-593617,2026-08-24 02:19:42,0.53,16
venus-593618,2026-08-24 02:20:33,630.6,16
venus-593629,2026-08-24 02:32:51,0.08,1
venus-593630,2026-08-24 02:33:01,0.08,1
venus-593631,2026-08-24 02:33:26,0.13,1
venus-593632,2026-08-24 02:34:03,1.7,1
venus-593633,2026-08-24 03:09:59,144.4,8
venus-593637,2026-08-24 09:22:25,42.13,1
venus-593638,2026-08-24 09:29:36,38.35,1
venus-593639,2026-08-24 09:29:36,38.35,1
venus-593640,2026-08-24 09:29:36,38.35,1
venus-593641,2026-08-24 09:29:36,38.35,1
venus-593642,2026-08-24 09:29:36,38.35,1
venus-593643,2026-08-24 09:29:36,38.35,1
venus-593644,2026-08-24 09:29:36,38.35,1
venus-593645,2026-08-24 09:29:36,38.35,1
venus-593646,2026-08-24 09:29:36,38.8,1
venus-593647,2026-08-24 09:29:36,38.77,1
venus-593648,2026-08-24 09:29:36,38.77,1
venus-593649,2026-08-24 09:29:36,38.77,1
venus-593650,2026-08-24 09:29:36,38.77,1
venus-593651,2026-08-24 09:29:36,38.77,1
venus-593652,2026-08-24 09:29:36,38.8,1
venus-593653,2026-08-24 09:29:36,38.88,1
venus-593654,2026-08-24 09:30:35,38.7,1
venus-593655,2026-08-24 09:30:35,38.73,1
venus-593656,2026-08-24 09:30:35,38.57,1
venus-593657,2026-08-24 09:30:35,38.52,1
venus-593658,2026-08-24 09:30:35,38.52,1
venus-593659,2026-08-24 09:30:35,38.52,1
venus-593660,2026-08-24 09:30:35,38.57,1
venus-593661,2026-08-24 09:30:35,38.58,1
venus-593662,2026-08-24 09:30:35,38.72,1
venus-593663,2026-08-24 09:30:35,38.6,1
venus-593664,2026-08-24 09:30:35,38.63,1
venus-593665,2026-08-24 09:30:35,38.6,1
venus-593666,2026-08-24 09:30:35,39.0,1
venus-593667,2026-08-24 09:30:35,38.6,1
venus-593668,2026-08-24 09:30:35,39.0,1
venus-593669,2026-08-24 09:30:35,38.6,1
venus-593670,2026-08-24 09:30:53,38.33,1
venus-593671,2026-08-24 09:30:53,38.28,1
venus-593672,2026-08-24 09:30:53,38.38,1
venus-593673,2026-08-24 09:30:53,38.28,1
venus-593674,2026-08-24 09:30:53,38.33,1
venus-593675,2026-08-24 09:30:53,38.28,1
venus-593676,2026-08-24 09:30:53,38.45,1
venus-593677,2026-08-24 09:30:53,38.35,1
venus-593678,2026-08-24 09:30:53,37.63,1
venus-593679,2026-08-24 09:30:53,37.73,1
venus-593680,2026-08-24 09:30:53,37.75,1
venus-593681,2026-08-24 09:30:53,37.85,1
venus-593682,2026-08-24 09:30:53,38.07,1
venus-593683,2026-08-24 09:30:53,37.88,1
venus-593684,2026-08-24 09:30:53,37.97,1
venus-593685,2026-08-24 09:30:53,37.62,1
venus-593686,2026-08-24 09:39:09,45.18,1
venus-593687,2026-08-24 09:44:37,0.1,32
venus-593688,2026-08-24 09:44:43,0.03,4
venus-593689,2026-08-24 09:44:51,4.88,80
venus-593690,2026-08-24 09:49:44,1.07,4
venus-593691,2026-08-24 09:49:54,0.33,72
venus-593692,2026-08-24 09:50:13,729.15,32
venus-593693,2026-08-24 09:50:17,2.75,2
venus-593694,2026-08-24 09:50:24,0.42,40
venus-593695,2026-08-24 09:50:50,0.95,4
venus-593696,2026-08-24 09:50:55,0.17,120
venus-593697,2026-08-24 09:51:01,727.8,80
venus-593698,2026-08-24 09:51:15,23.13,40
venus-593699,2026-08-24 09:51:49,0.53,8
venus-593700,2026-08-24 09:52:22,2.63,8
venus-593701,2026-08-24 09:55:01,11.07,8
venus-593702,2026-08-24 10:03:19,6095.98,2
venus-593703,2026-08-24 10:06:07,0.67,8
venus-593704,2026-08-24 10:06:47,7.42,8
venus-593708,2026-08-24 10:09:54,2.75,1
venus-593709,2026-08-24 10:11:16,644.07,8
venus-593710,2026-08-24 10:14:12,0.18,4
venus-593711,2026-08-24 10:14:24,1.07,8
venus-593712,2026-08-24 10:14:28,1.6,40
venus-593713,2026-08-24 10:15:28,0.53,8
venus-593714,2026-08-24 10:16:03,0.65,8
venus-593715,2026-08-24 10:16:14,0.33,40
venus-593716,2026-08-24 10:16:30,0.67,24
venus-593717,2026-08-24 10:16:44,0.08,16
venus-593718,2026-08-24 10:16:54,7.83,24
venus-593719,2026-08-24 10:17:15,7.43,24
venus-593722,2026-08-24 10:20:53,470.27,1
venus-593723,2026-08-24 10:21:27,189.6,1
venus-593724,2026-08-24 10:21:39,175.75,1
venus-593725,2026-08-24 10:21:50,133.8,1
venus-593726,2026-08-24 10:22:05,171.32,1
venus-593727,2026-08-24 10:22:21,237.98,1
venus-593728,2026-08-24 10:22:36,268.95,1
venus-593729,2026-08-24 10:22:44,290.07,1
venus-593730,2026-08-24 10:23:12,2.5,1
venus-593731,2026-08-24 10:23:25,360.53,1
venus-593732,2026-08-24 10:24:41,0.23,4
venus-593733,2026-08-24 10:24:49,0.17,40
venus-593734,2026-08-24 10:24:57,0.7,24
venus-593735,2026-08-24 10:25:04,2.18,24
venus-593736,2026-08-24 10:25:42,0.52,24
venus-593737,2026-08-24 10:26:13,1.02,24
venus-593738,2026-08-24 10:27:14,0.17,4
venus-593739,2026-08-24 10:27:20,0.08,40
venus-593740,2026-08-24 10:27:25,0.57,24
venus-593741,2026-08-24 10:27:31,2.6,24
venus-593742,2026-08-24 10:28:00,2.05,24
venus-593743,2026-08-24 10:30:12,6.82,48
venus-593744,2026-08-24 10:31:52,2.55,1
venus-593745,2026-08-24 10:37:00,217.0,24
venus-593746,2026-08-24 10:37:11,3.37,24
venus-593747,2026-08-24 10:40:31,0.67,8
venus-593748,2026-08-24 10:40:43,1.52,16
venus-593749,2026-08-24 10:41:15,0.97,4
venus-593750,2026-08-24 10:42:14,0.72,24
venus-593751,2026-08-24 10:42:58,0.65,24
venus-593752,2026-08-24 10:43:37,0.98,4
venus-593753,2026-08-24 10:43:44,0.93,16
venus-593754,2026-08-24 10:43:55,0.07,1
venus-593755,2026-08-24 10:44:20,0.27,1
venus-593756,2026-08-24 10:44:37,0.68,24
venus-593757,2026-08-24 10:45:23,0.65,24
venus-593758,2026-08-24 10:45:56,2.67,1
venus-593759,2026-08-24 10:46:02,0.98,4
venus-593760,2026-08-24 10:46:11,0.83,16
venus-593761,2026-08-24 10:47:02,0.63,24
venus-593762,2026-08-24 10:47:40,0.68,24
venus-593763,2026-08-24 10:47:46,0.77,1
venus-593764,2026-08-24 10:48:21,0.95,4
venus-593765,2026-08-24 10:48:27,0.92,16
venus-593766,2026-08-24 10:49:20,0.7,24
venus-593767,2026-08-24 10:50:05,0.68,24
venus-593768,2026-08-24 10:50:47,0.97,4
venus-593769,2026-08-24 10:50:53,0.92,16
venus-593770,2026-08-24 10:51:47,0.65,24
venus-593771,2026-08-24 10:52:28,0.63,24
venus-593772,2026-08-24 10:52:47,0.02,8
venus-593773,2026-08-24 10:53:06,0.95,4
venus-593774,2026-08-24 10:53:14,0.83,16
venus-593775,2026-08-24 10:54:05,0.82,24
venus-593776,2026-08-24 10:54:54,0.68,24
venus-593777,2026-08-24 10:55:35,1.17,4
venus-593778,2026-08-24 10:55:45,1.0,16
venus-593779,2026-08-24 10:56:11,0.02,8
venus-593780,2026-08-24 10:56:47,0.77,24
venus-593781,2026-08-24 10:57:34,0.22,8
venus-593782,2026-08-24 10:57:41,0.17,16
venus-593783,2026-08-24 10:57:48,5.78,24
venus-593784,2026-08-24 10:58:07,0.12,1
venus-593785,2026-08-24 10:58:32,0.8,1
venus-593786,2026-08-24 10:58:41,2.77,1
venus-593787,2026-08-24 10:59:04,26.5,1
venus-593788,2026-08-24 10:59:15,0.2,8
venus-593789,2026-08-24 10:59:37,0.1,8
venus-593790,2026-08-24 11:00:07,0.2,8
venus-593791,2026-08-24 11:00:56,0.02,8
venus-593792,2026-08-24 11:01:25,0.08,8
venus-593793,2026-08-24 11:02:16,2.93,1
venus-593794,2026-08-24 11:02:31,0.08,8
venus-593795,2026-08-24 11:03:39,0.92,8
venus-593796,2026-08-24 11:03:48,0.83,16
venus-593797,2026-08-24 11:04:03,0.02,1
venus-593798,2026-08-24 11:04:10,0.02,1
venus-593799,2026-08-24 11:04:36,1.58,24
venus-593800,2026-08-24 11:05:10,0.1,8
venus-593801,2026-08-24 11:06:14,0.18,8
venus-593802,2026-08-24 11:06:19,5.47,16
venus-593803,2026-08-24 11:06:26,2.62,8
venus-593804,2026-08-24 11:06:56,2.63,1
venus-593805,2026-08-24 11:07:22,1.53,1
venus-593806,2026-08-24 11:09:05,2.65,8
venus-593807,2026-08-24 11:09:15,8.55,1
venus-593808,2026-08-24 11:11:51,2.9,8
venus-593809,2026-08-24 11:11:52,2.95,16
venus-593810,2026-08-24 11:14:54,0.08,24
venus-593811,2026-08-24 11:14:55,2.8,8
venus-593812,2026-08-24 11:15:09,2.68,16
venus-593813,2026-08-24 11:15:23,0.07,8
venus-593815,2026-08-24 11:16:30,0.05,32
venus-593816,2026-08-24 11:17:54,2.77,8
venus-593817,2026-08-24 11:17:55,2.78,16
venus-593818,2026-08-24 11:18:01,0.27,32
venus-593819,2026-08-24 11:18:04,9.42,1
venus-593820,2026-08-24 11:18:34,8.42,1
venus-593821,2026-08-24 11:18:45,0.5,32
venus-593822,2026-08-24 11:19:06,0.17,8
venus-593823,2026-08-24 11:19:41,182.58,8
venus-593824,2026-08-24 11:20:30,4.93,32
venus-593825,2026-08-24 11:20:47,2.7,8
venus-593826,2026-08-24 11:20:47,2.78,16
venus-593827,2026-08-24 11:23:02,4.12,1
venus-593828,2026-08-24 11:23:39,0.08,24
venus-593829,2026-08-24 11:23:41,2.77,8
venus-593830,2026-08-24 11:23:45,19.65,1
venus-593831,2026-08-24 11:23:54,2.68,16
venus-593832,2026-08-24 11:25:28,1.23,32
venus-593833,2026-08-24 11:26:39,91.1,24
venus-593834,2026-08-24 11:26:44,36.72,32
venus-593835,2026-08-24 11:27:40,46.47,1
venus-593836,2026-08-24 11:30:45,1577.75,16
venus-593839,2026-08-24 11:31:20,2.53,1
venus-593841,2026-08-24 11:33:56,7.97,1
venus-593845,2026-08-24 11:40:06,1.25,1
venus-593846,2026-08-24 11:41:55,8.2,1
venus-593847,2026-08-24 11:45:08,30.17,1
venus-593848,2026-08-24 11:46:09,28.48,1
venus-593849,2026-08-24 11:50:05,28.22,1
venus-593850,2026-08-24 11:50:08,91.92,1
venus-593851,2026-08-24 12:08:23,38.73,32
venus-593852,2026-08-24 12:13:20,0.57,1
venus-593853,2026-08-24 12:14:41,31.48,1
venus-593854,2026-08-24 12:35:18,0.05,4
venus-593855,2026-08-24 12:35:32,3.57,4
venus-593856,2026-08-24 12:39:15,0.38,4
venus-593857,2026-08-24 12:39:54,2096.12,4
venus-593858,2026-08-24 12:46:15,4.42,1
venus-593862,2026-08-24 12:57:45,92.25,8
venus-593863,2026-08-24 12:57:54,76.17,16
venus-593864,2026-08-24 13:00:22,25.1,1
venus-593865,2026-08-24 13:06:18,179.12,1
venus-593866,2026-08-24 13:07:20,181.63,1
venus-593867,2026-08-24 13:11:37,0.15,32
venus-593868,2026-08-24 13:12:40,6.8,32
venus-593870,2026-08-24 13:19:05,6.88,1
venus-593871,2026-08-24 13:19:24,2.5,1
venus-593872,2026-08-24 13:19:33,30.1,8
venus-593874,2026-08-24 13:19:47,8.48,24
venus-593877,2026-08-24 13:22:04,10.77,1
venus-593878,2026-08-24 13:23:22,2.27,1
venus-593879,2026-08-24 13:28:27,0.32,32
venus-593880,2026-08-24 13:28:54,0.12,32
venus-593881,2026-08-24 13:29:06,4.83,32
venus-593883,2026-08-24 13:32:46,15.35,1
venus-593884,2026-08-24 13:33:02,7.58,4
venus-593885,2026-08-24 13:35:32,27.07,32
venus-593886,2026-08-24 13:36:43,0.02,6
venus-593887,2026-08-24 13:37:07,4.98,6
venus-593888,2026-08-24 13:40:47,1165.07,8
venus-593890,2026-08-24 13:42:57,2731.07,4
venus-593891,2026-08-24 13:43:46,6.07,1
venus-593893,2026-08-24 13:49:34,0.2,1
venus-593894,2026-08-24 13:49:41,0.53,8
venus-593895,2026-08-24 13:50:20,0.22,1
venus-593896,2026-08-24 13:50:27,0.25,8
venus-593897,2026-08-24 13:50:49,0.28,1
venus-593898,2026-08-24 13:51:27,0.3,1
venus-593899,2026-08-24 13:51:29,0.62,1
venus-593900,2026-08-24 13:51:54,2.3,1
venus-593901,2026-08-24 13:52:09,1.62,1
venus-593902,2026-08-24 13:53:48,3.43,1
venus-593903,2026-08-24 13:56:12,4.3,1
venus-593904,2026-08-24 13:56:57,636.38,8
venus-593905,2026-08-24 13:57:32,5.28,1
venus-593906,2026-08-24 14:00:47,4.23,1
venus-593907,2026-08-24 14:01:58,34.05,1
venus-593908,2026-08-24 14:02:40,33.67,32
venus-593909,2026-08-24 14:02:53,25.43,1
venus-593910,2026-08-24 14:05:41,1271.78,8
venus-593912,2026-08-24 14:12:08,5.73,1
venus-593913,2026-08-24 14:14:09,0.25,40
venus-593914,2026-08-24 14:14:15,3.82,1
venus-593915,2026-08-24 14:14:19,6.18,32
venus-593916,2026-08-24 14:14:34,6.07,8
venus-593918,2026-08-24 14:20:43,0.25,40
venus-593919,2026-08-24 14:20:56,1.72,32
venus-593920,2026-08-24 14:21:08,1.6,8
venus-593921,2026-08-24 14:22:24,2.4,8
venus-593922,2026-08-24 14:22:49,0.08,40
venus-593923,2026-08-24 14:22:52,15.88,32
venus-593924,2026-08-24 14:23:04,6.98,8
venus-593925,2026-08-24 14:25:29,21.78,1
venus-593926,2026-08-24 14:25:29,3.27,1
venus-593927,2026-08-24 14:28:25,27.53,1
venus-593929,2026-08-24 14:30:08,2.7,16
venus-593931,2026-08-24 14:32:47,12.48,16
venus-593937,2026-08-24 14:38:00,15539.75,8
venus-593939,2026-08-24 14:38:05,1882.25,8
venus-593942,2026-08-24 14:38:22,0.47,8
venus-593943,2026-08-24 14:38:30,16.95,32
venus-593944,2026-08-24 14:38:57,0.08,32
venus-593945,2026-08-24 14:38:59,4.27,32
venus-593946,2026-08-24 14:43:24,0.17,32
venus-593947,2026-08-24 14:43:29,4.35,32
venus-593950,2026-08-24 14:45:20,0.75,16
venus-593951,2026-08-24 14:46:05,9.4,16
venus-593952,2026-08-24 14:48:06,0.08,32
venus-593953,2026-08-24 14:48:06,2.08,32
venus-593954,2026-08-24 14:50:26,0.1,32
venus-593955,2026-08-24 14:50:27,6.32,32
venus-593956,2026-08-24 14:55:29,10.2,8
venus-593957,2026-08-24 14:55:31,19.33,8
venus-593958,2026-08-24 14:55:38,1.27,8
venus-593960,2026-08-24 14:55:58,182.65,1
venus-593961,2026-08-24 14:56:59,0.08,40
venus-593962,2026-08-24 14:57:02,4.2,32
venus-593963,2026-08-24 14:57:14,4.13,8
venus-593964,2026-08-24 14:59:08,394.18,2
venus-593965,2026-08-24 15:01:27,4.4,32
venus-593966,2026-08-24 15:01:27,4.28,8
venus-593967,2026-08-24 15:03:37,2.53,1
venus-593968,2026-08-24 15:05:49,0.08,16
venus-593969,2026-08-24 15:05:59,0.08,48
venus-593970,2026-08-24 15:06:01,223.68,32
venus-593971,2026-08-24 15:06:14,40.67,16
venus-593972,2026-08-24 15:07:05,2.43,1
venus-593973,2026-08-24 15:13:29,2.78,1
venus-593974,2026-08-24 15:15:11,0.12,1
venus-593975,2026-08-24 15:16:37,0.8,1
venus-593976,2026-08-24 15:18:57,2.72,1
venus-593977,2026-08-24 15:22:06,0.78,1
venus-593978,2026-08-24 15:23:38,0.77,1
venus-593979,2026-08-24 15:24:37,0.77,1
venus-593980,2026-08-24 15:25:19,161.9,8
venus-593981,2026-08-24 15:25:45,0.77,1
venus-593982,2026-08-24 15:26:08,2.75,1
venus-593983,2026-08-24 15:26:44,0.78,1
venus-593984,2026-08-24 15:28:34,1.25,1
venus-593985,2026-08-24 15:31:11,3.1,1
venus-593986,2026-08-24 15:31:29,1.2,1
venus-593987,2026-08-24 15:33:56,2.73,1
venus-593988,2026-08-24 15:34:00,1.9,1
venus-593989,2026-08-24 15:35:05,3.57,1
venus-593990,2026-08-24 15:35:23,2.65,1
venus-593991,2026-08-24 15:38:07,2.78,1
venus-593992,2026-08-24 15:38:17,2.72,1
venus-593993,2026-08-24 15:40:09,2.57,1
venus-593994,2026-08-24 15:42:22,4.28,1
venus-593995,2026-08-24 15:42:52,4.78,1
venus-593996,2026-08-24 15:43:02,2.02,1
venus-593997,2026-08-24 15:43:55,2.55,1
venus-593998,2026-08-24 15:46:29,2.67,1
venus-594000,2026-08-24 15:46:53,372.48,16
venus-594001,2026-08-24 15:48:22,4.37,1
venus-594002,2026-08-24 15:48:34,2.7,1
venus-594003,2026-08-24 15:50:11,5.98,1
venus-594004,2026-08-24 15:50:52,0.18,1
venus-594005,2026-08-24 15:50:52,0.18,1
venus-594006,2026-08-24 15:50:52,0.18,1
venus-594007,2026-08-24 15:50:52,0.18,1
venus-594008,2026-08-24 15:50:52,0.18,1
venus-594009,2026-08-24 15:50:52,0.18,1
venus-594010,2026-08-24 15:50:52,0.18,1
venus-594011,2026-08-24 15:50:52,0.18,1
venus-594012,2026-08-24 15:50:52,0.18,1
venus-594013,2026-08-24 15:50:52,0.18,1
venus-594014,2026-08-24 15:50:52,0.18,1
venus-594015,2026-08-24 15:50:52,0.18,1
venus-594016,2026-08-24 15:50:52,0.18,1
venus-594017,2026-08-24 15:50:52,0.18,1
venus-594018,2026-08-24 15:50:52,0.18,1
venus-594019,2026-08-24 15:50:52,0.18,1
venus-594021,2026-08-24 15:51:24,1.9,1
venus-594022,2026-08-24 15:51:32,4.02,1
venus-594023,2026-08-24 15:51:33,70.18,1
venus-594024,2026-08-24 15:51:33,70.18,1
venus-594025,2026-08-24 15:51:33,70.3,1
venus-594026,2026-08-24 15:51:33,66.4,1
venus-594027,2026-08-24 15:51:33,66.43,1
venus-594028,2026-08-24 15:51:33,70.18,1
venus-594029,2026-08-24 15:51:33,70.18,1
venus-594030,2026-08-24 15:51:33,70.37,1
venus-594031,2026-08-24 15:51:33,76.18,1
venus-594032,2026-08-24 15:51:33,76.55,1
venus-594033,2026-08-24 15:51:33,76.18,1
venus-594034,2026-08-24 15:51:33,76.28,1
venus-594035,2026-08-24 15:51:33,76.3,1
venus-594036,2026-08-24 15:51:33,76.3,1
venus-594037,2026-08-24 15:51:33,76.18,1
venus-594038,2026-08-24 15:51:33,71.73,1
venus-594039,2026-08-24 15:51:54,0.52,16
venus-594040,2026-08-24 15:52:50,73.68,1
venus-594041,2026-08-24 15:53:55,4.67,1
venus-594042,2026-08-24 15:54:38,2.68,1
venus-594043,2026-08-24 15:56:00,16.7,16
venus-594044,2026-08-24 15:56:47,1328.02,8
venus-594045,2026-08-24 15:57:18,21.33,1
venus-594046,2026-08-24 15:59:27,1.98,1
venus-594047,2026-08-24 16:00:55,66.05,1
venus-594048,2026-08-24 16:00:55,66.05,1
venus-594049,2026-08-24 16:00:55,69.7,1
venus-594050,2026-08-24 16:00:55,69.72,1
venus-594051,2026-08-24 16:00:55,69.7,1
venus-594052,2026-08-24 16:00:55,69.75,1
venus-594053,2026-08-24 16:00:55,69.7,1
venus-594054,2026-08-24 16:00:55,69.7,1
venus-594055,2026-08-24 16:00:55,20.47,1
venus-594056,2026-08-24 16:00:55,20.48,1
venus-594057,2026-08-24 16:01:22,6.45,1
venus-594058,2026-08-24 16:02:06,7.82,1
venus-594059,2026-08-24 16:08:01,8.93,1
venus-594060,2026-08-24 16:12:09,21.12,1
venus-594061,2026-08-24 16:16:54,61.58,1
venus-594062,2026-08-24 16:16:54,61.97,1
venus-594063,2026-08-24 16:16:54,61.83,1
venus-594064,2026-08-24 16:16:54,60.72,1
venus-594065,2026-08-24 16:16:54,62.23,1
venus-594066,2026-08-24 16:16:54,69.5,1
venus-594067,2026-08-24 16:16:54,65.47,1
venus-594068,2026-08-24 16:16:54,69.25,1
venus-594069,2026-08-24 16:16:54,69.25,1
venus-594070,2026-08-24 16:16:54,69.25,1
venus-594071,2026-08-24 16:16:54,69.33,1
venus-594072,2026-08-24 16:16:54,69.27,1
venus-594073,2026-08-24 16:16:54,65.47,1
venus-594074,2026-08-24 16:16:54,36.63,1
venus-594075,2026-08-24 16:16:54,36.63,1
venus-594076,2026-08-24 16:16:54,36.65,1
venus-594077,2026-08-24 16:20:20,7.73,1
venus-594078,2026-08-24 16:21:14,1.03,16
venus-594079,2026-08-24 16:21:29,18.97,1
venus-594080,2026-08-24 16:25:36,16.63,16
venus-594081,2026-08-24 16:29:34,5.9,1
venus-594082,2026-08-24 16:34:30,53.03,1
venus-594083,2026-08-24 16:34:30,52.98,1
venus-594084,2026-08-24 16:34:30,52.52,1
venus-594085,2026-08-24 16:34:30,51.07,1
venus-594086,2026-08-24 16:34:30,51.07,1
venus-594087,2026-08-24 16:34:30,50.17,1
venus-594088,2026-08-24 16:34:30,51.12,1
venus-594089,2026-08-24 16:34:30,51.1,1
venus-594090,2026-08-24 16:34:30,70.58,1
venus-594091,2026-08-24 16:34:30,72.95,1
venus-594092,2026-08-24 16:34:30,72.95,1
venus-594093,2026-08-24 16:34:30,69.18,1
venus-594094,2026-08-24 16:34:30,73.0,1
venus-594095,2026-08-24 16:34:30,72.97,1
venus-594096,2026-08-24 16:34:30,72.95,1
venus-594097,2026-08-24 16:34:30,72.98,1
venus-594098,2026-08-24 16:38:25,127.48,1
venus-594099,2026-08-24 16:41:43,2.72,1
venus-594100,2026-08-24 16:42:09,7.62,1
venus-594101,2026-08-24 16:44:31,1.92,1
venus-594102,2026-08-24 16:45:29,13.82,32
venus-594103,2026-08-24 16:47:42,2.7,1
venus-594104,2026-08-24 16:50:49,1.93,1
venus-594105,2026-08-24 16:52:20,6.57,1
venus-594106,2026-08-24 16:57:24,2.28,16
venus-594107,2026-08-24 17:00:33,4.05,1
venus-594108,2026-08-24 17:00:52,1.33,8
venus-594109,2026-08-24 17:01:19,10.8,1
venus-594110,2026-08-24 17:02:07,2.28,16
venus-594111,2026-08-24 17:03:45,1.38,8
venus-594112,2026-08-24 17:04:48,3.08,16
venus-594113,2026-08-24 17:05:06,0.03,1
venus-594114,2026-08-24 17:05:10,2.63,1
venus-594115,2026-08-24 17:05:36,3.12,1
venus-594116,2026-08-24 17:06:41,1.8,8
venus-594117,2026-08-24 17:06:55,1339.38,1
venus-594119,2026-08-24 17:08:46,8.17,8
venus-594120,2026-08-24 17:08:52,3.88,1
venus-594121,2026-08-24 17:09:10,1.95,1
venus-594123,2026-08-24 17:12:27,0.42,1
venus-594124,2026-08-24 17:14:25,1.98,1
venus-594125,2026-08-24 17:14:30,4.97,1
venus-594126,2026-08-24 17:16:07,0.85,1
venus-594127,2026-08-24 17:18:15,2.48,8
venus-594128,2026-08-24 17:20:58,3.52,8
venus-594129,2026-08-24 17:21:57,6.6,1
venus-594130,2026-08-24 17:25:37,0.03,8
venus-594131,2026-08-24 17:25:44,1572.85,32
venus-594133,2026-08-24 17:27:11,0.3,1
venus-594134,2026-08-24 17:27:31,2.68,1
venus-594135,2026-08-24 17:28:14,2478.12,8
venus-594136,2026-08-24 17:28:25,0.03,1
venus-594137,2026-08-24 17:29:08,7.22,1
venus-594138,2026-08-24 17:29:18,8.5,1
venus-594139,2026-08-24 17:30:15,1.17,1
venus-594140,2026-08-24 17:31:26,1.98,1
venus-594141,2026-08-24 17:32:40,46.38,1
venus-594142,2026-08-24 17:32:40,46.38,1
venus-594143,2026-08-24 17:32:40,46.38,1
venus-594144,2026-08-24 17:32:40,46.38,1
venus-594145,2026-08-24 17:32:40,46.38,1
venus-594146,2026-08-24 17:32:40,46.38,1
venus-594147,2026-08-24 17:32:40,46.38,1
venus-594148,2026-08-24 17:32:40,36.87,1
venus-594149,2026-08-24 17:32:48,0.77,1
venus-594150,2026-08-24 17:32:48,0.77,1
venus-594151,2026-08-24 17:32:48,0.77,1
venus-594152,2026-08-24 17:32:48,0.77,1
venus-594153,2026-08-24 17:32:48,0.77,1
venus-594154,2026-08-24 17:32:48,0.77,1
venus-594155,2026-08-24 17:33:07,38.82,1
venus-594156,2026-08-24 17:33:07,49.7,1
venus-594157,2026-08-24 17:33:07,48.27,1
venus-594158,2026-08-24 17:33:07,49.73,1
venus-594159,2026-08-24 17:33:07,48.28,1
venus-594160,2026-08-24 17:33:07,49.82,1
venus-594161,2026-08-24 17:33:07,49.85,1
venus-594162,2026-08-24 17:33:07,49.82,1
venus-594164,2026-08-24 17:34:10,48.58,1
venus-594165,2026-08-24 17:34:10,40.42,1
venus-594166,2026-08-24 17:34:10,40.42,1
venus-594167,2026-08-24 17:34:10,40.42,1
venus-594168,2026-08-24 17:34:10,40.7,1
venus-594169,2026-08-24 17:34:10,40.42,1
venus-594170,2026-08-24 17:36:15,2.63,1
venus-594171,2026-08-24 17:37:48,331.9,32
venus-594186,2026-08-24 17:39:53,82.83,8
venus-594187,2026-08-24 17:40:51,3.63,4
venus-594188,2026-08-24 17:40:53,0.15,1
venus-594189,2026-08-24 17:43:33,1.92,1
venus-594193,2026-08-24 17:44:23,152.45,1
venus-594194,2026-08-24 17:44:54,12.88,1
venus-594196,2026-08-24 17:53:55,7.02,1
venus-594197,2026-08-24 17:58:08,6.35,4
venus-594198,2026-08-24 17:58:38,0.28,1
venus-594199,2026-08-24 17:59:43,36.87,1
venus-594200,2026-08-24 18:01:17,19.38,1
venus-594201,2026-08-24 18:01:17,42.43,1
venus-594202,2026-08-24 18:01:17,42.78,1
venus-594203,2026-08-24 18:01:17,42.53,1
venus-594204,2026-08-24 18:01:17,42.78,1
venus-594205,2026-08-24 18:01:17,40.6,1
venus-594206,2026-08-24 18:01:17,42.78,1
venus-594207,2026-08-24 18:01:17,42.7,1
venus-594208,2026-08-24 18:04:54,13.05,1
venus-594209,2026-08-24 18:08:25,161.12,8
venus-594210,2026-08-24 18:16:25,3.58,1
venus-594214,2026-08-24 18:26:19,3.37,1
venus-594215,2026-08-24 18:29:09,17.63,1
venus-594216,2026-08-24 18:30:29,15.42,1
venus-594217,2026-08-24 18:30:29,15.42,1
venus-594218,2026-08-24 18:30:29,15.42,1
venus-594219,2026-08-24 18:30:29,15.42,1
venus-594220,2026-08-24 18:30:29,15.42,1
venus-594221,2026-08-24 18:30:29,15.42,1
venus-594222,2026-08-24 18:30:29,15.42,1
venus-594223,2026-08-24 18:30:29,15.42,1
venus-594224,2026-08-24 18:33:06,3.58,1
venus-594225,2026-08-24 18:36:40,85.52,1
venus-594227,2026-08-24 18:44:52,3.52,1
venus-594228,2026-08-24 18:46:12,41.0,1
venus-594229,2026-08-24 18:46:12,42.38,1
venus-594230,2026-08-24 18:46:12,42.58,1
venus-594231,2026-08-24 18:46:12,42.28,1
venus-594232,2026-08-24 18:46:12,41.92,1
venus-594233,2026-08-24 18:46:12,42.5,1
venus-594234,2026-08-24 18:46:12,42.52,1
venus-594235,2026-08-24 18:46:12,42.18,1
venus-594236,2026-08-24 18:46:17,48.48,1
venus-594237,2026-08-24 18:46:17,48.48,1
venus-594238,2026-08-24 18:46:17,48.48,1
venus-594239,2026-08-24 18:46:17,48.57,1
venus-594240,2026-08-24 18:46:17,44.9,1
venus-594241,2026-08-24 18:46:17,48.48,1
venus-594242,2026-08-24 18:46:17,48.48,1
venus-594243,2026-08-24 18:46:17,48.58,1
venus-594244,2026-08-24 18:46:25,42.6,1
venus-594245,2026-08-24 18:46:25,42.62,1
venus-594246,2026-08-24 18:46:25,42.67,1
venus-594247,2026-08-24 18:46:25,42.6,1
venus-594248,2026-08-24 18:46:25,42.73,1
venus-594249,2026-08-24 18:46:25,41.27,1
venus-594250,2026-08-24 18:47:18,17.32,1
venus-594251,2026-08-24 18:47:32,41.87,1
venus-594252,2026-08-24 18:47:32,40.25,1
venus-594253,2026-08-24 18:47:32,31.82,1
venus-594254,2026-08-24 18:47:32,31.82,1
venus-594255,2026-08-24 18:47:32,31.82,1
venus-594256,2026-08-24 18:47:32,31.57,1
venus-594257,2026-08-24 18:47:32,31.93,1
venus-594258,2026-08-24 18:47:32,31.87,1
venus-594265,2026-08-24 18:49:52,0.1,32
venus-594268,2026-08-24 18:49:56,189.25,32
venus-594284,2026-08-24 19:01:18,3.7,1
venus-594285,2026-08-24 19:04:44,14.37,1
venus-594286,2026-08-24 19:20:27,11.38,1
venus-594290,2026-08-24 19:32:15,8.4,1
venus-594292,2026-08-24 19:39:10,40.4,1
venus-594293,2026-08-24 19:39:10,40.68,1
venus-594294,2026-08-24 19:39:10,40.5,1
venus-594295,2026-08-24 19:39:10,40.45,1
venus-594296,2026-08-24 19:39:10,37.38,1
venus-594297,2026-08-24 19:39:10,40.53,1
venus-594298,2026-08-24 19:39:11,40.68,1
venus-594299,2026-08-24 19:39:11,40.4,1
venus-594300,2026-08-24 19:39:11,44.98,1
venus-594301,2026-08-24 19:39:11,44.98,1
venus-594302,2026-08-24 19:39:11,42.02,1
venus-594303,2026-08-24 19:39:11,44.98,1
venus-594304,2026-08-24 19:39:11,44.98,1
venus-594305,2026-08-24 19:39:11,42.02,1
venus-594306,2026-08-24 19:39:11,44.98,1
venus-594307,2026-08-24 19:39:11,44.98,1
venus-594308,2026-08-24 19:39:11,41.07,1
venus-594309,2026-08-24 19:39:11,41.07,1
venus-594310,2026-08-24 19:39:11,41.07,1
venus-594311,2026-08-24 19:39:11,41.07,1
venus-594312,2026-08-24 19:39:11,41.15,1
venus-594313,2026-08-24 19:39:11,41.07,1
venus-594314,2026-08-24 19:39:13,38.23,1
venus-594315,2026-08-24 19:39:13,41.03,1
venus-594316,2026-08-24 19:39:13,30.05,1
venus-594317,2026-08-24 19:39:13,30.05,1
venus-594318,2026-08-24 19:39:13,30.05,1
venus-594319,2026-08-24 19:39:13,30.05,1
venus-594320,2026-08-24 19:39:13,30.05,1
venus-594321,2026-08-24 19:39:13,30.05,1
venus-594322,2026-08-24 19:46:36,9.3,8
venus-594323,2026-08-24 19:56:07,0.3,8
venus-594324,2026-08-24 19:57:34,0.5,8
venus-594325,2026-08-24 19:59:14,89.93,1
venus-594326,2026-08-24 20:02:16,0.98,1
venus-594327,2026-08-24 20:07:53,0.95,1
venus-594329,2026-08-24 20:10:24,1.3,1
venus-594330,2026-08-24 20:11:14,0.67,8
venus-594331,2026-08-24 20:11:35,258.9,1
venus-594332,2026-08-24 20:14:46,1.08,8
venus-594335,2026-08-24 20:20:31,14.5,1
venus-594338,2026-08-24 20:25:57,5.87,1
venus-594339,2026-08-24 20:31:51,52.23,1
venus-594341,2026-08-24 20:35:47,1.98,1
venus-594342,2026-08-24 20:39:59,5.73,1
venus-594344,2026-08-24 20:45:47,1.35,1
venus-594345,2026-08-24 20:45:48,19.07,8
venus-594346,2026-08-24 20:47:18,960.9,1
venus-594349,2026-08-24 20:57:52,0.67,2
venus-594350,2026-08-24 21:00:40,1.38,2
venus-594352,2026-08-24 21:06:02,0.88,2
venus-594353,2026-08-24 21:06:54,0.93,1
venus-594355,2026-08-24 21:09:05,6.85,1
venus-594356,2026-08-24 21:09:49,2.07,2
venus-594358,2026-08-24 21:12:17,0.55,2
venus-594359,2026-08-24 21:12:55,1.37,2
venus-594360,2026-08-24 21:14:28,0.6,2
venus-594361,2026-08-24 21:15:33,1.02,2
venus-594362,2026-08-24 21:16:38,0.2,2
venus-594363,2026-08-24 21:17:03,0.33,2
venus-594364,2026-08-24 21:17:37,0.18,2
venus-594365,2026-08-24 21:19:08,0.82,2
venus-594366,2026-08-24 21:20:15,1.88,2
venus-594367,2026-08-24 21:20:49,665.13,8
venus-594368,2026-08-24 21:22:09,1.07,2
venus-594369,2026-08-24 21:23:20,0.12,2
venus-594370,2026-08-24 21:24:06,3.72,1
venus-594371,2026-08-24 21:24:33,0.4,2
venus-594372,2026-08-24 21:25:38,0.17,2
venus-594373,2026-08-24 21:27:00,0.25,2
venus-594374,2026-08-24 21:27:37,0.2,2
venus-594375,2026-08-24 21:28:32,0.23,2
venus-594376,2026-08-24 21:29:13,0.02,1
venus-594377,2026-08-24 21:29:16,0.67,8
venus-594378,2026-08-24 21:33:44,3.17,2
venus-594379,2026-08-24 21:35:20,0.68,8
venus-594380,2026-08-24 21:36:13,0.72,8
venus-594381,2026-08-24 21:37:07,0.82,2
venus-594382,2026-08-24 21:37:54,6.7,1
venus-594383,2026-08-24 21:38:03,0.38,2
venus-594384,2026-08-24 21:38:08,0.95,8
venus-594385,2026-08-24 21:38:48,198.4,2
venus-594386,2026-08-24 21:38:49,0.13,2
venus-594388,2026-08-24 21:39:19,31.52,24
venus-594389,2026-08-24 21:39:43,0.05,2
venus-594390,2026-08-24 21:39:52,0.58,2
venus-594391,2026-08-24 21:41:42,0.48,4
venus-594392,2026-08-24 21:42:15,8.3,4
venus-594394,2026-08-24 21:48:34,11.75,1
venus-594395,2026-08-24 21:50:51,1.87,2
venus-594396,2026-08-24 21:53:36,0.05,2
venus-594397,2026-08-24 21:53:43,3.47,2
venus-594398,2026-08-24 21:57:59,1065.72,4
venus-594399,2026-08-24 21:58:09,341.17,4
venus-594400,2026-08-24 21:58:56,0.07,80
venus-594401,2026-08-24 21:58:56,27.77,160
venus-594402,2026-08-24 21:59:00,0.02,80
venus-594403,2026-08-24 21:59:07,0.17,80
venus-594404,2026-08-24 21:59:22,0.42,112
venus-594406,2026-08-24 22:01:04,15.48,1
venus-594408,2026-08-24 22:02:38,3.52,8
venus-594410,2026-08-24 22:06:05,280.18,8
venus-594411,2026-08-24 22:11:28,0.02,1
venus-594412,2026-08-24 22:12:55,0.02,1
venus-594413,2026-08-24 22:13:30,0.02,1
venus-594414,2026-08-24 22:14:08,0.02,1
venus-594415,2026-08-24 22:14:35,0.03,1
venus-594416,2026-08-24 22:14:54,0.02,1
venus-594417,2026-08-24 22:16:59,24.2,1
venus-594418,2026-08-24 22:19:06,0.67,24
venus-594419,2026-08-24 22:19:10,24.23,1
venus-594420,2026-08-24 22:21:39,25.17,1
venus-594421,2026-08-24 22:21:48,0.83,24
venus-594422,2026-08-24 22:23:56,24.9,1
venus-594423,2026-08-24 22:27:43,2133.92,160
venus-594424,2026-08-24 22:29:15,31.63,24
venus-594425,2026-08-24 22:37:32,31.47,1
venus-594426,2026-08-24 22:45:08,34.78,1
venus-594427,2026-08-24 22:49:35,33.83,1
venus-594428,2026-08-24 22:51:42,34.4,1
venus-594429,2026-08-24 22:54:36,29.52,1
venus-594432,2026-08-24 23:01:06,0.83,24
venus-594433,2026-08-24 23:03:25,0.85,24
venus-594435,2026-08-24 23:08:58,0.23,8
venus-594453,2026-08-24 23:09:29,0.63,32
venus-594454,2026-08-24 23:10:06,2819.15,16
venus-594455,2026-08-24 23:10:30,0.85,24
venus-594456,2026-08-24 23:10:31,689.58,16
venus-594467,2026-08-24 23:16:51,28.28,1
venus-594469,2026-08-24 23:28:20,0.02,1
venus-594470,2026-08-24 23:28:36,0.03,1
venus-594471,2026-08-24 23:28:58,0.02,1
venus-594472,2026-08-24 23:30:49,3.52,1
venus-594473,2026-08-24 23:30:49,1486.0,1
venus-594474,2026-08-24 23:49:37,11.23,1
venus-594475,2026-08-24 23:53:14,7.73,1
venus-594476,2026-08-24 23:56:49,4.17,1
venus-594477,2026-08-25 00:00:53,29.18,1
venus-594478,2026-08-25 00:03:22,27.85,1
venus-594479,2026-08-25 00:05:34,27.32,1
venus-594481,2026-08-25 00:08:48,27.77,1
venus-594482,2026-08-25 00:15:50,0.67,24
venus-594483,2026-08-25 00:16:28,5.5,8
venus-594484,2026-08-25 00:17:04,0.03,1
venus-594485,2026-08-25 00:17:11,11.8,1
venus-594486,2026-08-25 00:18:12,31.18,1
venus-594487,2026-08-25 00:22:03,822.75,8
venus-594488,2026-08-25 00:29:08,0.42,1
venus-594489,2026-08-25 00:29:48,21.22,1
venus-594490,2026-08-25 00:34:37,27.03,1
venus-594491,2026-08-25 00:36:41,24.97,1
venus-594492,2026-08-25 00:43:38,801.17,8
venus-594493,2026-08-25 00:49:48,0.1,1
venus-594494,2026-08-25 00:50:03,0.18,1
venus-594495,2026-08-25 00:51:00,10.48,1
venus-594497,2026-08-25 00:51:26,13.97,1
venus-594498,2026-08-25 00:53:00,24.92,1
venus-594499,2026-08-25 00:55:47,25.82,1
venus-594500,2026-08-25 01:01:06,23.3,1
venus-594501,2026-08-25 01:01:57,0.08,1
venus-594502,2026-08-25 01:02:11,0.37,1
venus-594503,2026-08-25 01:03:21,584.22,2
venus-594504,2026-08-25 01:03:45,1.22,8
venus-594505,2026-08-25 01:05:11,21.13,1
venus-594506,2026-08-25 01:05:22,152.22,16
venus-594507,2026-08-25 01:07:18,12.57,1
venus-594508,2026-08-25 01:21:27,382.65,16
venus-594509,2026-08-25 01:22:31,8.93,1
venus-594510,2026-08-25 01:28:57,17.23,1
venus-594511,2026-08-25 01:32:31,18.28,1
venus-594512,2026-08-25 01:35:58,14.77,1
venus-594514,2026-08-25 01:39:19,11.48,1
venus-594515,2026-08-25 01:39:38,2.3,1
venus-594516,2026-08-25 01:41:27,6.42,1
venus-594517,2026-08-25 01:48:59,4.93,1
venus-594518,2026-08-25 01:53:07,12.52,1
venus-594519,2026-08-25 01:55:55,12.22,1
venus-594520,2026-08-25 01:57:55,9.27,1
venus-594521,2026-08-25 02:00:00,7.2,1
venus-594522,2026-08-25 02:02:29,4.08,1
venus-594523,2026-08-25 02:08:39,3.48,1
venus-594524,2026-08-25 02:10:38,8.03,1
venus-594525,2026-08-25 02:12:36,7.18,1
venus-594526,2026-08-25 02:14:27,5.38,1
venus-594527,2026-08-25 02:16:17,4.2,1
venus-594528,2026-08-25 02:18:26,3.3,1
venus-594529,2026-08-25 02:21:00,2.68,1
venus-594530,2026-08-25 02:23:13,4.95,1
venus-594531,2026-08-25 02:25:00,4.48,1
venus-594532,2026-08-25 02:26:53,3.65,1
venus-594533,2026-08-25 02:29:01,3.18,1
venus-594534,2026-08-25 02:30:53,2.75,1
venus-594535,2026-08-25 02:32:50,2.7,1
venus-594536,2026-08-25 07:44:03,1377.23,32
venus-594537,2026-08-25 08:34:25,0.07,1
venus-594538,2026-08-25 08:36:03,0.08,1
venus-594539,2026-08-25 08:36:40,4.77,1
venus-594540,2026-08-25 08:44:52,0.13,1
venus-594541,2026-08-25 08:45:38,5.48,1
venus-594542,2026-08-25 08:51:56,0.1,1
venus-594543,2026-08-25 08:52:22,4.55,1
venus-594544,2026-08-25 08:54:33,0.78,1
venus-594545,2026-08-25 08:57:12,0.32,1
venus-594546,2026-08-25 08:57:18,0.08,1
venus-594547,2026-08-25 09:00:35,0.1,1
venus-594548,2026-08-25 09:01:53,5.75,1
venus-594549,2026-08-25 09:03:14,0.55,1
venus-594550,2026-08-25 09:08:54,0.1,1
venus-594551,2026-08-25 09:09:32,4.6,1
venus-594552,2026-08-25 09:10:30,0.9,1
venus-594553,2026-08-25 09:13:24,0.12,1
venus-594554,2026-08-25 09:15:37,0.05,1
venus-594555,2026-08-25 09:16:12,0.1,1
venus-594556,2026-08-25 09:16:50,0.1,1
venus-594557,2026-08-25 09:18:22,8.77,1
venus-594558,2026-08-25 09:20:10,12.22,1
venus-594559,2026-08-25 09:20:23,12.12,1
venus-594560,2026-08-25 09:23:28,5.78,1
venus-594561,2026-08-25 09:28:10,0.1,1
venus-594562,2026-08-25 09:29:16,49.98,1
venus-594563,2026-08-25 09:31:07,8.75,1
venus-594564,2026-08-25 09:31:48,12.4,1
venus-594565,2026-08-25 09:31:48,12.4,1
venus-594568,2026-08-25 09:47:41,0.08,1
venus-594569,2026-08-25 09:48:09,0.3,8
venus-594570,2026-08-25 09:48:19,0.27,1
venus-594571,2026-08-25 09:48:43,668.58,8
venus-594572,2026-08-25 09:52:15,39.42,1
venus-594573,2026-08-25 09:52:15,39.27,1
venus-594574,2026-08-25 09:52:15,39.42,1
venus-594575,2026-08-25 09:52:15,39.5,1
venus-594576,2026-08-25 09:52:15,39.37,1
venus-594577,2026-08-25 09:52:15,39.42,1
venus-594578,2026-08-25 09:52:15,39.37,1
venus-594579,2026-08-25 09:52:15,36.1,1
venus-594580,2026-08-25 09:52:30,38.25,1
venus-594581,2026-08-25 09:52:30,36.57,1
venus-594582,2026-08-25 09:52:30,38.3,1
venus-594583,2026-08-25 09:52:30,38.13,1
venus-594584,2026-08-25 09:52:30,38.25,1
venus-594585,2026-08-25 09:52:30,37.7,1
venus-594586,2026-08-25 09:52:30,38.12,1
venus-594587,2026-08-25 09:52:30,38.3,1
venus-594588,2026-08-25 09:52:41,39.52,1
venus-594589,2026-08-25 09:52:41,39.37,1
venus-594590,2026-08-25 09:52:41,39.38,1
venus-594591,2026-08-25 09:52:41,35.93,1
venus-594592,2026-08-25 09:52:41,39.38,1
venus-594593,2026-08-25 09:52:41,39.52,1
venus-594594,2026-08-25 09:52:41,39.32,1
venus-594595,2026-08-25 09:52:41,39.32,1
venus-594596,2026-08-25 09:52:51,38.87,1
venus-594597,2026-08-25 09:52:51,38.83,1
venus-594598,2026-08-25 09:52:51,38.85,1
venus-594599,2026-08-25 09:52:51,38.77,1
venus-594600,2026-08-25 09:52:51,38.73,1
venus-594601,2026-08-25 09:52:51,38.73,1
venus-594602,2026-08-25 09:52:51,38.73,1
venus-594603,2026-08-25 09:52:51,35.17,1
venus-594604,2026-08-25 09:57:53,5.78,1
venus-594605,2026-08-25 10:00:28,11.4,16
venus-594606,2026-08-25 10:05:57,0.23,1
venus-594607,2026-08-25 10:07:12,0.33,1
venus-594608,2026-08-25 10:08:22,0.32,1
venus-594609,2026-08-25 10:08:55,0.1,2
venus-594610,2026-08-25 10:09:09,0.35,1
venus-594611,2026-08-25 10:09:18,0.13,1
venus-594612,2026-08-25 10:09:34,0.85,2
venus-594613,2026-08-25 10:10:29,5.8,1
venus-594614,2026-08-25 10:10:29,3.4,2
venus-594615,2026-08-25 10:11:09,0.25,1
venus-594616,2026-08-25 10:11:38,0.23,1
venus-594617,2026-08-25 10:13:15,0.68,16
venus-594618,2026-08-25 10:14:06,0.23,1
venus-594619,2026-08-25 10:14:20,1.35,16
venus-594621,2026-08-25 10:15:36,1.68,8
venus-594622,2026-08-25 10:17:09,0.12,1
venus-594623,2026-08-25 10:17:31,0.12,1
venus-594624,2026-08-25 10:18:15,2.43,16
venus-594625,2026-08-25 10:18:19,0.13,1
venus-594626,2026-08-25 10:18:51,841.47,1
venus-594627,2026-08-25 10:19:16,1.32,1
venus-594628,2026-08-25 10:20:47,1.92,1
venus-594629,2026-08-25 10:22:05,7.67,2
venus-594630,2026-08-25 10:22:43,3.98,1
venus-594631,2026-08-25 10:23:59,1.67,8
venus-594632,2026-08-25 10:25:12,3.13,16
venus-594633,2026-08-25 10:26:09,1.83,8
venus-594634,2026-08-25 10:26:42,1.93,1
venus-594635,2026-08-25 10:28:01,35.05,1
venus-594636,2026-08-25 10:28:20,2.02,8
venus-594637,2026-08-25 10:28:26,14.77,1
venus-594638,2026-08-25 10:28:37,37.95,1
venus-594639,2026-08-25 10:29:08,35.32,1
venus-594640,2026-08-25 10:29:19,1.38,1
venus-594641,2026-08-25 10:29:48,0.07,2
venus-594642,2026-08-25 10:29:59,316.0,2
venus-594643,2026-08-25 10:30:16,35.03,1
venus-594644,2026-08-25 10:30:27,2.2,8
venus-594645,2026-08-25 10:30:42,37.13,1
venus-594646,2026-08-25 10:30:42,37.12,1
venus-594647,2026-08-25 10:30:45,37.17,1
venus-594648,2026-08-25 10:30:45,37.1,1
venus-594649,2026-08-25 10:30:48,37.03,1
venus-594650,2026-08-25 10:30:49,37.58,1
venus-594651,2026-08-25 10:31:09,1.42,1
venus-594653,2026-08-25 10:31:35,34.17,1
venus-594654,2026-08-25 10:31:35,34.07,1
venus-594655,2026-08-25 10:31:35,34.05,1
venus-594656,2026-08-25 10:31:35,37.48,1
venus-594657,2026-08-25 10:31:37,35.47,1
venus-594658,2026-08-25 10:31:37,34.2,1
venus-594659,2026-08-25 10:31:37,36.45,1
venus-594660,2026-08-25 10:31:40,37.43,1
venus-594661,2026-08-25 10:31:40,37.43,1
venus-594662,2026-08-25 10:31:40,34.2,1
venus-594663,2026-08-25 10:31:42,34.03,1
venus-594664,2026-08-25 10:31:42,33.78,1
venus-594665,2026-08-25 10:31:43,36.95,1
venus-594666,2026-08-25 10:31:45,12.65,1
venus-594667,2026-08-25 10:32:00,12.67,1
venus-594668,2026-08-25 10:32:53,1.53,1
venus-594669,2026-08-25 10:32:57,2.32,8
venus-594670,2026-08-25 10:34:56,0.9,1
venus-594671,2026-08-25 10:35:21,2.43,8
venus-594672,2026-08-25 10:35:22,1.57,1
venus-594673,2026-08-25 10:37:33,0.07,1
venus-594674,2026-08-25 10:37:50,2.25,8
venus-594676,2026-08-25 10:37:55,0.23,1
venus-594677,2026-08-25 10:38:22,2.22,1
venus-594678,2026-08-25 10:39:22,1.35,16
venus-594679,2026-08-25 10:39:54,108.52,2
venus-594680,2026-08-25 10:40:09,2.63,8
venus-594681,2026-08-25 10:40:36,0.7,32
venus-594682,2026-08-25 10:40:41,0.07,2
venus-594683,2026-08-25 10:43:20,1.17,16
venus-594685,2026-08-25 10:43:46,1.53,1
venus-594686,2026-08-25 10:44:35,2.73,1
venus-594687,2026-08-25 10:44:43,1.32,16
venus-594689,2026-08-25 10:45:22,0.02,1
venus-594690,2026-08-25 10:45:29,2.73,1
venus-594691,2026-08-25 10:46:49,3.12,16
venus-594692,2026-08-25 10:46:53,2122.47,32
venus-594693,2026-08-25 10:47:39,3.05,16
venus-594694,2026-08-25 10:48:23,2.98,1
venus-594695,2026-08-25 10:48:26,27.62,2
venus-594696,2026-08-25 10:49:35,5.4,1
venus-594711,2026-08-25 10:55:30,9.75,1
venus-594712,2026-08-25 10:56:48,1.4,1
venus-594713,2026-08-25 10:58:33,1.42,1
venus-594714,2026-08-25 11:00:51,1.67,1
venus-594715,2026-08-25 11:01:34,1437.9,2
venus-594716,2026-08-25 11:01:37,3.63,1
venus-594717,2026-08-25 11:03:11,0.5,1
venus-594718,2026-08-25 11:04:30,2.03,1
venus-594719,2026-08-25 11:06:07,1.72,1
venus-594722,2026-08-25 11:08:05,1.02,16
venus-594726,2026-08-25 11:09:16,0.87,16
venus-594728,2026-08-25 11:09:55,69.3,4
venus-594729,2026-08-25 11:10:17,0.88,16
venus-594730,2026-08-25 11:10:32,1.65,1
venus-594733,2026-08-25 11:11:17,16.28,16
venus-594734,2026-08-25 11:11:24,5.17,1
venus-594735,2026-08-25 11:12:41,11.92,16
venus-594736,2026-08-25 11:13:12,1.83,1
venus-594737,2026-08-25 11:13:47,1.57,1
venus-594738,2026-08-25 11:14:25,1.07,1
venus-594739,2026-08-25 11:15:36,0.23,1
venus-594740,2026-08-25 11:16:51,4.63,1
venus-594741,2026-08-25 11:16:59,1.58,1
venus-594742,2026-08-25 11:17:57,296.05,2
venus-594744,2026-08-25 11:18:31,394.23,8
venus-594745,2026-08-25 11:18:37,25.4,1
venus-594746,2026-08-25 11:19:17,195.03,8
venus-594748,2026-08-25 11:20:03,0.28,1
venus-594749,2026-08-25 11:20:56,0.3,1
venus-594750,2026-08-25 11:22:23,4.93,1
venus-594752,2026-08-25 11:23:58,29.07,1
venus-594753,2026-08-25 11:24:45,0.72,16
venus-594754,2026-08-25 11:25:53,0.3,1
venus-594756,2026-08-25 11:26:06,0.62,8
venus-594757,2026-08-25 11:26:58,51.52,8
venus-594758,2026-08-25 11:27:41,7.2,8
venus-594760,2026-08-25 11:29:13,18.27,1
venus-594761,2026-08-25 11:30:43,0.3,1
venus-594763,2026-08-25 11:32:51,3.43,1
venus-594764,2026-08-25 11:33:33,2.15,1
venus-594765,2026-08-25 11:34:10,1419.88,2
venus-594766,2026-08-25 11:35:02,0.7,8
venus-594767,2026-08-25 11:35:03,0.17,1
venus-594768,2026-08-25 11:35:27,0.15,1
venus-594769,2026-08-25 11:35:52,7.47,8
venus-594770,2026-08-25 11:35:59,178.65,1
venus-594771,2026-08-25 11:36:43,36.2,1
venus-594772,2026-08-25 11:40:18,2.18,1
venus-594773,2026-08-25 11:40:48,0.33,1
venus-594774,2026-08-25 11:41:37,0.3,1
venus-594775,2026-08-25 11:43:28,1.05,8
venus-594776,2026-08-25 11:44:39,33.58,8
venus-594777,2026-08-25 11:48:43,2.15,1
venus-594778,2026-08-25 11:53:06,178.5,1
venus-594779,2026-08-25 11:53:22,2.75,1
venus-594780,2026-08-25 11:56:13,0.05,1
venus-594781,2026-08-25 11:59:53,180.15,8
venus-594782,2026-08-25 12:00:34,0.05,1
venus-594783,2026-08-25 12:04:47,7.73,1
venus-594784,2026-08-25 12:10:53,0.28,1
venus-594785,2026-08-25 12:12:23,0.02,1
venus-594786,2026-08-25 12:12:41,1.07,1
venus-594787,2026-08-25 12:12:47,0.42,1
venus-594788,2026-08-25 12:12:51,35.97,1
venus-594789,2026-08-25 12:15:28,3.95,1
venus-594792,2026-08-25 12:48:15,6.37,1
venus-594793,2026-08-25 12:51:20,36.05,1
venus-594794,2026-08-25 12:54:45,41.57,1
venus-594795,2026-08-25 12:57:42,4.08,1
venus-594796,2026-08-25 13:03:39,4.52,1
venus-594797,2026-08-25 13:05:57,23.8,1
venus-594798,2026-08-25 13:11:06,4.6,1
venus-594799,2026-08-25 13:20:10,0.42,1
venus-594800,2026-08-25 13:21:19,5.12,1
venus-594801,2026-08-25 13:21:26,4.4,1
venus-594802,2026-08-25 13:30:15,34.27,1
venus-594803,2026-08-25 13:30:17,8.35,1
venus-594804,2026-08-25 13:31:00,12.23,1
venus-594805,2026-08-25 13:32:42,8.5,1
venus-594806,2026-08-25 13:33:20,0.2,1
venus-594807,2026-08-25 13:33:29,5.02,1
venus-594808,2026-08-25 13:34:37,1.75,1
venus-594811,2026-08-25 13:36:29,8.32,1
venus-594812,2026-08-25 13:36:46,0.27,1
venus-594813,2026-08-25 13:38:00,0.33,1
venus-594814,2026-08-25 13:38:24,0.07,2
venus-594815,2026-08-25 13:39:06,0.07,2
venus-594816,2026-08-25 13:39:19,1.8,2
venus-594817,2026-08-25 13:39:49,0.32,1
venus-594818,2026-08-25 13:41:22,3.85,2
venus-594821,2026-08-25 13:45:33,5.68,8
venus-594823,2026-08-25 13:46:56,18.05,2
venus-594824,2026-08-25 13:50:30,2.3,1
venus-594826,2026-08-25 13:52:44,0.02,1
venus-594828,2026-08-25 13:54:59,43.5,1
venus-594829,2026-08-25 13:56:20,0.02,1
venus-594832,2026-08-25 14:02:14,0.02,1
venus-594833,2026-08-25 14:04:43,0.02,1
venus-594834,2026-08-25 14:04:54,10293.95,1
venus-594836,2026-08-25 14:05:02,7.03,2
venus-594837,2026-08-25 14:05:07,32.62,1
venus-594843,2026-08-25 14:12:34,7.12,2
venus-594844,2026-08-25 14:12:35,0.7,1
venus-594845,2026-08-25 14:14:31,0.33,1
venus-594846,2026-08-25 14:15:13,24.5,8
venus-594847,2026-08-25 14:18:44,13.32,1
venus-594848,2026-08-25 14:32:04,27.37,1
venus-594849,2026-08-25 14:33:06,6111.45,8
venus-594850,2026-08-25 14:34:33,1.12,8
venus-594851,2026-08-25 14:35:50,1.35,8
venus-594852,2026-08-25 14:38:06,0.12,1
venus-594853,2026-08-25 14:40:08,6103.55,8
venus-594854,2026-08-25 14:40:26,1233.55,8
venus-594855,2026-08-25 14:40:53,1233.1,8
venus-594856,2026-08-25 14:41:10,34.03,1
venus-594857,2026-08-25 14:44:36,1229.82,16
venus-594858,2026-08-25 14:45:05,0.32,1
venus-594859,2026-08-25 14:45:18,2.18,16
venus-594860,2026-08-25 14:45:58,2.15,16
venus-594861,2026-08-25 14:46:48,0.2,1
venus-594862,2026-08-25 14:47:49,6097.47,8
venus-594863,2026-08-25 14:49:39,5.2,1
venus-594864,2026-08-25 14:49:50,0.03,8
venus-594865,2026-08-25 14:49:54,1931.53,8
venus-594866,2026-08-25 14:57:59,0.2,1
venus-594867,2026-08-25 14:59:24,16.8,1
venus-594868,2026-08-25 14:59:27,36.22,1
venus-594869,2026-08-25 15:00:04,0.3,1
venus-594870,2026-08-25 15:00:31,0.22,1
venus-594871,2026-08-25 15:00:47,0.32,1
venus-594872,2026-08-25 15:02:07,0.32,1
venus-594873,2026-08-25 15:03:15,12.95,1
venus-594874,2026-08-25 15:03:23,0.23,1
venus-594875,2026-08-25 15:04:28,0.32,1
venus-594876,2026-08-25 15:04:47,1.88,1
venus-594877,2026-08-25 15:07:19,8.87,1
venus-594878,2026-08-25 15:11:57,0.32,1
venus-594879,2026-08-25 15:18:44,2.8,1
venus-594880,2026-08-25 15:19:00,182.77,1
venus-594881,2026-08-25 15:20:17,0.88,1
venus-594882,2026-08-25 15:21:56,0.45,1
venus-594884,2026-08-25 15:22:31,0.82,1
venus-594885,2026-08-25 15:23:02,2.6,1
venus-594886,2026-08-25 15:23:18,181.23,1
venus-594887,2026-08-25 15:23:20,9.4,1
venus-594888,2026-08-25 15:23:24,34.25,1
venus-594889,2026-08-25 15:24:17,115.78,8
venus-594890,2026-08-25 15:27:46,183.03,1
venus-594891,2026-08-25 15:32:50,305.48,1
venus-594892,2026-08-25 15:34:04,1.87,1
venus-594893,2026-08-25 15:35:41,0.28,1
venus-594894,2026-08-25 15:38:31,0.23,1
venus-594895,2026-08-25 15:39:17,1.97,1
venus-594896,2026-08-25 15:41:13,0.07,1
venus-594897,2026-08-25 15:41:42,1.77,1
venus-594898,2026-08-25 15:46:28,0.15,1
venus-594899,2026-08-25 15:47:02,0.13,1
venus-594900,2026-08-25 15:47:38,0.93,1
venus-594901,2026-08-25 15:50:52,3.02,1
venus-594902,2026-08-25 15:52:30,25.48,1
venus-594903,2026-08-25 15:52:58,0.92,1
venus-594904,2026-08-25 15:54:36,0.9,1
venus-594905,2026-08-25 15:58:17,4.97,1
venus-594906,2026-08-25 16:02:42,0.05,1
venus-594907,2026-08-25 16:03:08,0.65,1
venus-594908,2026-08-25 16:04:39,7.02,1
venus-594909,2026-08-25 16:05:55,0.1,1
venus-594910,2026-08-25 16:07:12,0.08,1
venus-594911,2026-08-25 16:09:59,0.08,1
venus-594912,2026-08-25 16:10:41,0.17,1
venus-594913,2026-08-25 16:10:50,0.05,8
venus-594914,2026-08-25 16:11:01,1143.43,2
venus-594915,2026-08-25 16:11:04,2.33,8
venus-594916,2026-08-25 16:12:53,1207.38,4
venus-594917,2026-08-25 16:13:29,0.27,1
venus-594918,2026-08-25 16:13:43,1206.55,8
venus-594919,2026-08-25 16:14:31,1.98,1
venus-594920,2026-08-25 16:14:51,184.35,1
venus-594921,2026-08-25 16:15:07,1280.38,4
venus-594922,2026-08-25 16:16:18,7.2,2
venus-594923,2026-08-25 16:18:56,0.1,1
venus-594924,2026-08-25 16:20:59,0.13,1
venus-594925,2026-08-25 16:21:11,6.87,1
venus-594926,2026-08-25 16:21:50,1.07,1
venus-594927,2026-08-25 16:24:28,6.52,1
venus-594928,2026-08-25 16:24:43,0.43,2
venus-594929,2026-08-25 16:25:38,21.9,2
venus-594930,2026-08-25 16:25:44,1.08,1
venus-594931,2026-08-25 16:26:47,0.18,1
venus-594932,2026-08-25 16:27:37,0.2,1
venus-594933,2026-08-25 16:27:58,0.08,1
venus-594934,2026-08-25 16:29:51,2.03,1
venus-594935,2026-08-25 16:31:33,0.1,1
venus-594936,2026-08-25 16:31:56,1.23,1
venus-594937,2026-08-25 16:33:45,7.12,1
venus-594938,2026-08-25 16:34:20,0.07,1
venus-594939,2026-08-25 16:34:40,2.3,1
venus-594940,2026-08-25 16:35:32,2.4,8
venus-594941,2026-08-25 16:36:21,1.43,1
venus-594942,2026-08-25 16:36:46,2.28,1
venus-594943,2026-08-25 16:37:54,180.62,1
venus-594944,2026-08-25 16:39:03,0.92,1
venus-594945,2026-08-25 16:40:06,0.15,1
venus-594946,2026-08-25 16:40:24,0.5,1
venus-594947,2026-08-25 16:40:54,0.08,1
venus-594948,2026-08-25 16:41:34,1.5,1
venus-594949,2026-08-25 16:41:36,7.13,1
venus-594950,2026-08-25 16:46:58,182.07,1
venus-594951,2026-08-25 16:47:16,3.87,1
venus-594952,2026-08-25 16:48:23,2.03,2
venus-594953,2026-08-25 16:50:09,98.37,1
venus-594954,2026-08-25 16:51:03,22.05,2
venus-594955,2026-08-25 16:51:22,0.22,1
venus-594956,2026-08-25 16:51:37,1.0,1
venus-594957,2026-08-25 16:52:50,0.38,1
venus-594958,2026-08-25 16:54:30,0.27,16
venus-594959,2026-08-25 16:55:22,984.8,8
venus-594960,2026-08-25 16:55:30,0.02,1
venus-594961,2026-08-25 16:55:40,2.35,1
venus-594964,2026-08-25 16:59:29,2143.85,8
venus-594965,2026-08-25 17:00:07,2233.9,8
venus-594966,2026-08-25 17:00:29,1.1,1
venus-594967,2026-08-25 17:01:52,1.45,1
venus-594968,2026-08-25 17:03:26,1.23,1
venus-594969,2026-08-25 17:04:35,0.75,1
venus-594970,2026-08-25 17:05:29,0.22,1
venus-594971,2026-08-25 17:05:41,0.35,1
venus-594972,2026-08-25 17:05:45,49.83,1
venus-594973,2026-08-25 17:06:13,0.3,1
venus-594974,2026-08-25 17:06:28,0.05,1
venus-594975,2026-08-25 17:07:03,0.02,1
venus-594976,2026-08-25 17:07:04,0.35,1
venus-594977,2026-08-25 17:07:57,3.85,1
venus-594978,2026-08-25 17:08:04,0.98,1
venus-594979,2026-08-25 17:09:15,2.4,1
venus-594980,2026-08-25 17:13:29,2.88,1
venus-594981,2026-08-25 17:16:48,33.58,2
venus-594983,2026-08-25 17:19:24,2.97,1
venus-594984,2026-08-25 17:20:05,0.02,8
venus-594985,2026-08-25 17:22:00,0.02,8
venus-594986,2026-08-25 17:23:40,2419.28,8
venus-594987,2026-08-25 17:33:31,2.88,3
venus-594988,2026-08-25 17:36:31,14.62,3
venus-594989,2026-08-25 17:42:35,1.73,1
venus-594990,2026-08-25 17:45:22,1.85,1
venus-594991,2026-08-25 17:46:42,0.02,1
venus-594992,2026-08-25 17:46:55,2.22,1
venus-594994,2026-08-25 17:50:00,0.27,1
venus-594996,2026-08-25 17:51:09,4.78,1
venus-594997,2026-08-25 17:51:28,288.53,2
venus-594998,2026-08-25 17:51:36,0.9,1
venus-594999,2026-08-25 17:53:39,0.9,1
venus-595000,2026-08-25 17:53:50,0.27,1
venus-595001,2026-08-25 17:55:17,1.7,1
venus-595002,2026-08-25 17:56:43,126.95,1
venus-595003,2026-08-25 17:58:07,2195.63,8
venus-595004,2026-08-25 18:02:00,7.0,1
venus-595005,2026-08-25 18:02:21,3829.67,1
venus-595006,2026-08-25 18:09:25,5.72,1
venus-595007,2026-08-25 18:16:03,0.15,1
venus-595008,2026-08-25 18:17:21,0.25,1
venus-595009,2026-08-25 18:18:10,1.4,1
venus-595010,2026-08-25 18:18:28,6.05,3
venus-595011,2026-08-25 18:20:46,0.62,8
venus-595012,2026-08-25 18:21:01,7.82,1
venus-595013,2026-08-25 18:21:34,46.17,8
venus-595014,2026-08-25 18:28:31,14.23,1
venus-595015,2026-08-25 18:29:00,12.85,1
venus-595016,2026-08-25 18:34:53,5.87,1
venus-595017,2026-08-25 18:41:23,0.6,1
venus-595018,2026-08-25 18:42:00,4.82,1
venus-595019,2026-08-25 18:42:45,39.4,1
venus-595020,2026-08-25 18:58:58,0.33,1
venus-595021,2026-08-25 19:00:27,0.9,1
venus-595022,2026-08-25 19:07:22,6.73,1
venus-595023,2026-08-25 19:08:01,2.27,2
venus-595024,2026-08-25 19:10:20,0.3,2
venus-595025,2026-08-25 19:10:40,303.35,2
venus-595026,2026-08-25 19:12:53,147.25,2
venus-595027,2026-08-25 19:14:29,0.03,1
venus-595028,2026-08-25 19:14:38,900.85,1
venus-595029,2026-08-25 19:22:10,0.07,1
venus-595030,2026-08-25 19:22:26,0.03,1
venus-595031,2026-08-25 19:22:57,14.22,1
venus-595032,2026-08-25 19:26:58,1.4,1
venus-595034,2026-08-25 19:37:11,0.07,1
venus-595035,2026-08-25 19:37:27,2.08,1
venus-595036,2026-08-25 19:39:15,2.12,8
venus-595037,2026-08-25 19:39:28,184.17,1
venus-595038,2026-08-25 19:41:23,188.28,1
venus-595039,2026-08-25 19:41:27,5.63,1
venus-595040,2026-08-25 19:41:32,195.6,1
venus-595041,2026-08-25 19:41:40,210.78,1
venus-595042,2026-08-25 19:42:01,217.72,1
venus-595043,2026-08-25 19:42:09,240.97,1
venus-595044,2026-08-25 19:42:21,249.35,1
venus-595045,2026-08-25 19:43:15,1.4,1
venus-595046,2026-08-25 19:47:05,1.83,1
venus-595047,2026-08-25 19:49:20,19.02,1
venus-595048,2026-08-25 19:52:21,4.65,32
venus-595049,2026-08-25 19:57:22,0.18,1
venus-595050,2026-08-25 19:57:48,0.42,1
venus-595051,2026-08-25 19:58:18,205.45,32
venus-595052,2026-08-25 20:08:28,2.03,1
venus-595053,2026-08-25 20:10:33,8.8,1
venus-595054,2026-08-25 20:15:42,0.3,2
venus-595055,2026-08-25 20:19:21,18.05,1
venus-595056,2026-08-25 20:19:28,0.37,1
venus-595057,2026-08-25 20:26:55,6.27,1
venus-595058,2026-08-25 20:33:22,2.87,1
venus-595059,2026-08-25 20:34:46,0.87,2
venus-595060,2026-08-25 20:34:56,8.93,2
venus-595061,2026-08-25 20:35:04,8.37,1
venus-595062,2026-08-25 20:36:19,1.53,1
venus-595066,2026-08-25 20:37:31,460.9,2
venus-595067,2026-08-25 20:37:55,8.65,1
venus-595068,2026-08-25 20:38:05,8.78,16
venus-595069,2026-08-25 20:38:11,7.93,1
venus-595070,2026-08-25 20:38:29,8.28,1
venus-595071,2026-08-25 20:39:50,4.85,1
venus-595072,2026-08-25 20:40:20,457.37,2
venus-595073,2026-08-25 20:41:05,5.45,1
venus-595074,2026-08-25 20:44:44,4.95,1
venus-595075,2026-08-25 20:46:10,192.68,1
venus-595076,2026-08-25 20:46:21,193.22,1
venus-595078,2026-08-25 20:46:41,16.27,1
venus-595079,2026-08-25 20:48:14,193.13,1
venus-595081,2026-08-25 20:48:40,246.83,16
venus-595083,2026-08-25 20:50:19,1.35,1
venus-595084,2026-08-25 20:51:13,775.68,4
venus-595085,2026-08-25 20:51:18,411.88,4
venus-595086,2026-08-25 20:51:41,3.53,1
venus-595087,2026-08-25 20:52:44,773.53,4
venus-595088,2026-08-25 20:52:51,0.53,1
venus-595089,2026-08-25 20:53:38,651.27,4
venus-595090,2026-08-25 20:54:09,1.6,1
venus-595091,2026-08-25 20:55:15,3.58,1
venus-595092,2026-08-25 20:56:38,195.25,1
venus-595093,2026-08-25 20:57:57,0.32,1
venus-595094,2026-08-25 20:58:26,2.35,1
venus-595095,2026-08-25 20:58:51,2.52,1
venus-595096,2026-08-25 21:01:23,2.17,1
venus-595097,2026-08-25 21:03:06,0.18,4
venus-595098,2026-08-25 21:03:06,0.13,1
venus-595099,2026-08-25 21:03:33,0.17,4
venus-595100,2026-08-25 21:04:22,1.12,1
venus-595101,2026-08-25 21:06:19,0.17,4
venus-595102,2026-08-25 21:06:38,0.13,1
venus-595104,2026-08-25 21:07:54,17.87,1
venus-595105,2026-08-25 21:08:09,0.98,1
venus-595106,2026-08-25 21:08:24,0.15,1
venus-595107,2026-08-25 21:09:01,2.95,1
venus-595108,2026-08-25 21:09:26,2.28,1
venus-595111,2026-08-25 21:11:19,0.68,1
venus-595113,2026-08-25 21:13:01,0.62,1
venus-595114,2026-08-25 21:13:04,0.57,1
venus-595115,2026-08-25 21:13:10,0.35,4
venus-595116,2026-08-25 21:13:14,15.38,1
venus-595117,2026-08-25 21:14:01,33.7,4
venus-595118,2026-08-25 21:15:21,0.52,1
venus-595119,2026-08-25 21:15:57,0.17,4
venus-595120,2026-08-25 21:16:31,0.52,1
venus-595121,2026-08-25 21:17:18,0.82,4
venus-595122,2026-08-25 21:18:21,29.35,8
venus-595125,2026-08-25 21:20:19,5.38,4
venus-595127,2026-08-25 21:25:54,29.48,1
venus-595128,2026-08-25 21:25:59,7.28,4
venus-595129,2026-08-25 21:29:51,0.25,8
venus-595130,2026-08-25 21:30:14,0.35,8
venus-595131,2026-08-25 21:30:16,166.63,1
venus-595132,2026-08-25 21:30:40,2.47,1
venus-595133,2026-08-25 21:32:15,16.52,8
venus-595134,2026-08-25 21:32:47,0.67,4
venus-595135,2026-08-25 21:32:49,0.53,1
venus-595136,2026-08-25 21:33:14,0.85,1
venus-595137,2026-08-25 21:34:07,3.48,1
venus-595138,2026-08-25 21:34:20,0.73,1
venus-595139,2026-08-25 21:34:58,0.73,1
venus-595140,2026-08-25 21:34:59,34.3,56
venus-595141,2026-08-25 21:36:01,0.18,1
venus-595142,2026-08-25 21:36:25,8.75,1
venus-595143,2026-08-25 21:37:42,226.68,1
venus-595145,2026-08-25 21:38:44,1904.58,8
venus-595146,2026-08-25 21:38:58,8.93,1
venus-595151,2026-08-25 21:39:42,0.42,8
venus-595152,2026-08-25 21:47:25,71.0,1
venus-595155,2026-08-25 21:55:36,0.07,1
venus-595157,2026-08-25 22:01:22,2.42,4
venus-595158,2026-08-25 22:02:43,0.13,1
venus-595160,2026-08-25 22:04:00,721.98,1
venus-595161,2026-08-25 22:04:02,3.83,4
venus-595163,2026-08-25 22:09:25,784.73,56
venus-595165,2026-08-25 22:11:12,0.05,1
venus-595166,2026-08-25 22:11:35,0.42,1
venus-595167,2026-08-25 22:12:18,0.02,1
venus-595168,2026-08-25 22:12:35,2.62,1
venus-595169,2026-08-25 22:12:40,0.95,1
venus-595170,2026-08-25 22:14:12,0.93,1
venus-595172,2026-08-25 22:15:25,1.22,1
venus-595173,2026-08-25 22:15:32,3.4,1
venus-595175,2026-08-25 22:18:51,0.07,8
venus-595176,2026-08-25 22:18:57,8.53,8
venus-595178,2026-08-25 22:21:15,3.43,1
venus-595179,2026-08-25 22:23:24,0.18,8
venus-595180,2026-08-25 22:24:01,7.6,1
venus-595182,2026-08-25 22:25:24,1.25,1
venus-595183,2026-08-25 22:26:36,32.37,8
venus-595185,2026-08-25 22:27:12,3.25,1
venus-595186,2026-08-25 22:29:00,3.65,1
venus-595188,2026-08-25 22:37:04,1.1,1
venus-595190,2026-08-25 22:39:27,1.62,1
venus-595191,2026-08-25 22:39:48,0.08,1
venus-595192,2026-08-25 22:39:56,55.73,1
venus-595195,2026-08-25 22:44:18,750.52,16
venus-595197,2026-08-25 22:44:38,24.88,1
venus-595198,2026-08-25 22:45:07,710.93,16
venus-595200,2026-08-25 22:48:33,2.4,8
venus-595202,2026-08-25 23:10:34,39.12,1
venus-595203,2026-08-25 23:11:43,0.15,1
venus-595204,2026-08-25 23:12:01,0.15,1
venus-595205,2026-08-25 23:12:41,0.8,1
venus-595206,2026-08-25 23:13:41,4.72,1
venus-595207,2026-08-25 23:16:35,0.52,1
venus-595208,2026-08-25 23:17:34,5.6,1
venus-595209,2026-08-25 23:21:24,0.22,1
venus-595210,2026-08-25 23:23:12,0.7,1
venus-595211,2026-08-25 23:23:14,0.63,1
venus-595213,2026-08-25 23:25:42,0.53,1
venus-595214,2026-08-25 23:26:20,0.53,1
venus-595215,2026-08-25 23:26:53,0.62,1
venus-595216,2026-08-25 23:26:54,68.35,1
venus-595217,2026-08-25 23:26:55,0.58,1
venus-595218,2026-08-25 23:28:17,0.62,1
venus-595219,2026-08-25 23:28:18,0.6,1
venus-595220,2026-08-25 23:28:46,66.35,1
venus-595221,2026-08-25 23:29:31,64.1,1
venus-595223,2026-08-25 23:31:02,17.5,1
venus-595224,2026-08-25 23:31:35,44.83,1
venus-595225,2026-08-25 23:35:58,44.78,1
venus-595227,2026-08-25 23:37:13,2.47,8
venus-595228,2026-08-25 23:37:13,0.13,1
venus-595229,2026-08-25 23:39:47,3.17,8
venus-595230,2026-08-25 23:43:18,437.95,32
venus-595232,2026-08-25 23:49:05,0.65,1
venus-595233,2026-08-25 23:50:02,7.08,1
venus-595234,2026-08-25 23:52:10,11.72,1
venus-595235,2026-08-25 23:59:12,0.15,1
venus-595236,2026-08-25 23:59:40,0.53,1
venus-595238,2026-08-26 00:02:50,0.55,1
venus-595239,2026-08-26 00:07:00,0.52,1
venus-595240,2026-08-26 00:07:15,0.38,1
venus-595241,2026-08-26 00:08:43,0.67,1
venus-595242,2026-08-26 00:08:45,0.63,1
venus-595244,2026-08-26 00:09:50,0.65,1
venus-595245,2026-08-26 00:09:52,0.62,1
venus-595246,2026-08-26 00:26:05,0.67,1
venus-595247,2026-08-26 00:26:07,0.63,1
venus-595248,2026-08-26 00:33:48,3.32,1
venus-595249,2026-08-26 00:34:04,0.55,1
venus-595250,2026-08-26 00:34:48,0.55,1
venus-595251,2026-08-26 00:37:15,0.15,1
venus-595252,2026-08-26 00:37:35,33.73,1
venus-595253,2026-08-26 00:37:59,0.55,1
venus-595254,2026-08-26 00:39:28,0.53,1
venus-595255,2026-08-26 00:40:24,0.55,1
venus-595256,2026-08-26 00:42:39,0.5,1
venus-595257,2026-08-26 00:43:02,0.37,1
venus-595258,2026-08-26 00:44:19,1.18,1
venus-595259,2026-08-26 00:45:40,0.55,1
venus-595260,2026-08-26 00:46:53,0.52,1
venus-595261,2026-08-26 00:48:41,0.63,1
venus-595262,2026-08-26 00:48:43,0.6,1
venus-595263,2026-08-26 00:54:14,619.75,2
venus-595264,2026-08-26 00:55:31,621.15,16
venus-595265,2026-08-26 00:57:54,3.28,1
venus-595266,2026-08-26 00:57:56,3.25,1
venus-595267,2026-08-26 01:03:44,610.33,2
venus-595272,2026-08-26 01:24:28,5.12,1
venus-595274,2026-08-26 01:29:40,1.02,1
venus-595275,2026-08-26 01:31:16,1.93,1
venus-595276,2026-08-26 01:33:13,603.42,1
venus-595277,2026-08-26 06:44:49,68.48,32
venus-595278,2026-08-26 07:16:27,61.85,8
venus-595279,2026-08-26 07:55:10,363.9,32
venus-595280,2026-08-26 08:18:20,16.15,8
venus-595281,2026-08-26 08:34:49,93.17,4
venus-595283,2026-08-26 08:36:47,0.15,1
venus-595284,2026-08-26 08:41:07,0.02,1
venus-595285,2026-08-26 08:41:18,0.03,1
venus-595286,2026-08-26 08:42:29,0.13,1
venus-595287,2026-08-26 08:42:55,0.13,1
venus-595288,2026-08-26 08:46:22,0.15,1
venus-595289,2026-08-26 08:48:29,0.15,1
venus-595290,2026-08-26 09:08:28,0.05,1
venus-595291,2026-08-26 09:10:45,0.03,1
venus-595292,2026-08-26 09:11:22,0.05,1
venus-595293,2026-08-26 09:13:09,0.08,1
venus-595294,2026-08-26 09:14:41,0.05,1
venus-595295,2026-08-26 09:15:23,0.07,1
venus-595296,2026-08-26 09:18:51,0.07,1
venus-595297,2026-08-26 09:20:00,0.18,1
venus-595299,2026-08-26 09:26:34,0.37,1
venus-595300,2026-08-26 09:34:10,0.95,8
venus-595301,2026-08-26 09:34:55,0.07,1
venus-595302,2026-08-26 09:35:10,147.15,8
venus-595303,2026-08-26 09:37:21,0.07,1
venus-595304,2026-08-26 09:38:02,0.38,1
venus-595305,2026-08-26 09:39:30,2579.03,4
venus-595307,2026-08-26 09:42:36,264.32,1
venus-595308,2026-08-26 09:52:59,286.67,1
venus-595309,2026-08-26 10:02:23,13.1,1
venus-595310,2026-08-26 10:02:25,13.07,1
venus-595311,2026-08-26 10:03:18,3.88,24
venus-595312,2026-08-26 10:04:14,1761.08,1
venus-595313,2026-08-26 10:06:05,0.2,1
venus-595314,2026-08-26 10:07:16,0.08,88
venus-595315,2026-08-26 10:07:26,0.08,96
venus-595316,2026-08-26 10:07:36,0.08,88
venus-595317,2026-08-26 10:07:46,0.08,104
venus-595318,2026-08-26 10:07:56,0.52,112
venus-595320,2026-08-26 10:08:39,0.08,128
venus-595321,2026-08-26 10:08:49,0.08,120
venus-595322,2026-08-26 10:08:59,1.37,136
venus-595324,2026-08-26 10:10:26,0.35,152
venus-595325,2026-08-26 10:10:32,87.12,1
venus-595326,2026-08-26 10:10:52,2.18,160
venus-595328,2026-08-26 10:13:13,2.27,160
venus-595331,2026-08-26 10:15:35,46.63,160
venus-595332,2026-08-26 10:28:35,2.53,1
venus-595333,2026-08-26 10:28:37,2.53,1
venus-595334,2026-08-26 10:31:27,5.65,1
venus-595335,2026-08-26 10:31:37,5.5,1
venus-595336,2026-08-26 10:35:43,407.32,8
venus-595340,2026-08-26 10:59:37,0.17,1
venus-595345,2026-08-26 11:02:18,3.83,160
venus-595347,2026-08-26 11:06:05,26.65,32
venus-595348,2026-08-26 11:06:05,6518.78,160
venus-595355,2026-08-26 11:12:26,204.73,1
venus-595356,2026-08-26 11:15:04,3.98,2
venus-595357,2026-08-26 11:16:41,0.85,16
venus-595358,2026-08-26 11:17:32,0.02,16
venus-595360,2026-08-26 11:17:33,0.02,16
venus-595362,2026-08-26 11:17:34,0.02,16
venus-595365,2026-08-26 11:17:35,0.02,16
venus-595366,2026-08-26 11:17:47,4.6,16
venus-595367,2026-08-26 11:20:22,0.02,8
venus-595368,2026-08-26 11:21:41,3.67,8
venus-595369,2026-08-26 11:22:24,0.42,16
venus-595370,2026-08-26 11:22:25,2.67,2
venus-595371,2026-08-26 11:23:06,393.23,16
venus-595372,2026-08-26 11:24:21,0.42,1
venus-595373,2026-08-26 11:25:16,417.32,1
venus-595374,2026-08-26 11:25:18,417.35,1
venus-595375,2026-08-26 11:26:01,0.02,8
venus-595376,2026-08-26 11:26:08,10.32,16
venus-595377,2026-08-26 11:27:22,273.23,1
venus-595378,2026-08-26 11:27:30,284.83,2
venus-595379,2026-08-26 11:27:37,12.47,16
venus-595380,2026-08-26 11:28:22,255.58,2
venus-595381,2026-08-26 11:28:57,4.7,8
venus-595382,2026-08-26 11:29:19,0.42,1
venus-595383,2026-08-26 11:29:24,436.8,8
venus-595384,2026-08-26 11:33:48,0.13,8
venus-595385,2026-08-26 11:33:58,4.32,8
venus-595400,2026-08-26 11:36:17,141.43,2
venus-595401,2026-08-26 11:36:39,2.03,1
venus-595402,2026-08-26 11:38:26,0.1,8
venus-595403,2026-08-26 11:38:33,5.37,8
venus-595404,2026-08-26 11:38:42,1.75,1
venus-595405,2026-08-26 11:40:46,37.65,32
venus-595406,2026-08-26 11:42:19,4.62,1
venus-595408,2026-08-26 11:43:56,0.02,8
venus-595409,2026-08-26 11:45:24,5810.38,2
venus-595410,2026-08-26 11:46:59,1359.65,1
venus-595411,2026-08-26 11:50:19,85.0,1
venus-595413,2026-08-26 11:52:46,0.25,1
venus-595416,2026-08-26 11:53:40,6407.37,8
venus-595417,2026-08-26 11:54:06,259.37,2
venus-595418,2026-08-26 11:58:38,1720.6,1
venus-595420,2026-08-26 12:12:39,8.45,16
venus-595421,2026-08-26 12:14:48,8.63,1
venus-595422,2026-08-26 12:14:52,713.37,4
venus-595424,2026-08-26 12:17:41,4.5,1
venus-595425,2026-08-26 12:18:09,78.28,8
venus-595426,2026-08-26 12:18:26,3.73,4
venus-595427,2026-08-26 12:18:33,13162.15,32
venus-595428,2026-08-26 12:19:57,0.2,1
venus-595429,2026-08-26 12:20:51,22.05,1
venus-595430,2026-08-26 12:21:07,10.2,16
venus-595432,2026-08-26 12:22:29,5.33,1
venus-595433,2026-08-26 12:22:40,37.08,8
venus-595434,2026-08-26 12:23:59,4.8,1
venus-595435,2026-08-26 12:28:24,0.32,1
venus-595436,2026-08-26 12:29:39,4.87,1
venus-595437,2026-08-26 12:31:12,3.85,1
venus-595438,2026-08-26 12:31:20,4.77,16
venus-595439,2026-08-26 12:31:53,8.0,1
venus-595440,2026-08-26 12:36:07,122.28,16
venus-595441,2026-08-26 12:36:07,0.02,16
venus-595445,2026-08-26 12:36:09,0.02,16
venus-595447,2026-08-26 12:36:10,0.02,16
venus-595449,2026-08-26 12:36:28,428.28,16
venus-595450,2026-08-26 13:06:17,10.32,1
venus-595451,2026-08-26 13:07:04,5.45,1
venus-595452,2026-08-26 13:07:14,6.4,1
venus-595453,2026-08-26 13:07:39,7.22,1
venus-595454,2026-08-26 13:07:59,7.4,1
venus-595455,2026-08-26 13:11:47,23.9,1
venus-595456,2026-08-26 13:12:04,6.08,1
venus-595457,2026-08-26 13:12:19,9.32,1
venus-595458,2026-08-26 13:13:29,48.12,4
venus-595459,2026-08-26 13:15:11,0.47,7
venus-595460,2026-08-26 13:16:39,80.2,7
venus-595461,2026-08-26 13:21:59,0.33,8
venus-595462,2026-08-26 13:22:48,2.8,8
venus-595463,2026-08-26 13:24:18,0.37,8
venus-595464,2026-08-26 13:25:06,2.63,8
venus-595465,2026-08-26 13:27:01,2.52,8
venus-595466,2026-08-26 13:28:06,0.02,8
venus-595467,2026-08-26 13:32:05,2761.1,16
venus-595468,2026-08-26 13:37:51,0.97,8
venus-595469,2026-08-26 13:40:19,10.35,8
venus-595470,2026-08-26 13:50:54,3.4,8
venus-595471,2026-08-26 13:54:31,33.07,8
venus-595472,2026-08-26 13:58:16,0.1,2
venus-595473,2026-08-26 13:58:29,588.17,2
venus-595474,2026-08-26 13:59:17,1148.3,32
venus-595475,2026-08-26 14:20:31,12.9,1
venus-595476,2026-08-26 14:20:44,8.23,1
venus-595477,2026-08-26 14:20:51,9.63,1
venus-595478,2026-08-26 14:21:01,9.37,1
venus-595479,2026-08-26 14:21:08,10.17,1
venus-595480,2026-08-26 14:21:19,26.3,1
venus-595481,2026-08-26 14:21:25,9.98,1
venus-595482,2026-08-26 14:21:32,13.62,1
venus-595483,2026-08-26 14:22:40,18383.47,56
venus-595484,2026-08-26 14:24:23,184.75,8
venus-595487,2026-08-26 14:28:08,16.42,8
venus-595489,2026-08-26 14:29:47,0.62,8
venus-595493,2026-08-26 14:37:05,204.13,7
venus-595494,2026-08-26 14:37:41,0.2,8
venus-595495,2026-08-26 14:41:46,2.45,16
venus-595496,2026-08-26 14:42:13,0.37,8
venus-595501,2026-08-26 14:46:34,539.77,8
venus-595509,2026-08-26 14:48:11,0.12,1
venus-595510,2026-08-26 14:48:46,0.12,1
venus-595511,2026-08-26 14:49:19,0.13,1
venus-595512,2026-08-26 14:50:05,0.13,1
venus-595513,2026-08-26 14:50:26,0.13,1
venus-595514,2026-08-26 14:51:24,2.8,1
venus-595518,2026-08-26 14:54:28,2263.58,16
venus-595519,2026-08-26 14:57:44,2.8,1
venus-595520,2026-08-26 15:00:55,0.13,1
venus-595521,2026-08-26 15:01:04,3.27,16
venus-595522,2026-08-26 15:01:54,0.13,1
venus-595524,2026-08-26 15:02:41,7.05,2
venus-595526,2026-08-26 15:04:36,86.0,2
venus-595527,2026-08-26 15:06:31,3853.42,8
venus-595528,2026-08-26 15:11:22,30.63,1
venus-595529,2026-08-26 15:12:01,9047.23,1
venus-595530,2026-08-26 15:13:11,77.72,16
venus-595538,2026-08-26 15:38:56,2793.85,2
venus-595539,2026-08-26 15:44:30,2573.47,2
venus-595540,2026-08-26 16:00:26,10058.22,2
venus-595543,2026-08-26 16:10:48,2.75,2
venus-595544,2026-08-26 16:11:17,2.72,1
venus-595545,2026-08-26 16:13:06,217.13,2
venus-595546,2026-08-26 16:14:03,1109.97,2
venus-595547,2026-08-26 16:15:08,152.73,4
venus-595548,2026-08-26 16:16:49,0.03,4
venus-595549,2026-08-26 16:17:19,210.03,4
venus-595550,2026-08-26 16:35:48,0.42,4
venus-595551,2026-08-26 16:36:08,79.42,8
venus-595552,2026-08-26 16:36:15,0.2,16
venus-595553,2026-08-26 16:36:40,2.75,16
venus-595554,2026-08-26 16:37:45,48.02,4
venus-595555,2026-08-26 16:49:46,2.43,2
venus-595556,2026-08-26 16:50:08,1.98,16
venus-595557,2026-08-26 16:54:43,1260.35,2
venus-595558,2026-08-26 16:54:45,0.03,16
venus-595559,2026-08-26 16:54:52,2.77,16
venus-595560,2026-08-26 17:17:17,3.05,4
venus-595561,2026-08-26 17:24:32,12852.25,8
venus-595562,2026-08-26 17:28:30,357.52,4
venus-595563,2026-08-26 17:29:51,0.07,1
venus-595564,2026-08-26 17:30:09,0.18,1
venus-595565,2026-08-26 17:30:55,0.02,1
venus-595566,2026-08-26 17:30:58,7.18,1
venus-595567,2026-08-26 17:39:20,0.03,1
venus-595568,2026-08-26 17:39:52,0.13,1
venus-595569,2026-08-26 17:40:21,0.05,1
venus-595570,2026-08-26 17:56:21,363.97,16
venus-595571,2026-08-26 18:07:29,0.37,1
venus-595572,2026-08-26 18:10:11,28258.93,8
venus-595573,2026-08-26 18:11:50,32744.55,8
venus-595574,2026-08-26 18:34:24,0.38,1
venus-595575,2026-08-26 18:34:44,0.63,32
venus-595576,2026-08-26 18:35:26,2.5,8
venus-595577,2026-08-26 18:38:27,1813.4,32
venus-595578,2026-08-26 18:38:50,0.38,1
venus-595579,2026-08-26 18:39:56,79.08,8
venus-595580,2026-08-26 18:40:08,48.18,4
venus-595581,2026-08-26 18:48:19,7.58,1
venus-595582,2026-08-26 18:56:34,0.02,8
venus-595583,2026-08-26 18:56:53,0.32,8
venus-595584,2026-08-26 18:57:29,0.15,1
venus-595585,2026-08-26 18:57:46,0.57,8
venus-595586,2026-08-26 18:57:55,6.13,1
venus-595587,2026-08-26 18:59:22,0.17,1
venus-595588,2026-08-26 18:59:32,0.07,1
venus-595589,2026-08-26 18:59:52,187.83,1
venus-595590,2026-08-26 18:59:55,187.32,1
venus-595591,2026-08-26 19:00:06,217.1,1
venus-595592,2026-08-26 19:00:18,190.72,1
venus-595593,2026-08-26 19:00:35,197.4,1
venus-595594,2026-08-26 19:00:44,227.98,1
venus-595595,2026-08-26 19:04:28,0.55,8
venus-595596,2026-08-26 19:06:09,0.02,8
venus-595597,2026-08-26 19:06:34,0.02,8
venus-595598,2026-08-26 19:06:50,0.22,8
venus-595599,2026-08-26 19:07:38,0.18,8
venus-595600,2026-08-26 19:08:13,0.32,8
venus-595601,2026-08-26 19:09:09,0.28,8
venus-595602,2026-08-26 19:09:18,0.38,1
venus-595603,2026-08-26 19:11:50,0.38,1
venus-595604,2026-08-26 19:12:25,0.02,8
venus-595605,2026-08-26 19:12:40,0.02,8
venus-595606,2026-08-26 19:12:54,0.5,8
venus-595607,2026-08-26 19:12:55,0.47,4
venus-595608,2026-08-26 19:15:17,0.38,1
venus-595609,2026-08-26 19:15:25,152.77,4
venus-595610,2026-08-26 19:21:37,80.95,1
venus-595611,2026-08-26 19:23:18,0.38,1
venus-595612,2026-08-26 19:28:33,0.05,1
venus-595613,2026-08-26 19:29:23,0.18,4
venus-595614,2026-08-26 19:29:45,25.55,1
venus-595615,2026-08-26 19:31:22,4.35,1
venus-595616,2026-08-26 19:32:54,0.52,1
venus-595617,2026-08-26 19:34:14,9.58,1
venus-595618,2026-08-26 19:42:08,802.13,8
venus-595619,2026-08-26 19:44:46,437.05,16
venus-595620,2026-08-26 19:45:38,0.43,1
venus-595621,2026-08-26 19:49:01,0.53,1
venus-595622,2026-08-26 19:50:00,3.68,1
venus-595623,2026-08-26 19:50:14,5.73,1
venus-595624,2026-08-26 19:52:02,0.02,1
venus-595626,2026-08-26 19:52:28,1316.58,2
venus-595627,2026-08-26 19:53:25,0.02,1
venus-595628,2026-08-26 19:55:34,0.02,1
venus-595629,2026-08-26 19:56:00,0.52,1
venus-595630,2026-08-26 19:57:32,3.68,1
venus-595631,2026-08-26 19:57:58,4.72,1
venus-595632,2026-08-26 19:58:04,0.02,1
venus-595633,2026-08-26 19:58:11,0.02,1
venus-595635,2026-08-26 19:58:18,0.03,1
venus-595636,2026-08-26 19:58:27,0.15,1
venus-595637,2026-08-26 19:59:29,1.0,1
venus-595638,2026-08-26 20:00:41,0.92,1
venus-595639,2026-08-26 20:01:21,0.4,1
venus-595640,2026-08-26 20:02:39,0.37,1
venus-595641,2026-08-26 20:02:42,0.85,1
venus-595642,2026-08-26 20:04:06,0.88,1
venus-595643,2026-08-26 20:05:06,0.03,1
venus-595644,2026-08-26 20:05:15,1.63,1
venus-595645,2026-08-26 20:07:28,0.53,1
venus-595646,2026-08-26 20:15:15,0.05,1
venus-595647,2026-08-26 20:15:53,0.38,1
venus-595648,2026-08-26 20:17:09,0.03,1
venus-595651,2026-08-26 20:19:05,44.23,1
venus-595652,2026-08-26 20:20:24,4.35,1
venus-595653,2026-08-26 20:21:43,0.62,1
venus-595654,2026-08-26 20:24:05,2.45,1
venus-595655,2026-08-26 20:26:24,2278.82,16
venus-595658,2026-08-26 20:31:59,0.72,1
venus-595659,2026-08-26 20:35:45,0.6,1
venus-595660,2026-08-26 20:36:36,0.38,1
venus-595661,2026-08-26 20:37:48,0.38,1
venus-595662,2026-08-26 20:42:08,180.52,1
venus-595663,2026-08-26 20:43:25,0.38,1
venus-595664,2026-08-26 20:45:03,182.58,1
venus-595665,2026-08-26 20:47:31,0.37,1
venus-595666,2026-08-26 20:50:03,1133.75,1
venus-595667,2026-08-26 20:52:41,183.42,1
venus-595668,2026-08-26 20:56:10,186.83,1
venus-595669,2026-08-26 20:59:50,176.83,1
venus-595671,2026-08-26 21:03:38,0.05,1
venus-595672,2026-08-26 21:03:57,190.97,1
venus-595675,2026-08-26 21:08:23,1.45,1
venus-595676,2026-08-26 21:09:57,5.82,1
venus-595677,2026-08-26 21:13:48,293.9,1
venus-595678,2026-08-26 21:14:10,236.53,1
venus-595679,2026-08-26 21:17:04,0.03,1
venus-595680,2026-08-26 21:17:09,3.93,1
venus-595681,2026-08-26 21:21:42,0.4,1
venus-595682,2026-08-26 21:25:28,0.05,1
venus-595683,2026-08-26 21:25:36,0.18,1
venus-595684,2026-08-26 21:29:59,0.4,1
venus-595685,2026-08-26 21:34:21,0.38,1
venus-595686,2026-08-26 21:35:57,0.1,1
venus-595687,2026-08-26 21:36:44,1.3,1
venus-595688,2026-08-26 21:38:03,0.75,1
venus-595689,2026-08-26 21:38:13,1.1,16
venus-595690,2026-08-26 21:38:15,62.62,1
venus-595691,2026-08-26 21:41:09,12.82,1
venus-595692,2026-08-26 21:53:23,0.02,1
venus-595693,2026-08-26 21:54:38,5.32,1
venus-595694,2026-08-26 21:56:01,0.4,1
venus-595695,2026-08-26 21:57:21,6.03,1
venus-595696,2026-08-26 21:57:24,6.02,1
venus-595697,2026-08-26 22:03:32,0.17,1
venus-595698,2026-08-26 22:04:33,1.22,1
venus-595699,2026-08-26 22:07:36,6.0,8
venus-595700,2026-08-26 22:09:21,548.95,1
venus-595701,2026-08-26 22:09:23,484.15,1
venus-595702,2026-08-26 22:09:47,5749.87,32
venus-595712,2026-08-26 22:13:06,3378.23,16
venus-595713,2026-08-26 22:17:36,4.03,1
venus-595719,2026-08-26 22:19:43,2.25,1
venus-595720,2026-08-26 22:26:59,4.12,1
venus-595721,2026-08-26 22:27:45,16784.63,8
venus-595722,2026-08-26 22:33:34,3.85,1
venus-595723,2026-08-26 22:40:27,33.58,1
venus-595724,2026-08-26 23:01:14,13.07,1
venus-595725,2026-08-26 23:05:30,217.93,1
venus-595727,2026-08-26 23:14:51,46.35,1
venus-595728,2026-08-26 23:16:35,0.02,1
venus-595731,2026-08-26 23:19:54,0.02,1
venus-595732,2026-08-26 23:20:17,6.75,1
venus-595733,2026-08-26 23:30:45,510.82,1
venus-595736,2026-08-26 23:31:13,0.02,1
venus-595737,2026-08-26 23:31:20,0.23,1
venus-595738,2026-08-26 23:32:30,0.22,1
venus-595739,2026-08-26 23:32:56,24.33,1
venus-595741,2026-08-26 23:41:49,0.23,1
venus-595742,2026-08-26 23:42:21,0.3,1
venus-595743,2026-08-26 23:46:22,28.88,8
venus-595744,2026-08-26 23:47:37,50.05,2
venus-595745,2026-08-26 23:47:40,0.67,1
venus-595746,2026-08-26 23:50:07,0.25,1
venus-595748,2026-08-26 23:50:33,0.23,1
venus-595749,2026-08-27 00:00:20,369.48,16
venus-595750,2026-08-27 00:01:15,73.25,1
venus-595751,2026-08-27 00:04:06,0.08,1
venus-595752,2026-08-27 00:05:11,5.7,1
venus-595753,2026-08-27 00:15:18,611.22,8
venus-595754,2026-08-27 00:20:43,2039.35,8
venus-595755,2026-08-27 00:22:16,0.18,1
venus-595756,2026-08-27 00:26:10,0.02,8
venus-595757,2026-08-27 00:26:24,1.8,8
venus-595758,2026-08-27 00:28:31,0.17,8
venus-595759,2026-08-27 00:28:39,4.88,1
venus-595760,2026-08-27 00:30:57,541.63,8
venus-595761,2026-08-27 00:34:40,616.6,8
venus-595765,2026-08-27 00:44:49,545.05,2
venus-595771,2026-08-27 01:47:16,3281.93,8
venus-595772,2026-08-27 03:01:50,428.45,16
venus-595773,2026-08-27 06:09:50,315.2,16
venus-595774,2026-08-27 06:23:15,2.07,8
venus-595776,2026-08-27 06:25:41,919.63,8
venus-595777,2026-08-27 06:25:44,935.97,8
venus-595778,2026-08-27 08:02:22,0.02,1
venus-595779,2026-08-27 08:03:01,14.78,1
venus-595780,2026-08-27 08:03:23,871.2,1
venus-595781,2026-08-27 08:22:28,13.72,1
venus-595782,2026-08-27 08:48:35,775.68,1
venus-595783,2026-08-27 09:22:47,36.95,4
venus-595785,2026-08-27 09:34:36,26.77,8
venus-595786,2026-08-27 09:51:02,32.65,2
venus-595787,2026-08-27 09:56:35,190.28,1
venus-595788,2026-08-27 10:01:26,42.28,8
venus-595789,2026-08-27 10:02:29,12.47,1
venus-595790,2026-08-27 10:02:29,200.63,1
venus-595791,2026-08-27 10:04:03,2.72,2
venus-595792,2026-08-27 10:06:47,8.62,1
venus-595793,2026-08-27 10:10:18,228.33,16
venus-595794,2026-08-27 10:11:00,8.67,1
venus-595795,2026-08-27 10:16:54,197.07,1
venus-595796,2026-08-27 10:17:32,595.4,2
venus-595797,2026-08-27 10:19:11,33.72,1
venus-595798,2026-08-27 10:19:44,31.25,1
venus-595799,2026-08-27 10:20:35,46.93,1
venus-595800,2026-08-27 10:20:35,198.43,1
venus-595801,2026-08-27 10:20:47,31.3,1
venus-595802,2026-08-27 10:20:58,31.15,1
venus-595803,2026-08-27 10:21:11,30.8,1
venus-595804,2026-08-27 10:21:22,29.87,1
venus-595805,2026-08-27 10:22:06,33.05,1
venus-595806,2026-08-27 10:23:07,0.38,1
venus-595807,2026-08-27 10:23:08,3.5,1
venus-595808,2026-08-27 10:26:38,1.17,1
venus-595809,2026-08-27 10:26:40,1.1,1
venus-595810,2026-08-27 10:26:48,454.43,8
venus-595811,2026-08-27 10:28:25,55.97,2
venus-595812,2026-08-27 10:30:12,0.15,1
venus-595813,2026-08-27 10:31:15,0.4,1
venus-595814,2026-08-27 10:33:16,449.02,8
venus-595815,2026-08-27 10:33:43,0.57,1
venus-595816,2026-08-27 10:36:43,1.18,1
venus-595817,2026-08-27 10:41:54,0.52,1
venus-595819,2026-08-27 10:43:57,59.73,16
venus-595820,2026-08-27 10:44:17,0.55,1
venus-595821,2026-08-27 10:46:26,560.33,2
venus-595823,2026-08-27 10:50:49,0.02,1
venus-595824,2026-08-27 10:50:51,0.7,1
venus-595825,2026-08-27 10:52:52,261.45,8
venus-595826,2026-08-27 10:59:02,0.12,8
venus-595827,2026-08-27 10:59:25,5.77,8
venus-595828,2026-08-27 11:03:19,0.62,1
venus-595829,2026-08-27 11:05:01,230.4,1
venus-595830,2026-08-27 11:06:31,6.1,8
venus-595839,2026-08-27 11:17:20,0.02,8
venus-595840,2026-08-27 11:17:21,3.65,1
venus-595842,2026-08-27 11:23:07,47.03,4
venus-595843,2026-08-27 11:23:36,1847.62,8
venus-595844,2026-08-27 11:23:48,9.57,1
venus-595846,2026-08-27 11:25:02,445.57,16
venus-595847,2026-08-27 11:26:13,0.12,1
venus-595848,2026-08-27 11:26:32,0.12,1
venus-595849,2026-08-27 11:27:45,0.4,1
venus-595850,2026-08-27 11:31:52,89.02,2
venus-595852,2026-08-27 11:36:11,3.67,1
venus-595853,2026-08-27 11:36:32,0.53,1
venus-595854,2026-08-27 11:39:31,13.05,1
venus-595855,2026-08-27 11:40:57,9.28,1
venus-595856,2026-08-27 11:41:28,0.47,1
venus-595857,2026-08-27 11:42:29,0.42,1
venus-595858,2026-08-27 11:43:09,0.48,1
venus-595859,2026-08-27 11:44:18,0.42,1
venus-595860,2026-08-27 11:45:45,0.28,1
venus-595862,2026-08-27 11:46:56,75.58,1
venus-595863,2026-08-27 11:47:07,8.9,1
venus-595864,2026-08-27 11:48:37,3.63,1
venus-595865,2026-08-27 11:49:44,0.33,1
venus-595866,2026-08-27 11:50:27,0.75,8
venus-595867,2026-08-27 11:51:09,0.6,4
venus-595868,2026-08-27 11:52:35,3.75,1
venus-595870,2026-08-27 11:54:29,0.02,1
venus-595871,2026-08-27 11:56:00,0.43,1
venus-595872,2026-08-27 11:56:59,0.03,1
venus-595873,2026-08-27 11:57:04,0.38,1
venus-595874,2026-08-27 11:58:42,0.37,1
venus-595875,2026-08-27 11:59:57,209.57,1
venus-595876,2026-08-27 12:02:57,0.4,1
venus-595877,2026-08-27 12:04:02,0.08,1
venus-595878,2026-08-27 12:04:44,0.4,1
venus-595879,2026-08-27 12:05:35,183.65,1
venus-595880,2026-08-27 12:11:17,180.88,1
venus-595881,2026-08-27 12:20:17,0.03,1
venus-595882,2026-08-27 12:21:39,251.83,1
venus-595883,2026-08-27 12:22:37,2.53,1
venus-595884,2026-08-27 12:23:14,1.6,1
venus-595885,2026-08-27 12:25:15,0.65,1
venus-595887,2026-08-27 12:28:21,0.4,1
venus-595888,2026-08-27 12:29:24,0.77,1
venus-595889,2026-08-27 12:30:05,0.38,1
venus-595890,2026-08-27 12:31:22,0.03,1
venus-595891,2026-08-27 12:31:40,0.02,1
venus-595892,2026-08-27 12:33:02,0.05,1
venus-595894,2026-08-27 12:33:58,0.03,1
venus-595897,2026-08-27 12:37:20,4.83,1
venus-595898,2026-08-27 12:39:59,0.38,1
venus-595899,2026-08-27 12:56:28,0.53,1
venus-595900,2026-08-27 12:58:05,99.3,1
venus-595901,2026-08-27 12:59:14,0.35,1
venus-595902,2026-08-27 12:59:45,1.28,1
venus-595903,2026-08-27 13:01:53,178.15,1
venus-595904,2026-08-27 13:03:02,0.02,1
venus-595905,2026-08-27 13:03:13,0.42,1
venus-595906,2026-08-27 13:03:54,0.4,1
venus-595907,2026-08-27 13:04:39,12.07,1
venus-595908,2026-08-27 13:04:52,207.32,1
venus-595909,2026-08-27 13:05:22,55.83,2
venus-595910,2026-08-27 13:05:39,4.7,1
venus-595913,2026-08-27 13:15:33,42.12,1
venus-595914,2026-08-27 13:15:33,42.12,1
venus-595915,2026-08-27 13:15:33,42.73,1
venus-595916,2026-08-27 13:15:33,42.87,1
venus-595917,2026-08-27 13:15:33,42.82,1
venus-595918,2026-08-27 13:15:33,42.75,1
venus-595919,2026-08-27 13:15:33,42.73,1
venus-595920,2026-08-27 13:15:33,42.73,1
venus-595921,2026-08-27 13:16:06,44.23,1
venus-595922,2026-08-27 13:16:06,44.07,1
venus-595923,2026-08-27 13:16:06,44.07,1
venus-595924,2026-08-27 13:16:06,44.07,1
venus-595925,2026-08-27 13:16:06,44.22,1
venus-595926,2026-08-27 13:16:06,41.57,1
venus-595927,2026-08-27 13:16:06,44.22,1
venus-595928,2026-08-27 13:16:06,44.07,1
venus-595929,2026-08-27 13:16:47,0.4,1
venus-595930,2026-08-27 13:16:51,0.5,1
venus-595931,2026-08-27 13:18:04,4.68,1
venus-595932,2026-08-27 13:18:52,0.43,1
venus-595934,2026-08-27 13:19:49,10.67,1
venus-595935,2026-08-27 13:22:16,181.18,1
venus-595936,2026-08-27 13:23:25,4.73,1
venus-595937,2026-08-27 13:23:47,0.4,1
venus-595938,2026-08-27 13:28:58,0.48,1
venus-595939,2026-08-27 13:30:04,0.55,1
venus-595940,2026-08-27 13:30:36,0.4,1
venus-595941,2026-08-27 13:31:40,8.43,1
venus-595942,2026-08-27 13:32:32,0.55,1
venus-595943,2026-08-27 13:32:38,2.85,1
venus-595944,2026-08-27 13:34:06,0.55,1
venus-595945,2026-08-27 13:39:07,0.48,1
venus-595946,2026-08-27 13:39:51,2.58,1
venus-595947,2026-08-27 13:40:08,0.4,1
venus-595948,2026-08-27 13:41:55,13.77,1
venus-595952,2026-08-27 13:45:25,0.93,1
venus-595953,2026-08-27 13:47:07,1.43,1
venus-595954,2026-08-27 13:47:49,3.62,1
venus-595956,2026-08-27 13:48:49,24.78,1
venus-595957,2026-08-27 13:50:46,0.53,1
venus-595958,2026-08-27 13:51:42,3.65,1
venus-595959,2026-08-27 13:54:50,0.47,1
venus-595960,2026-08-27 13:55:27,3.63,1
venus-595961,2026-08-27 13:55:42,0.42,1
venus-595962,2026-08-27 13:56:05,6.6,2
venus-595963,2026-08-27 13:56:31,1.28,1
venus-595964,2026-08-27 13:56:34,2.35,1
venus-595965,2026-08-27 13:56:35,0.38,1
venus-595966,2026-08-27 13:57:40,37.32,1
venus-595967,2026-08-27 13:57:40,35.83,1
venus-595968,2026-08-27 13:57:40,11.33,1
venus-595969,2026-08-27 13:58:17,8.7,1
venus-595970,2026-08-27 13:58:17,36.7,1
venus-595971,2026-08-27 13:58:17,36.7,1
venus-595972,2026-08-27 13:58:18,36.75,1
venus-595973,2026-08-27 13:58:22,36.62,1
venus-595974,2026-08-27 13:58:25,36.57,1
venus-595975,2026-08-27 13:58:39,242.83,16
venus-595976,2026-08-27 13:58:56,0.43,1
venus-595978,2026-08-27 13:59:28,13.03,1
venus-595979,2026-08-27 14:00:10,0.52,1
venus-595980,2026-08-27 14:00:10,31.93,1
venus-595981,2026-08-27 14:00:10,31.78,1
venus-595982,2026-08-27 14:00:10,31.78,1
venus-595983,2026-08-27 14:00:14,3.73,1
venus-595984,2026-08-27 14:00:19,31.63,1
venus-595985,2026-08-27 14:00:19,31.55,1
venus-595986,2026-08-27 14:00:20,31.62,1
venus-595988,2026-08-27 14:01:18,4.63,1
venus-595989,2026-08-27 14:01:37,14.43,2
venus-595990,2026-08-27 14:02:06,0.97,1
venus-595991,2026-08-27 14:02:55,6.87,2
venus-595992,2026-08-27 14:03:26,0.65,1
venus-595993,2026-08-27 14:07:53,7.42,1
venus-595994,2026-08-27 14:07:56,0.48,1
venus-595995,2026-08-27 14:08:43,0.63,1
venus-595996,2026-08-27 14:10:31,14.38,2
venus-595997,2026-08-27 14:10:52,0.67,1
venus-595998,2026-08-27 14:11:39,3.95,1
venus-595999,2026-08-27 14:12:43,0.4,1
venus-596000,2026-08-27 14:13:39,19.58,1
venus-596001,2026-08-27 14:13:57,0.43,1
venus-596002,2026-08-27 14:14:57,1659.95,1
venus-596003,2026-08-27 14:14:57,14.93,1
venus-596004,2026-08-27 14:17:59,0.02,1
venus-596005,2026-08-27 14:18:32,0.02,1
venus-596006,2026-08-27 14:20:33,0.08,1
venus-596007,2026-08-27 14:21:01,0.85,1
venus-596008,2026-08-27 14:23:09,9.87,1
venus-596010,2026-08-27 14:28:13,1227.08,2
venus-596011,2026-08-27 14:29:11,111.4,1
venus-596012,2026-08-27 14:29:28,0.47,1
venus-596013,2026-08-27 14:30:45,0.67,1
venus-596014,2026-08-27 14:30:58,0.45,1
venus-596016,2026-08-27 14:32:21,0.43,1
venus-596017,2026-08-27 14:32:59,0.4,1
venus-596018,2026-08-27 14:33:30,0.73,1
venus-596019,2026-08-27 14:33:31,0.37,1
venus-596020,2026-08-27 14:33:34,2.43,1
venus-596021,2026-08-27 14:33:55,5.4,1
venus-596022,2026-08-27 14:34:35,165.45,1
venus-596024,2026-08-27 14:36:33,110.27,1
venus-596025,2026-08-27 14:37:27,53.78,1
venus-596026,2026-08-27 14:37:42,0.85,1
venus-596027,2026-08-27 14:38:34,0.98,1
venus-596028,2026-08-27 14:39:58,0.37,1
venus-596029,2026-08-27 14:40:01,0.42,1
venus-596030,2026-08-27 14:40:24,4.4,1
venus-596031,2026-08-27 14:41:33,3022.4,16
venus-596032,2026-08-27 14:42:04,0.38,1
venus-596033,2026-08-27 14:42:38,0.4,1
venus-596034,2026-08-27 14:43:31,2.43,8
venus-596035,2026-08-27 14:46:05,0.4,1
venus-596036,2026-08-27 14:48:32,1.82,1
venus-596037,2026-08-27 14:48:52,0.05,8
venus-596038,2026-08-27 14:49:13,2458.55,8
venus-596039,2026-08-27 14:49:35,4.98,1
venus-596040,2026-08-27 14:50:20,0.48,1
venus-596041,2026-08-27 14:50:50,3.97,1
venus-596042,2026-08-27 14:53:33,0.5,4
venus-596043,2026-08-27 14:57:24,2.52,2
venus-596044,2026-08-27 14:57:42,1.63,1
venus-596045,2026-08-27 15:00:38,714.9,4
venus-596047,2026-08-27 15:02:30,1.63,1
venus-596048,2026-08-27 15:04:26,102.3,1
venus-596049,2026-08-27 15:05:34,11.75,2
venus-596050,2026-08-27 15:06:31,0.43,1
venus-596051,2026-08-27 15:06:40,102.97,1
venus-596052,2026-08-27 15:09:23,1230.12,1
venus-596053,2026-08-27 15:09:25,0.42,1
venus-596054,2026-08-27 15:09:52,1.9,1
venus-596055,2026-08-27 15:11:39,186.68,32
venus-596056,2026-08-27 15:12:08,0.03,1
venus-596057,2026-08-27 15:12:11,0.42,1
venus-596058,2026-08-27 15:13:13,77.47,1
venus-596059,2026-08-27 15:13:53,77.25,1
venus-596060,2026-08-27 15:14:20,0.83,8
venus-596061,2026-08-27 15:15:20,803.1,8
venus-596062,2026-08-27 15:15:56,2.72,1
venus-596063,2026-08-27 15:18:54,16.73,2
venus-596064,2026-08-27 15:25:23,1.0,1
venus-596065,2026-08-27 15:26:35,22.4,1
venus-596067,2026-08-27 15:29:54,0.08,1
venus-596068,2026-08-27 15:30:28,1.6,1
venus-596069,2026-08-27 15:30:59,33.12,1
venus-596070,2026-08-27 15:30:59,33.12,1
venus-596071,2026-08-27 15:30:59,33.12,1
venus-596072,2026-08-27 15:30:59,33.12,1
venus-596073,2026-08-27 15:30:59,33.12,1
venus-596074,2026-08-27 15:30:59,33.12,1
venus-596075,2026-08-27 15:30:59,33.12,1
venus-596076,2026-08-27 15:30:59,42.48,1
venus-596077,2026-08-27 15:31:02,0.83,1
venus-596078,2026-08-27 15:31:15,42.22,1
venus-596079,2026-08-27 15:31:15,39.97,1
venus-596080,2026-08-27 15:31:15,41.28,1
venus-596081,2026-08-27 15:31:15,41.13,1
venus-596082,2026-08-27 15:31:15,42.55,1
venus-596083,2026-08-27 15:31:15,42.22,1
venus-596084,2026-08-27 15:31:15,42.55,1
venus-596085,2026-08-27 15:31:15,11.5,1
venus-596086,2026-08-27 15:31:27,69.77,1
venus-596087,2026-08-27 15:32:24,3.4,1
venus-596088,2026-08-27 15:32:35,116.48,1
venus-596089,2026-08-27 15:33:21,0.48,1
venus-596090,2026-08-27 15:33:48,114.35,1
venus-596091,2026-08-27 15:35:06,5.22,1
venus-596092,2026-08-27 15:35:06,0.83,1
venus-596093,2026-08-27 15:36:04,2.17,1
venus-596094,2026-08-27 15:36:29,213.58,2
venus-596095,2026-08-27 15:36:55,48.5,1
venus-596096,2026-08-27 15:37:10,25.15,1
venus-596097,2026-08-27 15:37:47,0.37,1
venus-596098,2026-08-27 15:37:58,6.93,1
venus-596099,2026-08-27 15:38:15,4.42,1
venus-596100,2026-08-27 15:39:09,1236.85,1
venus-596101,2026-08-27 15:42:45,11.8,1
venus-596102,2026-08-27 15:43:02,2.6,1
venus-596103,2026-08-27 15:43:58,5.03,1
venus-596104,2026-08-27 15:45:05,0.38,1
venus-596105,2026-08-27 15:45:39,3.65,1
venus-596107,2026-08-27 15:47:59,0.37,1
venus-596108,2026-08-27 15:51:17,2.93,1
venus-596109,2026-08-27 15:51:22,0.4,1
venus-596110,2026-08-27 15:51:47,5.22,1
venus-596111,2026-08-27 15:53:24,0.62,4
venus-596112,2026-08-27 15:54:33,11.97,1
venus-596113,2026-08-27 15:55:44,3.97,1
venus-596114,2026-08-27 15:57:06,2.83,1
venus-596115,2026-08-27 15:59:15,7.22,1
venus-596116,2026-08-27 16:00:00,120.98,1
venus-596117,2026-08-27 16:00:11,51.23,1
venus-596118,2026-08-27 16:00:24,3.15,1
venus-596119,2026-08-27 16:00:28,27.0,1
venus-596120,2026-08-27 16:01:12,7.1,1
venus-596121,2026-08-27 16:01:19,0.92,1
venus-596122,2026-08-27 16:03:34,3.22,1
venus-596124,2026-08-27 16:03:52,0.02,1
venus-596125,2026-08-27 16:04:06,33.15,1
venus-596126,2026-08-27 16:04:06,33.13,1
venus-596127,2026-08-27 16:04:06,33.23,1
venus-596128,2026-08-27 16:04:06,33.15,1
venus-596129,2026-08-27 16:04:06,31.38,1
venus-596130,2026-08-27 16:04:06,33.15,1
venus-596131,2026-08-27 16:04:06,33.15,1
venus-596132,2026-08-27 16:04:24,0.05,1
venus-596133,2026-08-27 16:04:30,0.32,1
venus-596134,2026-08-27 16:04:40,0.03,1
venus-596135,2026-08-27 16:05:35,0.05,1
venus-596136,2026-08-27 16:06:18,4.05,1
venus-596137,2026-08-27 16:06:31,11.55,1
venus-596138,2026-08-27 16:06:54,0.28,1
venus-596139,2026-08-27 16:07:12,4.25,1
venus-596140,2026-08-27 16:07:27,19.13,1
venus-596141,2026-08-27 16:11:13,31.53,1
venus-596142,2026-08-27 16:11:41,6.08,1
venus-596143,2026-08-27 16:11:42,0.4,1
venus-596144,2026-08-27 16:12:23,31.08,1
venus-596145,2026-08-27 16:12:32,30.93,1
venus-596146,2026-08-27 16:13:28,30.93,1
venus-596147,2026-08-27 16:13:28,30.93,1
venus-596148,2026-08-27 16:13:28,30.93,1
venus-596150,2026-08-27 16:14:48,2587.02,16
venus-596151,2026-08-27 16:15:04,0.03,2
venus-596152,2026-08-27 16:15:31,0.02,1
venus-596153,2026-08-27 16:15:40,1.17,1
venus-596156,2026-08-27 16:19:04,2.73,2
venus-596157,2026-08-27 16:19:50,3.08,1
venus-596158,2026-08-27 16:20:47,2190.65,16
venus-596159,2026-08-27 16:21:53,27.18,1
venus-596160,2026-08-27 16:26:53,9.82,1
venus-596161,2026-08-27 16:27:59,0.4,1
venus-596162,2026-08-27 16:28:40,180.78,1
venus-596163,2026-08-27 16:29:53,4294.47,16
venus-596164,2026-08-27 16:31:17,2.25,2
venus-596165,2026-08-27 16:31:32,20.42,1
venus-596166,2026-08-27 16:31:56,1.85,8
venus-596167,2026-08-27 16:35:46,12.2,1
venus-596168,2026-08-27 16:35:57,0.07,1
venus-596169,2026-08-27 16:36:19,0.15,1
venus-596170,2026-08-27 16:37:34,0.02,1
venus-596171,2026-08-27 16:37:40,0.4,1
venus-596172,2026-08-27 16:37:57,0.15,2
venus-596173,2026-08-27 16:38:56,0.25,2
venus-596174,2026-08-27 16:39:16,2524.45,1
venus-596175,2026-08-27 16:39:18,0.25,2
venus-596176,2026-08-27 16:39:25,0.42,1
venus-596178,2026-08-27 16:40:19,0.02,8
venus-596179,2026-08-27 16:40:28,0.05,1
venus-596180,2026-08-27 16:40:33,2.5,8
venus-596181,2026-08-27 16:40:34,113.25,8
venus-596182,2026-08-27 16:40:53,0.05,1
venus-596183,2026-08-27 16:41:22,0.07,1
venus-596184,2026-08-27 16:41:58,0.08,1
venus-596185,2026-08-27 16:42:28,10.52,1
venus-596186,2026-08-27 16:43:11,2.38,2
venus-596187,2026-08-27 16:43:24,5.93,8
venus-596188,2026-08-27 16:43:37,57.53,8
venus-596189,2026-08-27 16:43:57,0.45,1
venus-596194,2026-08-27 16:46:38,17.0,8
venus-596195,2026-08-27 16:47:22,2.43,2
venus-596196,2026-08-27 16:47:24,0.02,8
venus-596197,2026-08-27 16:47:38,15.88,8
venus-596198,2026-08-27 16:48:05,32.1,1
venus-596199,2026-08-27 16:48:28,0.43,8
venus-596200,2026-08-27 16:49:04,0.05,1
venus-596201,2026-08-27 16:49:05,5.95,1
venus-596202,2026-08-27 16:49:25,0.07,1
venus-596203,2026-08-27 16:49:30,0.22,8
venus-596204,2026-08-27 16:50:10,0.07,1
venus-596205,2026-08-27 16:50:30,0.42,1
venus-596206,2026-08-27 16:52:33,0.62,1
venus-596207,2026-08-27 16:53:05,0.4,1
venus-596208,2026-08-27 16:54:38,0.03,1
venus-596209,2026-08-27 16:54:50,118.67,1
venus-596210,2026-08-27 16:54:53,0.05,1
venus-596211,2026-08-27 16:55:02,55.15,1
venus-596212,2026-08-27 16:55:11,27.83,1
venus-596213,2026-08-27 16:55:13,4.02,1
venus-596214,2026-08-27 16:55:30,0.48,8
venus-596215,2026-08-27 16:55:34,7.23,1
venus-596216,2026-08-27 16:55:55,1.98,1
venus-596217,2026-08-27 16:56:09,125.95,1
venus-596218,2026-08-27 16:56:21,58.47,1
venus-596219,2026-08-27 16:56:34,28.42,1
venus-596220,2026-08-27 16:56:59,7.5,1
venus-596221,2026-08-27 16:57:29,156.9,1
venus-596222,2026-08-27 16:57:43,60.93,1
venus-596223,2026-08-27 16:57:55,31.08,1
venus-596224,2026-08-27 16:58:07,6.95,1
venus-596225,2026-08-27 16:59:26,0.25,8
venus-596226,2026-08-27 16:59:44,7.55,1
venus-596227,2026-08-27 17:00:49,0.88,8
venus-596228,2026-08-27 17:02:15,0.53,8
venus-596229,2026-08-27 17:03:42,29.15,8
venus-596230,2026-08-27 17:03:46,3.0,2
venus-596231,2026-08-27 17:03:46,103.22,8
venus-596232,2026-08-27 17:04:37,0.47,8
venus-596233,2026-08-27 17:06:02,0.57,8
venus-596234,2026-08-27 17:07:17,2.57,1
venus-596236,2026-08-27 17:08:07,0.95,8
venus-596237,2026-08-27 17:08:47,0.57,8
venus-596238,2026-08-27 17:09:53,26.2,1
venus-596239,2026-08-27 17:11:06,6.05,1
venus-596240,2026-08-27 17:11:27,0.85,8
venus-596241,2026-08-27 17:13:29,1.02,8
venus-596242,2026-08-27 17:13:31,25.83,1
venus-596243,2026-08-27 17:16:50,0.52,8
venus-596244,2026-08-27 17:17:41,0.48,8
venus-596245,2026-08-27 17:18:19,0.1,1
venus-596246,2026-08-27 17:18:37,5.13,1
venus-596247,2026-08-27 17:18:48,3.32,2
venus-596248,2026-08-27 17:20:19,4.43,1
venus-596249,2026-08-27 17:20:29,0.05,4
venus-596250,2026-08-27 17:22:46,0.28,1
venus-596251,2026-08-27 17:25:38,0.28,1
venus-596252,2026-08-27 17:26:25,33.87,1
venus-596253,2026-08-27 17:26:39,3.35,1
venus-596254,2026-08-27 17:27:52,0.4,1
venus-596255,2026-08-27 17:29:12,0.58,8
venus-596256,2026-08-27 17:29:19,0.4,1
venus-596257,2026-08-27 17:29:44,142.4,2
venus-596258,2026-08-27 17:30:25,0.42,1
venus-596259,2026-08-27 17:31:01,0.02,8
venus-596260,2026-08-27 17:31:05,13.15,1
venus-596261,2026-08-27 17:31:16,0.32,8
venus-596262,2026-08-27 17:32:22,0.42,1
venus-596263,2026-08-27 17:32:39,0.33,8
venus-596264,2026-08-27 17:33:40,0.4,1
venus-596265,2026-08-27 17:33:41,0.32,8
venus-596267,2026-08-27 17:34:27,0.32,8
venus-596268,2026-08-27 17:34:34,6.33,1
venus-596269,2026-08-27 17:35:02,0.32,8
venus-596270,2026-08-27 17:36:06,104.58,1
venus-596271,2026-08-27 17:37:01,0.85,8
venus-596272,2026-08-27 17:41:10,19.83,8
venus-596273,2026-08-27 17:42:14,0.42,1
venus-596274,2026-08-27 17:42:59,1.95,1
venus-596275,2026-08-27 17:43:15,0.98,8
venus-596276,2026-08-27 17:44:48,34.92,1
venus-596277,2026-08-27 17:45:00,0.03,2
venus-596278,2026-08-27 17:45:02,90.28,8
venus-596279,2026-08-27 17:45:05,0.27,4
venus-596280,2026-08-27 17:45:26,8.15,1
venus-596282,2026-08-27 17:46:10,7.75,2
venus-596283,2026-08-27 17:46:44,1.23,1
venus-596284,2026-08-27 17:49:12,2205.58,2
venus-596285,2026-08-27 17:55:01,59.63,2
venus-596286,2026-08-27 17:56:03,0.77,1
venus-596287,2026-08-27 17:57:45,1053.22,2
venus-596288,2026-08-27 18:00:18,35.25,1
venus-596289,2026-08-27 18:01:29,241.05,16
venus-596290,2026-08-27 18:04:02,0.07,8
venus-596291,2026-08-27 18:04:50,3.5,8
venus-596292,2026-08-27 18:04:51,65.13,2
venus-596293,2026-08-27 18:08:10,0.78,1
venus-596294,2026-08-27 18:12:32,0.75,1
venus-596295,2026-08-27 18:14:36,210.43,1
venus-596296,2026-08-27 18:17:42,75.53,1
venus-596297,2026-08-27 18:20:42,0.08,1
venus-596298,2026-08-27 18:21:02,0.6,1
venus-596299,2026-08-27 18:23:21,0.72,1
venus-596300,2026-08-27 18:23:24,3.43,1
venus-596301,2026-08-27 18:32:58,12.85,1
venus-596302,2026-08-27 18:35:34,1.23,1
venus-596303,2026-08-27 18:36:49,0.7,1
venus-596304,2026-08-27 18:38:44,56.78,1
venus-596305,2026-08-27 18:39:06,7.08,1
venus-596306,2026-08-27 18:39:44,0.2,1
venus-596307,2026-08-27 18:40:36,77.98,1
venus-596308,2026-08-27 18:41:09,77.43,1
venus-596309,2026-08-27 18:41:14,0.22,1
venus-596310,2026-08-27 18:41:35,51.23,1
venus-596311,2026-08-27 18:42:39,0.75,1
venus-596312,2026-08-27 18:45:55,2.12,8
venus-596313,2026-08-27 18:46:18,0.57,1
venus-596314,2026-08-27 18:48:21,0.7,1
venus-596315,2026-08-27 18:49:21,3.5,1
venus-596316,2026-08-27 18:49:27,0.25,8
venus-596317,2026-08-27 18:49:33,0.03,8
venus-596318,2026-08-27 18:49:49,1.6,8
venus-596319,2026-08-27 18:49:52,1.58,8
venus-596320,2026-08-27 18:50:36,459.55,16
venus-596321,2026-08-27 18:50:48,0.07,1
venus-596322,2026-08-27 18:51:06,59.58,16
venus-596323,2026-08-27 18:51:11,2.68,1
venus-596324,2026-08-27 18:52:31,0.5,4
venus-596325,2026-08-27 18:53:35,19.57,8
venus-596326,2026-08-27 18:53:39,19.53,8
venus-596327,2026-08-27 18:53:54,0.78,1
venus-596328,2026-08-27 18:54:28,54.53,16
venus-596329,2026-08-27 18:54:50,0.55,1
venus-596330,2026-08-27 18:57:31,0.77,1
venus-596331,2026-08-27 19:00:34,0.6,1
venus-596332,2026-08-27 19:02:01,0.7,1
venus-596333,2026-08-27 19:02:30,3.67,1
venus-596334,2026-08-27 19:04:43,16.12,1
venus-596335,2026-08-27 19:06:19,8.83,1
venus-596336,2026-08-27 19:14:21,26.25,8
venus-596337,2026-08-27 19:14:23,25.93,8
venus-596338,2026-08-27 19:15:10,1.57,1
venus-596340,2026-08-27 19:16:26,24.25,8
venus-596341,2026-08-27 19:16:42,0.05,1
venus-596342,2026-08-27 19:16:47,2.3,1
venus-596343,2026-08-27 19:17:24,88.45,2
venus-596344,2026-08-27 19:18:44,0.12,1
venus-596345,2026-08-27 19:19:33,2.92,1
venus-596346,2026-08-27 19:20:38,0.12,1
venus-596347,2026-08-27 19:20:42,1.25,1
venus-596348,2026-08-27 19:22:29,2.15,1
venus-596349,2026-08-27 19:22:43,4.47,1
venus-596350,2026-08-27 19:23:35,0.1,1
venus-596351,2026-08-27 19:24:14,0.12,1
venus-596352,2026-08-27 19:24:38,2.93,1
venus-596353,2026-08-27 19:27:15,5.17,1
venus-596354,2026-08-27 19:27:47,6.38,1
venus-596355,2026-08-27 19:28:37,0.12,1
venus-596356,2026-08-27 19:32:26,3.35,1
venus-596357,2026-08-27 19:34:23,420.05,1
venus-596358,2026-08-27 19:35:49,3.05,1
venus-596359,2026-08-27 19:38:53,1.63,1
venus-596360,2026-08-27 19:40:32,44.25,1
venus-596361,2026-08-27 19:45:07,184.33,1
venus-596362,2026-08-27 19:46:46,33.2,1
venus-596363,2026-08-27 19:50:19,299.1,16
venus-596364,2026-08-27 19:51:23,182.68,1
venus-596365,2026-08-27 19:51:34,183.43,1
venus-596366,2026-08-27 19:51:43,185.03,1
venus-596367,2026-08-27 19:51:58,183.37,1
venus-596368,2026-08-27 19:52:16,184.02,1
venus-596369,2026-08-27 19:52:34,184.48,1
venus-596370,2026-08-27 19:52:54,2183.38,2
venus-596371,2026-08-27 20:08:03,1.28,2
venus-596372,2026-08-27 20:09:01,80.38,8
venus-596373,2026-08-27 20:09:07,169.43,8
venus-596374,2026-08-27 20:09:34,7317.27,2
venus-596375,2026-08-27 20:10:14,1370.5,8
venus-596376,2026-08-27 20:13:50,6575.27,2
venus-596377,2026-08-27 20:15:47,0.18,8
venus-596378,2026-08-27 20:16:47,0.13,8
venus-596379,2026-08-27 20:17:33,0.48,8
venus-596380,2026-08-27 20:18:54,36.9,8
venus-596381,2026-08-27 20:25:01,6.87,1
venus-596382,2026-08-27 20:27:24,19.72,1
venus-596383,2026-08-27 20:31:59,1.82,1
venus-596384,2026-08-27 20:33:51,1.97,1
venus-596385,2026-08-27 20:36:40,2.57,1
venus-596386,2026-08-27 20:39:18,3.78,1
venus-596387,2026-08-27 20:39:50,0.1,1
venus-596388,2026-08-27 20:42:19,0.07,1
venus-596389,2026-08-27 20:48:36,2.42,1
venus-596391,2026-08-27 20:49:31,895.27,2
venus-596392,2026-08-27 20:49:34,0.05,1
venus-596393,2026-08-27 20:49:38,5.8,1
venus-596394,2026-08-27 20:49:43,0.07,1
venus-596395,2026-08-27 20:50:01,818.25,2
venus-596396,2026-08-27 20:51:13,3.6,1
venus-596397,2026-08-27 20:52:34,2.8,1
venus-596398,2026-08-27 20:54:45,1.83,8
venus-596399,2026-08-27 20:55:01,799.48,1
venus-596400,2026-08-27 20:55:33,3.95,1
venus-596401,2026-08-27 20:55:41,88.58,1
venus-596402,2026-08-27 20:57:45,796.82,1
venus-596403,2026-08-27 20:59:09,795.58,1
venus-596404,2026-08-27 21:00:44,19.25,1
venus-596405,2026-08-27 21:01:37,1656.35,1
venus-596406,2026-08-27 21:07:30,0.1,1
venus-596407,2026-08-27 21:08:25,7.4,8
venus-596408,2026-08-27 21:09:11,0.08,1
venus-596409,2026-08-27 21:11:06,0.08,1
venus-596410,2026-08-27 21:12:36,1649.2,1
venus-596411,2026-08-27 21:14:23,780.53,1
venus-596412,2026-08-27 21:16:23,1153.27,8
venus-596413,2026-08-27 21:16:26,0.07,1
venus-596414,2026-08-27 21:17:02,0.07,1
venus-596415,2026-08-27 21:18:46,0.1,1
venus-596416,2026-08-27 21:19:49,0.1,1
venus-596417,2026-08-27 21:20:11,25.3,1
venus-596418,2026-08-27 21:23:59,0.1,1
venus-596419,2026-08-27 21:25:26,0.08,1
venus-596420,2026-08-27 21:26:46,0.1,1
venus-596421,2026-08-27 21:27:55,0.1,1
venus-596422,2026-08-27 21:29:06,0.1,1
venus-596423,2026-08-27 21:31:01,0.08,1
venus-596424,2026-08-27 21:32:00,5.12,1
venus-596425,2026-08-27 21:32:57,7.18,8
venus-596426,2026-08-27 21:40:11,26.95,8
venus-596427,2026-08-27 21:44:58,3.5,1
venus-596428,2026-08-27 21:45:46,0.53,1
venus-596429,2026-08-27 21:46:24,0.38,1
venus-596430,2026-08-27 21:46:53,1.28,1
venus-596431,2026-08-27 21:48:35,41.82,1
venus-596432,2026-08-27 21:51:47,0.93,1
venus-596433,2026-08-27 21:52:26,0.28,1
venus-596434,2026-08-27 21:53:31,177.63,1
venus-596435,2026-08-27 21:54:09,176.97,1
venus-596436,2026-08-27 21:54:17,176.87,1
venus-596437,2026-08-27 21:54:28,176.67,1
venus-596438,2026-08-27 21:54:54,176.25,1
venus-596439,2026-08-27 21:58:48,1.42,1
venus-596440,2026-08-27 22:00:28,24.7,1
venus-596441,2026-08-27 22:02:36,248.7,16
venus-596442,2026-08-27 22:06:38,302.2,16
venus-596443,2026-08-27 22:07:11,91.27,8
venus-596444,2026-08-27 22:07:14,5.2,1
venus-596445,2026-08-27 22:23:10,1.83,1
venus-596446,2026-08-27 22:25:13,84.1,1
venus-596447,2026-08-27 22:25:16,137.77,1
venus-596448,2026-08-27 22:27:16,1.27,1
venus-596452,2026-08-27 22:32:06,79.72,1
venus-596453,2026-08-27 22:33:10,79.48,1
venus-596454,2026-08-27 22:36:26,0.25,8
venus-596455,2026-08-27 22:38:37,145.05,1
venus-596457,2026-08-27 22:40:05,78.72,1
venus-596458,2026-08-27 22:40:19,0.02,8
venus-596459,2026-08-27 22:40:31,0.02,8
venus-596462,2026-08-27 22:41:14,78.1,1
venus-596463,2026-08-27 22:50:04,0.2,8
venus-596464,2026-08-27 22:50:19,0.05,8
venus-596465,2026-08-27 22:50:29,0.08,8
venus-596466,2026-08-27 22:51:03,9.2,8
venus-596467,2026-08-27 22:53:02,182.3,1
venus-596468,2026-08-27 22:58:40,0.05,1
venus-596469,2026-08-27 22:58:58,270.57,8
venus-596470,2026-08-27 22:59:24,0.95,1
venus-596471,2026-08-27 23:00:21,0.33,8
venus-596472,2026-08-27 23:00:43,1.17,8
venus-596473,2026-08-27 23:01:23,0.57,8
venus-596474,2026-08-27 23:01:26,0.02,8
venus-596475,2026-08-27 23:01:36,44.07,8
venus-596476,2026-08-27 23:02:31,22.77,8
venus-596477,2026-08-27 23:15:31,505.97,8
venus-596478,2026-08-27 23:16:18,0.08,1
venus-596479,2026-08-27 23:17:27,68.0,1
venus-596480,2026-08-27 23:25:27,318.03,8
venus-596481,2026-08-27 23:39:02,523.75,8
venus-596482,2026-08-27 23:39:06,180.92,1
venus-596483,2026-08-27 23:39:26,182.55,1
venus-596484,2026-08-27 23:40:06,181.57,1
venus-596485,2026-08-27 23:40:18,184.3,1
venus-596486,2026-08-27 23:45:55,287.65,8
venus-596487,2026-08-27 23:47:36,1151.48,8
venus-596488,2026-08-27 23:53:55,49.03,1
venus-596489,2026-08-27 23:55:09,0.12,2
venus-596490,2026-08-27 23:56:01,0.12,2
venus-596491,2026-08-27 23:59:32,0.08,2
venus-596492,2026-08-28 00:00:16,0.12,2
venus-596493,2026-08-28 00:02:19,0.08,2
venus-596494,2026-08-28 00:02:56,0.12,2
venus-596495,2026-08-28 00:05:20,0.08,2
venus-596497,2026-08-28 00:05:51,0.23,2
venus-596499,2026-08-28 00:06:44,0.38,2
venus-596506,2026-08-28 00:13:28,0.17,2
venus-596509,2026-08-28 00:15:57,237.27,1
venus-596513,2026-08-28 00:19:53,0.05,2
venus-596514,2026-08-28 00:20:46,12.05,1
venus-596515,2026-08-28 00:20:57,185.93,1
venus-596516,2026-08-28 00:20:59,0.3,2
venus-596517,2026-08-28 00:21:21,186.15,1
venus-596518,2026-08-28 00:21:39,12.78,1
venus-596519,2026-08-28 00:21:46,0.38,2
venus-596520,2026-08-28 00:22:19,179.7,1
venus-596521,2026-08-28 00:24:27,0.37,2
venus-596522,2026-08-28 00:25:41,0.38,2
venus-596523,2026-08-28 00:26:37,0.38,2
venus-596524,2026-08-28 00:27:38,0.38,2
venus-596525,2026-08-28 00:29:34,0.02,8
venus-596526,2026-08-28 00:30:13,5.7,8
venus-596527,2026-08-28 00:33:06,0.43,2
venus-596533,2026-08-28 00:37:56,0.37,2
venus-596534,2026-08-28 00:42:29,1.52,8
venus-596535,2026-08-28 00:44:51,1.42,8
venus-596536,2026-08-28 00:46:56,1.28,8
venus-596537,2026-08-28 00:48:36,1.58,8
venus-596538,2026-08-28 00:50:46,0.38,2
venus-596539,2026-08-28 00:51:35,2194.08,8
venus-596540,2026-08-28 00:51:49,0.43,2
venus-596541,2026-08-28 00:52:16,3.5,8
venus-596542,2026-08-28 00:53:21,0.43,2
venus-596543,2026-08-28 00:57:38,5.98,8
venus-596544,2026-08-28 00:57:59,49.6,2
venus-596545,2026-08-28 01:04:01,1285.42,32
venus-596546,2026-08-28 01:10:03,0.13,2
venus-596547,2026-08-28 01:10:58,0.23,2
venus-596548,2026-08-28 01:13:44,2.93,2
venus-596549,2026-08-28 01:20:16,0.1,2
venus-596550,2026-08-28 01:23:25,0.1,2
venus-596551,2026-08-28 01:24:15,1.35,2
venus-596552,2026-08-28 01:25:56,3.05,2
venus-596553,2026-08-28 01:29:09,4.77,8
venus-596554,2026-08-28 01:35:08,3.17,8
venus-596555,2026-08-28 01:38:49,2.75,8
venus-596556,2026-08-28 01:45:39,2.88,8
venus-596557,2026-08-28 01:53:50,1.15,8
venus-596558,2026-08-28 01:55:23,1.37,8
venus-596559,2026-08-28 02:06:09,0.15,8
venus-596561,2026-08-28 02:11:19,249.7,16
venus-596562,2026-08-28 02:11:34,1.5,8
venus-596563,2026-08-28 02:15:48,2.72,8
venus-596564,2026-08-28 02:27:31,0.7,8
venus-596565,2026-08-28 02:30:37,178.28,8
venus-596567,2026-08-28 02:33:23,4.68,2
venus-596568,2026-08-28 06:21:01,252.73,16
venus-596569,2026-08-28 07:41:57,504.57,8
venus-596570,2026-08-28 07:44:20,319.05,8
venus-596571,2026-08-28 08:22:05,73.48,8
venus-596572,2026-08-28 08:22:18,73.23,8
venus-596573,2026-08-28 08:22:54,116.33,8
venus-596574,2026-08-28 09:00:10,112.77,32
venus-596575,2026-08-28 09:14:23,239.0,1
venus-596576,2026-08-28 09:15:33,183.97,1
venus-596577,2026-08-28 09:16:46,185.07,1
venus-596578,2026-08-28 09:16:53,182.35,1
venus-596579,2026-08-28 09:17:00,184.6,1
venus-596580,2026-08-28 09:17:08,214.77,1
venus-596581,2026-08-28 09:17:20,182.52,1
venus-596582,2026-08-28 09:20:30,240.02,1
venus-596583,2026-08-28 09:21:42,181.75,1
venus-596584,2026-08-28 09:21:58,185.67,1
venus-596585,2026-08-28 09:22:05,185.23,1
venus-596586,2026-08-28 09:22:12,183.35,1
venus-596587,2026-08-28 09:22:35,182.2,1
venus-596588,2026-08-28 09:22:44,183.88,1
venus-596589,2026-08-28 09:38:05,234.1,8
venus-596590,2026-08-28 09:38:23,197.3,8
venus-596592,2026-08-28 09:40:04,0.87,8
venus-596593,2026-08-28 09:40:37,279.17,8
venus-596594,2026-08-28 09:41:49,276.37,8
venus-596595,2026-08-28 09:49:19,1.05,16
venus-596596,2026-08-28 09:51:07,2.83,16
venus-596597,2026-08-28 09:54:27,2.85,16
venus-596598,2026-08-28 10:00:33,215.43,16
venus-596599,2026-08-28 10:00:36,222.02,16
venus-596600,2026-08-28 10:06:09,7.1,1
venus-596601,2026-08-28 10:19:55,1531.5,1
venus-596602,2026-08-28 10:20:35,0.03,8
venus-596603,2026-08-28 10:20:44,191.47,8
venus-596604,2026-08-28 10:28:06,2.48,2
venus-596605,2026-08-28 10:33:46,239.93,16
venus-596606,2026-08-28 10:36:19,9.55,1
venus-596607,2026-08-28 10:37:41,3.98,2
venus-596608,2026-08-28 10:46:57,15.82,2
venus-596609,2026-08-28 10:50:08,0.02,2
venus-596610,2026-08-28 10:50:14,0.12,2
venus-596611,2026-08-28 10:50:35,13.7,2
venus-596612,2026-08-28 10:52:02,0.13,2
venus-596613,2026-08-28 10:52:21,3.22,2
venus-596614,2026-08-28 10:54:43,1535.32,1
venus-596615,2026-08-28 10:57:49,7480.9,2
venus-596616,2026-08-28 10:59:02,1626.83,1
venus-596618,2026-08-28 11:03:08,338.65,2
venus-596627,2026-08-28 11:10:52,0.02,2
venus-596628,2026-08-28 11:10:57,0.28,1
venus-596629,2026-08-28 11:11:41,0.28,1
venus-596630,2026-08-28 11:12:17,1619.32,1
venus-596632,2026-08-28 11:12:36,0.38,1
venus-596634,2026-08-28 11:16:37,10162.13,1
venus-596636,2026-08-28 11:26:36,1515.18,1
venus-596638,2026-08-28 11:28:32,0.18,1
venus-596639,2026-08-28 11:29:08,0.88,1
venus-596641,2026-08-28 11:29:30,179.27,1
venus-596643,2026-08-28 11:30:14,1.87,8
venus-596647,2026-08-28 11:33:17,4.8,1
venus-596651,2026-08-28 11:38:24,0.28,1
venus-596652,2026-08-28 11:38:48,0.4,1
venus-596653,2026-08-28 11:40:51,0.4,1
venus-596654,2026-08-28 11:41:47,0.4,1
venus-596655,2026-08-28 11:42:13,0.27,1
venus-596656,2026-08-28 11:45:26,0.38,1
venus-596658,2026-08-28 11:47:21,73.55,2
venus-596659,2026-08-28 11:47:38,0.1,4
venus-596660,2026-08-28 11:49:01,0.28,1
venus-596661,2026-08-28 11:52:09,0.42,1
venus-596662,2026-08-28 11:52:33,0.28,1
venus-596663,2026-08-28 11:54:20,0.28,1
venus-596664,2026-08-28 11:54:25,3.17,8
venus-596665,2026-08-28 11:55:26,0.38,1
venus-596666,2026-08-28 11:57:18,0.58,1
venus-596667,2026-08-28 11:58:13,0.42,1
venus-596668,2026-08-28 11:58:26,2.98,1
venus-596669,2026-08-28 11:59:23,0.02,1
venus-596670,2026-08-28 11:59:28,5.55,8
venus-596671,2026-08-28 12:02:47,59.9,1
venus-596672,2026-08-28 12:04:32,3.5,8
venus-596673,2026-08-28 12:13:59,4.67,1
venus-596674,2026-08-28 12:17:24,179.43,1
venus-596675,2026-08-28 12:19:09,0.18,1
venus-596676,2026-08-28 12:20:46,62.15,1
venus-596677,2026-08-28 12:23:12,39.38,4
venus-596678,2026-08-28 12:50:55,0.07,1
venus-596679,2026-08-28 12:51:02,154.27,1
venus-596680,2026-08-28 12:51:32,0.07,1
venus-596681,2026-08-28 12:52:01,0.97,1
venus-596682,2026-08-28 12:53:24,151.9,1
venus-596683,2026-08-28 12:55:48,5564.1,8
venus-596684,2026-08-28 12:59:27,1.0,1
venus-596685,2026-08-28 13:01:45,2.83,2
venus-596686,2026-08-28 13:02:08,3.05,1
venus-596687,2026-08-28 13:02:40,0.6,8
venus-596688,2026-08-28 13:02:46,1870.57,4
venus-596689,2026-08-28 13:04:27,1.12,8
venus-596690,2026-08-28 13:05:00,1751.12,1
venus-596691,2026-08-28 13:05:12,7.6,1
venus-596692,2026-08-28 13:05:50,1.12,8
venus-596693,2026-08-28 13:06:37,2.48,2
venus-596694,2026-08-28 13:08:08,1.12,8
venus-596695,2026-08-28 13:09:53,1.13,8
venus-596696,2026-08-28 13:12:05,1.73,8
venus-596697,2026-08-28 13:13:44,1661.15,2
venus-596698,2026-08-28 13:13:50,1.43,1
venus-596699,2026-08-28 13:14:10,1.78,8
venus-596700,2026-08-28 13:23:49,13.87,1
venus-596701,2026-08-28 13:31:45,4.73,1
venus-596702,2026-08-28 13:33:00,1917.67,8
venus-596703,2026-08-28 13:33:11,2679.83,8
venus-596704,2026-08-28 13:34:24,5.92,8
venus-596705,2026-08-28 13:36:34,0.8,1
venus-596706,2026-08-28 13:38:04,249.37,1
venus-596707,2026-08-28 13:38:10,16.97,1
venus-596708,2026-08-28 13:38:22,12.63,1
venus-596709,2026-08-28 13:39:04,152.78,1
venus-596710,2026-08-28 13:40:54,211.57,4
venus-596713,2026-08-28 13:44:20,2.12,4
venus-596714,2026-08-28 13:44:25,1.67,4
venus-596715,2026-08-28 13:45:14,3.33,8
venus-596717,2026-08-28 13:45:44,209.48,1
venus-596720,2026-08-28 13:48:03,180.12,1
venus-596722,2026-08-28 13:49:17,0.93,8
venus-596723,2026-08-28 13:50:31,1.1,8
venus-596725,2026-08-28 13:52:04,7.52,1
venus-596726,2026-08-28 13:52:54,1.73,8
venus-596727,2026-08-28 13:55:08,16.47,1
venus-596728,2026-08-28 13:56:29,1.73,8
venus-596729,2026-08-28 13:58:40,1.22,8
venus-596730,2026-08-28 14:00:11,0.6,1
venus-596732,2026-08-28 14:00:53,268.43,1
venus-596733,2026-08-28 14:01:24,1.17,8
venus-596734,2026-08-28 14:03:39,0.95,1
venus-596735,2026-08-28 14:04:55,0.53,1
venus-596736,2026-08-28 14:05:43,1.12,8
venus-596737,2026-08-28 14:07:24,0.05,1
venus-596738,2026-08-28 14:09:56,1.17,8
venus-596739,2026-08-28 14:10:47,0.03,1
venus-596740,2026-08-28 14:11:36,16.83,1
venus-596741,2026-08-28 14:11:38,0.72,1
venus-596742,2026-08-28 14:14:25,1.27,1
venus-596743,2026-08-28 14:14:45,300.68,1
venus-596744,2026-08-28 14:15:28,0.37,1
venus-596745,2026-08-28 14:15:54,253.33,1
venus-596746,2026-08-28 14:18:53,613.57,8
venus-596747,2026-08-28 14:21:40,932.63,4
venus-596748,2026-08-28 14:23:31,822.73,4
venus-596749,2026-08-28 14:28:26,16.47,1
venus-596750,2026-08-28 14:28:50,366.17,2
venus-596751,2026-08-28 14:32:59,1.18,8
venus-596753,2026-08-28 14:44:54,16.15,1
venus-596755,2026-08-28 14:51:07,1046.37,8
venus-596757,2026-08-28 14:52:54,248.05,16
venus-596758,2026-08-28 14:53:32,20.38,1
venus-596762,2026-08-28 15:01:03,16.45,1
venus-596763,2026-08-28 15:02:12,1172.45,8
venus-596765,2026-08-28 15:14:53,12.25,1
venus-596766,2026-08-28 15:16:45,0.03,1
venus-596768,2026-08-28 15:17:30,16.75,1
venus-596769,2026-08-28 15:17:54,103.82,1
venus-596770,2026-08-28 15:30:16,17.5,1
venus-596771,2026-08-28 15:34:15,16.8,1
venus-596772,2026-08-28 15:37:26,5.15,1
venus-596773,2026-08-28 15:37:57,1324.15,1
venus-596774,2026-08-28 15:38:13,0.15,1
venus-596776,2026-08-28 15:39:27,49.57,2
venus-596777,2026-08-28 15:46:36,3.9,1
venus-596778,2026-08-28 15:48:03,0.15,1
venus-596779,2026-08-28 15:50:38,18.02,1
venus-596780,2026-08-28 15:51:03,16.65,1
venus-596781,2026-08-28 15:51:20,0.15,1
venus-596783,2026-08-28 15:54:12,2.98,8
venus-596787,2026-08-28 15:55:37,3.93,1
venus-596788,2026-08-28 15:56:48,0.13,8
venus-596789,2026-08-28 15:57:12,0.15,8
venus-596791,2026-08-28 15:57:19,5.65,16
venus-596792,2026-08-28 15:57:33,0.15,8
venus-596793,2026-08-28 15:57:49,1.73,8
venus-596808,2026-08-28 16:02:06,0.23,1
venus-596809,2026-08-28 16:03:20,4.23,1
venus-596810,2026-08-28 16:03:41,23.28,16
venus-596821,2026-08-28 16:06:44,0.22,1
venus-596822,2026-08-28 16:07:43,18.88,1
venus-596823,2026-08-28 16:12:34,53.07,1
venus-596824,2026-08-28 16:16:26,2.07,1
venus-596826,2026-08-28 16:19:38,17.27,1
venus-596827,2026-08-28 16:22:39,0.35,1
venus-596828,2026-08-28 16:23:38,0.22,1
venus-596829,2026-08-28 16:24:55,0.22,1
venus-596830,2026-08-28 16:26:24,0.07,2
venus-596831,2026-08-28 16:26:36,18.85,1
venus-596832,2026-08-28 16:27:14,3.93,16
venus-596833,2026-08-28 16:27:29,0.22,1
venus-596834,2026-08-28 16:27:58,1.27,1
venus-596849,2026-08-28 16:31:21,6.32,4
venus-596850,2026-08-28 16:33:43,73.45,16
venus-596852,2026-08-28 16:34:54,35.1,1
venus-596864,2026-08-28 16:37:20,5.83,8
venus-596865,2026-08-28 16:41:20,479.6,2
venus-596866,2026-08-28 16:44:02,1900.95,8
venus-596867,2026-08-28 16:44:20,476.52,2
venus-596868,2026-08-28 16:45:27,18.35,1
venus-596869,2026-08-28 16:46:23,4.13,1
venus-596870,2026-08-28 16:49:27,270.48,1
venus-596871,2026-08-28 16:49:36,181.7,1
venus-596872,2026-08-28 16:49:45,142.07,1
venus-596873,2026-08-28 16:50:04,149.63,1
venus-596874,2026-08-28 16:51:25,18.07,1
venus-596875,2026-08-28 17:03:48,18.78,1
venus-596877,2026-08-28 17:05:44,3.2,1
venus-596878,2026-08-28 17:06:00,2185.12,1
venus-596879,2026-08-28 17:09:38,0.65,1
venus-596880,2026-08-28 17:09:41,0.62,1
venus-596881,2026-08-28 17:12:42,2.28,1
venus-596883,2026-08-28 17:22:36,18.32,1
venus-596884,2026-08-28 17:23:35,3.23,1
venus-596885,2026-08-28 17:33:06,16.15,1
venus-596886,2026-08-28 17:34:53,3.32,1
venus-596888,2026-08-28 17:40:55,18.17,1
venus-596889,2026-08-28 17:42:23,3.45,1
venus-596890,2026-08-28 17:47:45,10.78,1
venus-596891,2026-08-28 17:47:51,164.6,16
venus-596892,2026-08-28 17:49:18,14.18,1
venus-596907,2026-08-28 17:50:31,0.27,1
venus-596908,2026-08-28 17:51:47,37.78,1
venus-596909,2026-08-28 17:52:46,8.17,2
venus-596910,2026-08-28 17:59:05,18.43,1
venus-596912,2026-08-28 18:02:18,74.87,2
venus-596913,2026-08-28 18:05:50,238.73,1
venus-596914,2026-08-28 18:10:07,60.55,16
venus-596915,2026-08-28 18:14:37,3.05,1
venus-596916,2026-08-28 18:16:36,212.3,16
venus-596917,2026-08-28 18:16:51,9.48,1
venus-596918,2026-08-28 18:16:54,212.28,16
venus-596919,2026-08-28 18:17:31,18.03,1
venus-596920,2026-08-28 18:18:24,13.4,1
venus-596921,2026-08-28 18:18:38,10.67,1
venus-596922,2026-08-28 18:21:59,10.7,1
venus-596923,2026-08-28 18:27:28,5.3,1
venus-596924,2026-08-28 18:28:15,14002.12,1
venus-596925,2026-08-28 18:30:31,0.1,1
venus-596926,2026-08-28 18:31:04,1.42,1
venus-596927,2026-08-28 18:32:47,1.45,1
venus-596928,2026-08-28 18:34:33,1.5,1
venus-596929,2026-08-28 18:35:21,11.63,1
venus-596930,2026-08-28 18:35:34,18.12,1
venus-596931,2026-08-28 18:36:20,0.25,1
venus-596932,2026-08-28 18:37:18,1.38,1
venus-596933,2026-08-28 18:38:42,0.02,1
venus-596934,2026-08-28 18:38:56,1.42,1
venus-596935,2026-08-28 18:41:11,11.92,1
venus-596936,2026-08-28 18:42:05,1.43,1
venus-596937,2026-08-28 18:43:48,10.68,1
venus-596938,2026-08-28 18:44:24,1.43,1
venus-596939,2026-08-28 18:50:42,10.62,1
venus-596940,2026-08-28 18:53:41,18.62,1
venus-596941,2026-08-28 18:56:16,1.67,1
venus-596942,2026-08-28 18:59:15,0.07,8
venus-596943,2026-08-28 18:59:30,2006.12,8
venus-596944,2026-08-28 19:00:58,233.05,16
venus-596945,2026-08-28 19:04:14,10.63,8
venus-596946,2026-08-28 19:09:47,0.15,1
venus-596947,2026-08-28 19:12:18,19.07,1
venus-596948,2026-08-28 19:12:21,0.23,1
venus-596949,2026-08-28 19:13:32,157.38,8
venus-596950,2026-08-28 19:15:43,1099.83,8
venus-596951,2026-08-28 19:16:10,0.05,1
venus-596952,2026-08-28 19:16:41,34.75,1
venus-596953,2026-08-28 19:18:54,2710.83,2
venus-596954,2026-08-28 19:20:08,5.92,1
venus-596955,2026-08-28 19:31:22,16.03,1
venus-596956,2026-08-28 19:31:34,11.7,1
venus-596957,2026-08-28 19:32:22,28.05,1
venus-596958,2026-08-28 19:33:35,11.75,1
venus-596959,2026-08-28 19:36:55,11.02,1
venus-596960,2026-08-28 19:40:27,10.67,1
venus-596961,2026-08-28 19:50:29,164.1,1
venus-596962,2026-08-28 20:11:52,28.68,1
venus-596963,2026-08-28 20:15:31,0.05,8
venus-596964,2026-08-28 20:16:37,4.85,8
venus-596965,2026-08-28 20:31:22,2361.33,8
venus-596966,2026-08-28 20:33:00,238.58,16
venus-596977,2026-08-28 20:38:48,100.5,1
venus-596978,2026-08-28 20:39:06,126.47,2
venus-596979,2026-08-28 20:40:31,76.28,1
venus-596980,2026-08-28 20:54:17,0.15,1
venus-596981,2026-08-28 20:55:46,2.1,1
venus-596982,2026-08-28 20:58:18,2.05,1
venus-596983,2026-08-28 21:03:49,19.52,1
venus-596984,2026-08-28 21:22:10,72.22,1
venus-596985,2026-08-28 21:26:20,11.78,1
venus-596986,2026-08-28 21:27:52,2.48,1
venus-596987,2026-08-28 21:30:24,2.97,1
venus-596988,2026-08-28 21:35:19,2.8,1
venus-596990,2026-08-28 21:37:00,0.15,8
venus-596991,2026-08-28 21:40:13,3.03,1
venus-596992,2026-08-28 21:42:47,11.98,1
venus-596998,2026-08-28 21:55:22,4173.65,1
venus-596999,2026-08-28 22:13:12,7.25,1
venus-597000,2026-08-28 22:14:58,3.08,1
venus-597004,2026-08-28 22:30:31,1197.2,32
venus-597005,2026-08-28 22:46:26,194.25,2
venus-597006,2026-08-28 22:58:02,179.92,1
venus-597007,2026-08-28 23:06:00,11.07,1
venus-597008,2026-08-28 23:54:00,10.7,1
venus-597009,2026-08-29 00:08:12,10.63,1
venus-597010,2026-08-29 00:10:34,152.75,1
venus-597011,2026-08-29 00:14:24,193.9,1
venus-597012,2026-08-29 00:14:36,185.9,1
venus-597013,2026-08-29 00:14:49,158.13,1
venus-597014,2026-08-29 00:15:38,233.47,1
venus-597015,2026-08-29 00:17:08,128.17,1
venus-597016,2026-08-29 00:17:16,140.6,1
venus-597017,2026-08-29 00:17:28,152.73,1
venus-597018,2026-08-29 00:17:58,210.9,1
venus-597019,2026-08-29 00:19:20,20.58,1
venus-597020,2026-08-29 00:26:52,0.82,1
venus-597021,2026-08-29 00:28:35,0.82,1
venus-597022,2026-08-29 00:29:36,2.32,1
venus-597023,2026-08-29 00:32:02,7.82,1
venus-597024,2026-08-29 00:32:38,1040.2,16
venus-597025,2026-08-29 00:33:31,0.92,1
venus-597026,2026-08-29 00:34:47,5.05,1
venus-597041,2026-08-29 00:40:02,12.83,1
venus-597042,2026-08-29 00:44:25,781.98,2
venus-597043,2026-08-29 00:53:46,37.18,1
venus-597044,2026-08-29 01:31:01,11.72,1
venus-597045,2026-08-29 01:43:14,0.55,1
venus-597046,2026-08-29 01:43:50,7.13,1
venus-597047,2026-08-29 01:54:23,5.48,1
venus-597049,2026-08-29 02:04:47,312.25,8
venus-597050,2026-08-29 02:08:09,1.43,1
venus-597051,2026-08-29 02:08:11,1.0,2
venus-597052,2026-08-29 02:12:52,0.77,1
venus-597053,2026-08-29 02:16:54,1.4,1
venus-597054,2026-08-29 02:18:23,3.92,1
venus-597055,2026-08-29 02:22:19,7.95,1
venus-597056,2026-08-29 02:23:57,1.4,1
venus-597057,2026-08-29 02:24:30,3407.65,2
venus-597058,2026-08-29 02:28:44,1.42,1
venus-597059,2026-08-29 02:30:17,2523.67,1
venus-597060,2026-08-29 02:36:37,1.4,1
venus-597061,2026-08-29 02:44:06,2.83,1
venus-597062,2026-08-29 02:47:07,1.8,1
venus-597063,2026-08-29 02:51:03,1.4,1
venus-597064,2026-08-29 02:53:05,2.2,1
venus-597069,2026-08-29 03:52:52,954.65,1
venus-597070,2026-08-29 03:55:18,1268.25,1
venus-597071,2026-08-29 03:56:04,950.43,1
venus-597072,2026-08-29 03:56:33,1005.27,1
venus-597073,2026-08-29 03:57:01,948.83,1
venus-597074,2026-08-29 03:58:08,1.03,1
venus-597075,2026-08-29 03:59:01,1.37,1
venus-597076,2026-08-29 03:59:45,940.13,1
venus-597077,2026-08-29 04:00:40,944.9,1
venus-597078,2026-08-29 04:03:07,1.02,1
venus-597079,2026-08-29 04:05:02,925.52,1
venus-597080,2026-08-29 04:05:47,1082.8,1
venus-597081,2026-08-29 04:10:53,1092.6,1
venus-597082,2026-08-29 04:13:10,416.95,1
venus-597083,2026-08-29 04:13:40,420.38,1
venus-597084,2026-08-29 04:14:07,413.55,1
venus-597085,2026-08-29 04:15:30,436.88,1
venus-597086,2026-08-29 04:16:11,2.93,1
venus-597087,2026-08-29 04:16:52,361.65,1
venus-597088,2026-08-29 04:17:49,372.6,1
venus-597089,2026-08-29 04:18:46,355.22,1
venus-597090,2026-08-29 09:56:47,264.45,1
venus-597091,2026-08-29 10:10:37,258.0,1
venus-597092,2026-08-29 10:10:44,181.52,1
venus-597093,2026-08-29 10:15:32,184.2,1
venus-597094,2026-08-29 10:17:12,181.07,1
venus-597095,2026-08-29 10:18:48,181.63,1
venus-597096,2026-08-29 10:19:42,143.02,1
venus-597097,2026-08-29 10:33:53,10.33,8
venus-597098,2026-08-29 10:41:56,0.2,1
venus-597099,2026-08-29 10:44:23,74.63,1
venus-597100,2026-08-29 10:46:04,69.03,1
venus-597101,2026-08-29 10:46:09,801.62,8
venus-597102,2026-08-29 10:46:48,0.3,1
venus-597103,2026-08-29 10:46:51,61.67,1
venus-597104,2026-08-29 10:47:12,17.57,1
venus-597105,2026-08-29 10:47:25,256.58,1
venus-597106,2026-08-29 10:47:30,46.27,1
venus-597107,2026-08-29 10:48:05,44.85,1
venus-597108,2026-08-29 10:48:34,10.17,1
venus-597109,2026-08-29 10:52:22,241.42,1
venus-597110,2026-08-29 12:13:15,1.35,1
venus-597111,2026-08-29 12:14:56,12.95,1
venus-597112,2026-08-29 12:22:44,0.12,4
venus-597113,2026-08-29 12:23:02,0.52,4
venus-597114,2026-08-29 12:24:04,0.48,4
venus-597115,2026-08-29 12:51:05,240.3,1
venus-597116,2026-08-29 12:53:33,424.5,1
venus-597117,2026-08-29 12:53:48,0.47,4
venus-597118,2026-08-29 12:55:56,0.25,4
venus-597119,2026-08-29 12:57:35,0.23,4
venus-597120,2026-08-29 12:58:15,0.23,4
venus-597121,2026-08-29 12:59:16,240.17,1
venus-597122,2026-08-29 12:59:22,0.22,4
venus-597123,2026-08-29 13:00:54,15.7,4
venus-597124,2026-08-29 13:06:15,169.68,1
venus-597125,2026-08-29 13:18:02,183.37,1
venus-597126,2026-08-29 13:18:41,423.07,1
venus-597127,2026-08-29 13:20:44,183.9,1
venus-597128,2026-08-29 13:26:15,442.8,1
venus-597129,2026-08-29 13:26:51,416.12,1
venus-597130,2026-08-29 13:28:21,770.43,1
venus-597131,2026-08-29 13:29:26,768.68,1
venus-597132,2026-08-29 13:30:53,767.52,1
venus-597133,2026-08-29 13:47:38,1.35,4
venus-597134,2026-08-29 13:49:12,3.13,4
venus-597135,2026-08-29 13:54:50,3.42,4
venus-597136,2026-08-29 13:59:32,4059.45,4
venus-597137,2026-08-29 14:31:23,32.58,8
venus-597138,2026-08-29 14:33:36,0.62,8
venus-597139,2026-08-29 14:36:32,6.1,8
venus-597140,2026-08-29 14:37:01,20163.58,16
venus-597141,2026-08-29 14:41:55,2.45,8
venus-597142,2026-08-29 14:43:19,6.1,8
venus-597143,2026-08-29 14:49:48,0.07,8
venus-597144,2026-08-29 14:51:48,6.1,8
venus-597145,2026-08-29 14:58:28,195.62,8
venus-597146,2026-08-29 15:04:00,17.72,1
venus-597147,2026-08-29 15:04:10,7046.52,8
venus-597148,2026-08-29 15:13:27,0.02,8
venus-597149,2026-08-29 15:13:51,10.68,8
venus-597150,2026-08-29 15:21:44,3.88,1
venus-597151,2026-08-29 15:24:00,0.13,8
venus-597152,2026-08-29 15:25:16,20.93,8
venus-597153,2026-08-29 15:25:35,0.08,8
venus-597154,2026-08-29 15:25:52,72.48,1
venus-597155,2026-08-29 15:28:01,0.08,8
venus-597156,2026-08-29 15:31:42,101.78,8
venus-597158,2026-08-29 15:38:57,77.08,1
venus-597159,2026-08-29 15:39:44,0.02,8
venus-597160,2026-08-29 15:40:14,77.02,1
venus-597161,2026-08-29 15:44:17,2362.57,8
venus-597162,2026-08-29 15:46:41,1262.27,8
venus-597163,2026-08-29 15:47:27,920.68,8
venus-597164,2026-08-29 15:53:42,1057.6,8
venus-597165,2026-08-29 15:54:41,1104.95,8
venus-597166,2026-08-29 16:03:11,0.02,8
venus-597167,2026-08-29 16:03:30,0.02,8
venus-597168,2026-08-29 16:03:43,0.13,8
venus-597169,2026-08-29 16:07:21,0.13,8
venus-597170,2026-08-29 16:11:29,0.13,8
venus-597171,2026-08-29 16:13:47,0.13,8
venus-597172,2026-08-29 16:14:33,0.32,8
venus-597173,2026-08-29 16:14:40,2.53,8
venus-597174,2026-08-29 16:16:28,0.13,8
venus-597175,2026-08-29 16:17:30,0.87,8
venus-597176,2026-08-29 16:18:41,1.93,8
venus-597177,2026-08-29 16:19:16,0.12,8
venus-597178,2026-08-29 16:19:31,0.13,16
venus-597179,2026-08-29 16:21:02,0.13,16
venus-597180,2026-08-29 16:21:49,1.95,8
venus-597181,2026-08-29 16:24:33,1.97,8
venus-597182,2026-08-29 16:28:02,2.75,8
venus-597183,2026-08-29 16:28:38,59.6,1
venus-597184,2026-08-29 16:28:43,0.25,8
venus-597185,2026-08-29 16:31:33,2.27,2
venus-597186,2026-08-29 16:33:31,2.0,8
venus-597187,2026-08-29 16:34:04,296.43,2
venus-597189,2026-08-29 16:36:24,0.02,8
venus-597190,2026-08-29 16:36:28,0.23,8
venus-597191,2026-08-29 16:37:02,1.33,1
venus-597193,2026-08-29 16:38:46,0.87,8
venus-597194,2026-08-29 16:38:51,180.78,1
venus-597195,2026-08-29 16:40:21,409.13,8
venus-597197,2026-08-29 16:46:22,2.38,8
venus-597198,2026-08-29 16:59:42,5.33,2
venus-597199,2026-08-29 17:08:59,3.2,2
venus-597200,2026-08-29 17:15:48,0.3,32
venus-597201,2026-08-29 17:16:32,296.97,32
venus-597202,2026-08-29 17:18:06,178.45,1
venus-597203,2026-08-29 17:30:29,174.93,1
venus-597204,2026-08-29 17:32:02,173.4,1
venus-597205,2026-08-29 17:36:05,169.35,1
venus-597206,2026-08-29 17:44:45,363.7,2
venus-597207,2026-08-29 18:06:03,1.55,8
venus-597208,2026-08-29 18:10:22,1.7,8
venus-597209,2026-08-29 18:12:24,1.45,4
venus-597210,2026-08-29 18:18:53,21.58,2
venus-597211,2026-08-29 18:25:53,0.1,1
venus-597212,2026-08-29 18:27:20,0.17,1
venus-597213,2026-08-29 18:30:20,13.45,32
venus-597214,2026-08-29 18:30:45,1131.52,4
venus-597215,2026-08-29 18:31:31,0.17,1
venus-597216,2026-08-29 18:32:18,0.15,1
venus-597217,2026-08-29 18:34:48,0.17,1
venus-597218,2026-08-29 18:35:45,0.18,1
venus-597219,2026-08-29 18:38:34,0.18,1
venus-597220,2026-08-29 18:38:56,1.68,1
venus-597221,2026-08-29 18:41:00,476.12,2
venus-597222,2026-08-29 18:41:40,2.82,1
venus-597223,2026-08-29 18:44:02,1.32,8
venus-597224,2026-08-29 18:47:23,1.83,8
venus-597225,2026-08-29 18:49:17,1196.8,32
venus-597226,2026-08-29 18:59:46,188.13,2
venus-597227,2026-08-29 19:34:24,2005.77,16
venus-597228,2026-08-29 19:34:42,179.53,1
venus-597229,2026-08-29 19:34:55,1351.7,16
venus-597230,2026-08-29 19:38:02,179.08,1
venus-597231,2026-08-29 19:43:32,4.47,1
venus-597232,2026-08-29 19:48:01,56.63,1
venus-597233,2026-08-29 19:49:42,144.37,1
venus-597234,2026-08-29 19:50:09,155.82,1
venus-597235,2026-08-29 19:50:18,171.18,1
venus-597236,2026-08-29 19:50:29,184.35,1
venus-597237,2026-08-29 19:50:36,197.37,1
venus-597238,2026-08-29 19:50:48,211.02,1
venus-597239,2026-08-29 20:20:28,0.15,4
venus-597240,2026-08-29 20:20:42,49.2,4
venus-597241,2026-08-29 20:20:49,81.93,8
venus-597242,2026-08-29 20:24:14,18625.37,8
venus-597243,2026-08-29 20:25:01,7264.48,8
venus-597244,2026-08-29 20:25:55,6849.9,8
venus-597245,2026-08-29 20:26:05,2.98,8
venus-597246,2026-08-29 20:39:55,1.22,4
venus-597247,2026-08-29 20:44:40,6.6,1
venus-597248,2026-08-29 20:51:17,1.97,1
venus-597249,2026-08-29 20:53:49,5.8,1
venus-597250,2026-08-29 21:01:05,1.97,1
venus-597252,2026-08-29 21:02:06,1.97,8
venus-597253,2026-08-29 21:04:11,46.17,8
venus-597254,2026-08-29 21:04:41,2.63,1
venus-597255,2026-08-29 21:07:20,2.23,1
venus-597256,2026-08-29 21:09:35,14.3,1
venus-597257,2026-08-29 21:24:10,1.5,1
venus-597258,2026-08-29 21:25:53,15.57,1
venus-597259,2026-08-29 21:30:57,273.77,8
venus-597260,2026-08-29 21:32:50,3.77,4
venus-597261,2026-08-29 21:37:31,5391.93,4
venus-597262,2026-08-29 21:41:29,21.0,1
venus-597263,2026-08-29 21:46:54,492.53,8
venus-597264,2026-08-29 22:03:14,1.22,1
venus-597265,2026-08-29 22:05:07,1.27,1
venus-597266,2026-08-29 22:07:48,15.35,1
venus-597267,2026-08-29 22:09:16,2.92,2
venus-597268,2026-08-29 22:12:57,0.23,1
venus-597269,2026-08-29 22:13:20,740.33,2
venus-597270,2026-08-29 22:14:41,178.1,1
venus-597271,2026-08-29 22:14:52,12.48,32
venus-597272,2026-08-29 22:15:10,141.42,1
venus-597273,2026-08-29 22:16:25,5.2,1
venus-597275,2026-08-29 22:18:58,0.07,8
venus-597276,2026-08-29 22:19:08,33.35,8
venus-597277,2026-08-29 22:23:10,5.75,1
venus-597279,2026-08-29 22:27:35,3418.5,32
venus-597282,2026-08-29 22:28:56,13.68,1
venus-597284,2026-08-29 22:29:41,180.18,1
venus-597287,2026-08-29 22:42:59,9.58,1
venus-597288,2026-08-29 22:51:44,0.18,8
venus-597289,2026-08-29 22:52:35,3.75,1
venus-597291,2026-08-29 22:53:31,1282.63,8
venus-597296,2026-08-29 22:56:45,3.07,1
venus-597300,2026-08-29 22:59:49,1.33,1
venus-597301,2026-08-29 23:01:16,17.65,1
venus-597303,2026-08-29 23:02:26,504.33,8
venus-597304,2026-08-29 23:03:13,506.37,8
venus-597305,2026-08-29 23:04:25,0.07,1
venus-597306,2026-08-29 23:04:31,0.75,1
venus-597307,2026-08-29 23:06:46,3.07,1
venus-597324,2026-08-29 23:25:48,2.8,1
venus-597325,2026-08-29 23:28:36,1.27,1
venus-597330,2026-08-29 23:32:31,6663.9,8
venus-597331,2026-08-29 23:34:10,6.62,1
venus-597332,2026-08-29 23:40:56,17.75,1
venus-597334,2026-08-29 23:52:10,185.38,2
venus-597338,2026-08-30 00:01:08,2.7,1
venus-597340,2026-08-30 00:03:50,6.97,1
venus-597341,2026-08-30 00:17:17,0.62,8
venus-597342,2026-08-30 00:19:51,2233.67,8
venus-597343,2026-08-30 00:23:51,1131.05,8
venus-597348,2026-08-30 00:42:11,113.9,1
venus-597349,2026-08-30 00:42:44,185.67,1
venus-597350,2026-08-30 00:44:21,148.25,1
venus-597351,2026-08-30 00:45:24,141.93,1
venus-597352,2026-08-30 00:46:09,124.75,1
venus-597353,2026-08-30 00:46:50,156.08,1
venus-597354,2026-08-30 00:47:31,152.08,1
venus-597355,2026-08-30 00:48:06,31.12,1
venus-597358,2026-08-30 01:27:44,2321.23,32
venus-597368,2026-08-30 02:22:37,4995.3,1
venus-597369,2026-08-30 02:23:36,4943.72,1
venus-597370,2026-08-30 02:24:19,7640.22,1
venus-597371,2026-08-30 02:26:31,7937.68,1
venus-597372,2026-08-30 02:28:01,14068.62,1
venus-597373,2026-08-30 02:31:08,20.42,1
venus-597374,2026-08-30 02:33:04,21.37,1
venus-597375,2026-08-30 02:33:39,25.65,1
venus-597377,2026-08-30 02:34:42,35.2,1
venus-597378,2026-08-30 02:35:21,21.83,1
venus-597379,2026-08-30 02:38:19,774.98,2
venus-597380,2026-08-30 03:00:28,2.88,2
venus-597381,2026-08-30 03:06:39,576.57,2
venus-597383,2026-08-30 08:41:43,405.83,8
venus-597384,2026-08-30 08:42:29,0.02,8
venus-597385,2026-08-30 08:42:36,83.27,8
venus-597386,2026-08-30 08:45:46,56.53,1
venus-597387,2026-08-30 08:46:29,55.93,1
venus-597388,2026-08-30 08:46:38,55.8,1
venus-597389,2026-08-30 08:47:52,54.62,1
venus-597390,2026-08-30 08:48:08,54.38,1
venus-597391,2026-08-30 08:48:56,53.6,1
venus-597394,2026-08-30 09:23:20,0.03,32
venus-597395,2026-08-30 09:29:48,0.02,32
venus-597396,2026-08-30 09:37:06,264.07,1
venus-597398,2026-08-30 09:38:01,0.02,32
venus-597399,2026-08-30 09:43:45,182.72,1
venus-597400,2026-08-30 09:44:04,182.32,1
venus-597401,2026-08-30 09:44:16,181.72,1
venus-597402,2026-08-30 09:44:32,180.3,1
venus-597403,2026-08-30 09:44:41,179.9,1
venus-597404,2026-08-30 09:55:35,11.7,1
venus-597405,2026-08-30 10:01:36,265.08,1
venus-597409,2026-08-30 10:06:23,0.43,8
venus-597410,2026-08-30 10:07:55,398.68,8
venus-597411,2026-08-30 10:08:46,12.5,1
venus-597416,2026-08-30 10:11:34,67.63,1
venus-597417,2026-08-30 10:13:22,460.42,8
venus-597418,2026-08-30 10:18:49,9.4,1
venus-597419,2026-08-30 10:23:19,0.63,2
venus-597420,2026-08-30 10:24:22,37.12,1
venus-597423,2026-08-30 10:28:21,0.18,1
venus-597424,2026-08-30 10:30:10,0.15,1
venus-597425,2026-08-30 10:30:37,0.17,1
venus-597426,2026-08-30 10:32:28,0.15,1
venus-597427,2026-08-30 10:33:20,0.12,1
venus-597428,2026-08-30 10:34:22,0.17,1
venus-597429,2026-08-30 10:35:05,0.77,1
venus-597433,2026-08-30 10:42:34,0.7,1
venus-597434,2026-08-30 10:49:42,0.97,1
venus-597435,2026-08-30 10:53:34,1.03,1
venus-597436,2026-08-30 10:57:32,1.03,1
venus-597437,2026-08-30 10:59:12,1.23,1
venus-597438,2026-08-30 11:01:31,12.77,1
venus-597439,2026-08-30 11:14:47,1.25,1
venus-597440,2026-08-30 11:16:15,16.65,1
venus-597441,2026-08-30 11:19:20,0.07,1
venus-597442,2026-08-30 11:19:55,549.55,1
venus-597443,2026-08-30 11:23:54,543.37,1
venus-597444,2026-08-30 11:32:55,1.37,1
venus-597445,2026-08-30 11:34:08,1842.13,1
venus-597446,2026-08-30 11:34:52,1.22,1
venus-597447,2026-08-30 11:36:17,1.25,1
venus-597448,2026-08-30 11:37:40,70.43,1
venus-597449,2026-08-30 11:42:43,39.52,1
venus-597450,2026-08-30 11:42:43,39.52,1
venus-597451,2026-08-30 11:42:43,39.53,1
venus-597452,2026-08-30 11:42:43,39.52,1
venus-597453,2026-08-30 11:42:43,39.52,1
venus-597454,2026-08-30 11:42:43,39.52,1
venus-597455,2026-08-30 11:42:43,45.62,1
venus-597456,2026-08-30 11:42:43,45.62,1
venus-597457,2026-08-30 11:43:10,45.63,1
venus-597458,2026-08-30 11:43:10,45.63,1
venus-597459,2026-08-30 11:43:10,45.63,1
venus-597460,2026-08-30 11:43:10,45.63,1
venus-597461,2026-08-30 11:43:10,45.63,1
venus-597462,2026-08-30 11:43:10,45.63,1
venus-597463,2026-08-30 11:43:10,11.32,1
venus-597464,2026-08-30 11:43:10,11.32,1
venus-597465,2026-08-30 11:54:05,0.13,8
venus-597466,2026-08-30 11:54:29,11.08,1
venus-597467,2026-08-30 11:54:29,11.08,1
venus-597468,2026-08-30 11:54:34,6.78,8
venus-597469,2026-08-30 12:02:22,6.68,8
venus-597470,2026-08-30 12:05:35,11.2,1
venus-597471,2026-08-30 12:05:35,11.2,1
venus-597472,2026-08-30 12:13:41,6.65,8
venus-597473,2026-08-30 12:16:48,10.97,1
venus-597474,2026-08-30 12:16:48,10.95,1
venus-597475,2026-08-30 12:19:46,2.37,2
venus-597476,2026-08-30 12:22:14,39.67,1
venus-597477,2026-08-30 12:22:14,39.67,1
venus-597478,2026-08-30 12:22:14,39.67,1
venus-597479,2026-08-30 12:22:14,39.67,1
venus-597480,2026-08-30 12:22:14,39.67,1
venus-597481,2026-08-30 12:22:15,39.72,1
venus-597482,2026-08-30 12:22:41,6.73,8
venus-597483,2026-08-30 12:27:46,10.95,1
venus-597484,2026-08-30 12:27:46,10.95,1
venus-597485,2026-08-30 12:28:20,12.17,1
venus-597486,2026-08-30 12:28:20,12.17,1
venus-597487,2026-08-30 12:31:18,1357.8,2
venus-597488,2026-08-30 12:34:30,656.98,2
venus-597489,2026-08-30 12:38:01,7.33,8
venus-597491,2026-08-30 12:45:04,7393.17,2
venus-597492,2026-08-30 12:45:45,577.08,8
venus-597493,2026-08-30 12:51:48,568.12,8
venus-597495,2026-08-30 13:34:49,138.73,1
venus-597496,2026-08-30 14:06:29,33.13,4
venus-597497,2026-08-30 14:19:24,4.1,1
venus-597498,2026-08-30 14:21:16,1.35,8
venus-597499,2026-08-30 14:46:13,3.33,8
venus-597500,2026-08-30 14:49:53,2140.77,8
venus-597501,2026-08-30 14:55:44,1352.25,8
venus-597502,2026-08-30 14:57:25,1846.3,8
venus-597503,2026-08-30 15:20:41,0.05,1
venus-597504,2026-08-30 15:23:14,1.23,1
venus-597505,2026-08-30 15:26:19,57.95,1
venus-597507,2026-08-30 15:33:58,2.57,2
venus-597508,2026-08-30 15:37:36,150.67,8
venus-597509,2026-08-30 15:41:10,2.53,2
venus-597510,2026-08-30 15:42:23,0.02,8
venus-597511,2026-08-30 15:42:28,0.03,8
venus-597512,2026-08-30 15:44:14,3.18,2
venus-597513,2026-08-30 15:44:45,0.05,8
venus-597514,2026-08-30 15:44:53,1.98,8
venus-597515,2026-08-30 15:46:54,1041.83,8
venus-597516,2026-08-30 15:47:58,1107.38,8
venus-597517,2026-08-30 15:50:45,48.5,2
venus-597518,2026-08-30 15:51:21,521.43,8
venus-597519,2026-08-30 15:52:36,553.48,8
venus-597520,2026-08-30 15:53:44,201.08,1
venus-597521,2026-08-30 15:54:09,9.15,1
venus-597522,2026-08-30 16:03:57,10.68,1
venus-597523,2026-08-30 16:16:29,8034.33,8
venus-597525,2026-08-30 16:24:17,1.25,1
venus-597526,2026-08-30 16:26:13,1.18,1
venus-597527,2026-08-30 16:28:04,1.2,1
venus-597528,2026-08-30 16:30:17,5.68,2
venus-597529,2026-08-30 16:30:47,1.2,1
venus-597530,2026-08-30 16:32:26,2.88,1
venus-597531,2026-08-30 16:35:20,5.65,1
venus-597532,2026-08-30 16:37:45,1126.37,2
venus-597533,2026-08-30 16:39:50,394.38,2
venus-597534,2026-08-30 16:41:41,2.92,1
venus-597535,2026-08-30 16:45:05,1.18,1
venus-597536,2026-08-30 16:46:30,0.4,1
venus-597537,2026-08-30 16:47:12,2.83,1
venus-597538,2026-08-30 16:50:13,44.55,1
venus-597539,2026-08-30 17:02:31,0.12,1
venus-597540,2026-08-30 17:03:20,2311.27,8
venus-597541,2026-08-30 17:05:14,2401.38,8
venus-597542,2026-08-30 17:08:00,0.08,1
venus-597543,2026-08-30 17:09:08,0.07,1
venus-597544,2026-08-30 17:11:05,0.08,1
venus-597545,2026-08-30 17:17:45,0.1,1
venus-597546,2026-08-30 17:19:08,0.23,1
venus-597547,2026-08-30 17:35:52,215.27,1
venus-597548,2026-08-30 17:56:37,0.3,1
venus-597549,2026-08-30 18:00:50,0.3,1
venus-597631,2026-08-30 18:08:39,6.68,1
venus-597649,2026-08-30 18:12:59,403.12,8
venus-597653,2026-08-30 18:45:52,0.02,1
venus-597654,2026-08-30 18:47:47,7.87,1
venus-597655,2026-08-30 18:56:21,4.67,1
venus-597656,2026-08-30 19:07:15,47.93,1
venus-597657,2026-08-30 19:08:55,5.22,1
venus-597658,2026-08-30 19:21:52,202.7,1
venus-597659,2026-08-30 19:25:05,5.9,1
venus-597665,2026-08-30 19:40:49,21.1,1
venus-597666,2026-08-30 19:55:14,205.67,1
venus-597667,2026-08-30 19:58:28,4.08,1
venus-597668,2026-08-30 20:02:54,6905.53,8
venus-597669,2026-08-30 20:13:18,0.52,1
venus-597670,2026-08-30 20:13:53,0.5,1
venus-597672,2026-08-30 20:15:19,115.1,1
venus-597673,2026-08-30 20:15:22,51.67,1
venus-597674,2026-08-30 20:15:42,26.82,1
venus-597675,2026-08-30 20:16:08,6.37,1
venus-597676,2026-08-30 20:17:39,19.53,1
venus-597677,2026-08-30 20:19:21,117.8,1
venus-597678,2026-08-30 20:37:32,0.13,1
venus-597679,2026-08-30 20:37:35,0.08,1
venus-597680,2026-08-30 20:38:31,0.22,1
venus-597681,2026-08-30 20:38:52,403.73,8
venus-597682,2026-08-30 20:38:55,0.35,1
venus-597683,2026-08-30 20:39:45,0.25,1
venus-597684,2026-08-30 20:40:32,409.85,8
venus-597685,2026-08-30 20:41:12,0.27,1
venus-597686,2026-08-30 20:42:06,4.2,1
venus-597687,2026-08-30 20:43:17,404.58,1
venus-597688,2026-08-30 20:43:18,406.4,8
venus-597689,2026-08-30 20:43:24,0.33,1
venus-597690,2026-08-30 20:44:31,0.33,1
venus-597691,2026-08-30 20:44:33,405.98,1
venus-597692,2026-08-30 20:46:06,9.17,1
venus-597693,2026-08-30 20:46:18,4.4,1
venus-597694,2026-08-30 20:49:38,112.5,1
venus-597695,2026-08-30 20:50:14,218.25,8
venus-597696,2026-08-30 20:50:32,118.22,1
venus-597697,2026-08-30 20:50:47,25.5,1
venus-597698,2026-08-30 20:51:27,6.48,1
venus-597699,2026-08-30 20:51:53,51.08,1
venus-597700,2026-08-30 20:52:22,20.53,1
venus-597701,2026-08-30 20:54:54,0.78,1
venus-597702,2026-08-30 20:54:58,19.5,1
venus-597703,2026-08-30 20:55:17,1.1,1
venus-597704,2026-08-30 20:55:21,48.8,1
venus-597705,2026-08-30 20:55:31,6.4,1
venus-597706,2026-08-30 20:55:41,25.02,1
venus-597707,2026-08-30 20:55:51,111.73,1
venus-597708,2026-08-30 20:56:02,108.48,1
venus-597709,2026-08-30 20:56:34,105.87,8
venus-597710,2026-08-30 20:57:08,105.4,8
venus-597712,2026-08-30 20:59:07,2.48,1
venus-597713,2026-08-30 21:01:36,1.13,1
venus-597714,2026-08-30 21:03:05,1.23,1
venus-597715,2026-08-30 21:04:37,1.23,1
venus-597716,2026-08-30 21:06:24,1.23,1
venus-597717,2026-08-30 21:06:27,0.35,1
venus-597718,2026-08-30 21:07:32,0.33,1
venus-597719,2026-08-30 21:08:12,0.72,1
venus-597720,2026-08-30 21:08:23,2.68,1
venus-597721,2026-08-30 21:09:19,0.33,1
venus-597722,2026-08-30 21:10:20,0.33,1
venus-597723,2026-08-30 21:10:50,2.47,1
venus-597724,2026-08-30 21:11:05,0.72,1
venus-597725,2026-08-30 21:12:09,3.95,1
venus-597726,2026-08-30 21:13:33,1.77,1
venus-597727,2026-08-30 21:15:28,4.27,1
venus-597728,2026-08-30 21:19:58,1.27,1
venus-597729,2026-08-30 21:20:25,1.53,1
venus-597731,2026-08-30 21:23:58,1.28,1
venus-597737,2026-08-30 21:26:13,3.58,1
venus-597740,2026-08-30 21:26:42,0.83,1
venus-597741,2026-08-30 21:27:43,5.73,1
venus-597742,2026-08-30 21:30:56,105.5,1
venus-597743,2026-08-30 21:37:55,405.85,8
venus-597744,2026-08-30 21:44:00,33.58,8
venus-597745,2026-08-30 21:45:01,0.15,8
venus-597746,2026-08-30 21:45:25,46.35,8
venus-597747,2026-08-30 22:01:47,2.93,32
venus-597758,2026-08-30 22:04:37,0.02,32
venus-597759,2026-08-30 22:05:57,1.2,32
venus-597762,2026-08-30 22:09:02,2.75,8
venus-597763,2026-08-30 22:12:42,2.7,8
venus-597776,2026-08-30 22:15:39,3.73,8
venus-597781,2026-08-30 22:21:36,3.65,8
venus-597782,2026-08-30 22:21:53,7.88,8
venus-597795,2026-08-30 22:24:58,0.13,8
venus-597797,2026-08-30 22:25:31,69.37,2
venus-597798,2026-08-30 22:29:35,3.78,8
venus-597799,2026-08-30 22:31:01,20.98,8
venus-597803,2026-08-30 22:34:00,4.18,8
venus-597804,2026-08-30 22:36:35,0.22,8
venus-597805,2026-08-30 22:40:41,4.05,8
venus-597806,2026-08-30 22:41:16,0.15,4
venus-597807,2026-08-30 22:42:17,212.4,4
venus-597819,2026-08-30 22:43:18,0.05,4
venus-597821,2026-08-30 22:43:47,0.17,8
venus-597822,2026-08-30 22:43:54,0.08,32
venus-597823,2026-08-30 22:44:01,0.05,4
venus-597824,2026-08-30 22:44:33,2.7,16
venus-597825,2026-08-30 22:44:45,5.02,32
venus-597827,2026-08-30 22:47:33,0.02,1
venus-597828,2026-08-30 22:47:46,0.3,8
venus-597829,2026-08-30 22:47:53,0.08,1
venus-597833,2026-08-30 22:48:14,0.32,8
venus-597846,2026-08-30 22:48:23,1.0,8
venus-597860,2026-08-30 22:49:16,2289.68,8
venus-597861,2026-08-30 22:52:02,0.72,8
venus-597862,2026-08-30 22:52:03,2516.12,8
venus-597864,2026-08-30 22:52:22,0.07,1
venus-597865,2026-08-30 22:53:42,0.47,8
venus-597866,2026-08-30 22:54:18,0.07,1
venus-597868,2026-08-30 22:56:03,43.67,8
venus-597869,2026-08-30 22:56:19,8.7,1
venus-597870,2026-08-30 22:56:31,2.78,32
venus-597872,2026-08-30 22:57:53,0.78,1
venus-597875,2026-08-30 22:58:55,1974.12,8
venus-597876,2026-08-30 23:00:01,4.82,1
venus-597878,2026-08-30 23:03:38,0.78,8
venus-597879,2026-08-30 23:04:51,0.53,1
venus-597883,2026-08-30 23:07:29,0.77,1
venus-597885,2026-08-30 23:10:05,2.08,1
venus-597888,2026-08-30 23:12:11,3.07,1
venus-597891,2026-08-30 23:15:08,10.58,4
venus-597892,2026-08-30 23:15:39,4985.55,2
venus-597894,2026-08-30 23:17:21,1.42,1
venus-597896,2026-08-30 23:19:10,6.82,1
venus-597899,2026-08-30 23:27:15,7.12,1
venus-597904,2026-08-30 23:32:33,0.12,1
venus-597905,2026-08-30 23:32:38,0.12,1
venus-597906,2026-08-30 23:33:18,0.08,1
venus-597907,2026-08-30 23:33:57,0.25,1
venus-597908,2026-08-30 23:34:22,0.87,1
venus-597909,2026-08-30 23:34:57,0.27,1
venus-597910,2026-08-30 23:35:33,0.12,1
venus-597911,2026-08-30 23:35:43,1.13,1
venus-597912,2026-08-30 23:37:22,0.27,1
venus-597913,2026-08-30 23:38:06,0.22,1
venus-597914,2026-08-30 23:38:44,0.75,1
venus-597915,2026-08-30 23:39:41,560.97,2
venus-597916,2026-08-30 23:39:54,560.68,2
venus-597917,2026-08-30 23:40:23,0.17,1
venus-597918,2026-08-30 23:41:38,903.07,1
venus-597919,2026-08-30 23:42:08,0.95,1
venus-597922,2026-08-30 23:42:38,988.83,1
venus-597923,2026-08-30 23:43:33,729.92,1
venus-597924,2026-08-30 23:44:49,1.15,1
venus-597925,2026-08-30 23:45:06,0.92,160
venus-597926,2026-08-30 23:45:40,728.77,1
venus-597927,2026-08-30 23:45:44,1813.47,8
venus-597928,2026-08-30 23:46:00,0.05,8
venus-597929,2026-08-30 23:46:12,0.17,160
venus-597930,2026-08-30 23:46:15,3.77,1
venus-597931,2026-08-30 23:46:19,85.0,48
venus-597932,2026-08-30 23:46:22,0.43,4
venus-597933,2026-08-30 23:46:31,511.35,1
venus-597934,2026-08-30 23:46:32,0.25,112
venus-597936,2026-08-30 23:46:47,81.95,48
venus-597937,2026-08-30 23:46:57,0.43,64
venus-597938,2026-08-30 23:47:13,0.25,1
venus-597939,2026-08-30 23:47:16,1306.65,1
venus-597940,2026-08-30 23:47:21,54.27,16
venus-597941,2026-08-30 23:47:33,54.2,48
venus-597942,2026-08-30 23:47:49,1394.07,1
venus-597943,2026-08-30 23:48:35,186.13,4
venus-597944,2026-08-30 23:48:54,0.65,8
venus-597945,2026-08-30 23:50:23,10.37,1
venus-597946,2026-08-30 23:50:55,0.25,1
venus-597947,2026-08-30 23:53:00,509.92,1
venus-597948,2026-08-30 23:54:15,509.2,1
venus-597949,2026-08-30 23:54:37,0.25,1
venus-597950,2026-08-30 23:55:03,1.6,8
venus-597951,2026-08-30 23:57:33,0.22,1
venus-597952,2026-08-30 23:58:20,0.23,1
venus-597953,2026-08-30 23:59:05,0.03,1
venus-597954,2026-08-30 23:59:10,0.28,1
venus-597955,2026-08-30 23:59:39,35.52,8
venus-597956,2026-08-31 00:00:46,13.83,1
venus-597957,2026-08-31 00:04:27,0.33,1
venus-597958,2026-08-31 00:06:44,0.23,1
venus-597959,2026-08-31 00:07:26,0.32,1
venus-597960,2026-08-31 00:09:34,0.32,1
venus-597961,2026-08-31 00:09:36,2.18,1
venus-597962,2026-08-31 00:10:50,0.32,1
venus-597963,2026-08-31 00:11:52,34.52,1
venus-597964,2026-08-31 00:12:19,5.83,1
venus-597965,2026-08-31 00:12:56,500.48,1
venus-597966,2026-08-31 00:13:04,0.22,1
venus-597967,2026-08-31 00:14:12,0.3,1
venus-597968,2026-08-31 00:14:55,3.63,1
venus-597969,2026-08-31 00:15:28,7.05,1
venus-597970,2026-08-31 00:18:34,2.13,1
venus-597971,2026-08-31 00:22:13,2.18,1
venus-597972,2026-08-31 00:22:26,179.35,1
venus-597973,2026-08-31 00:25:38,10.83,1
venus-597974,2026-08-31 00:33:05,177.88,1
venus-597975,2026-08-31 00:34:55,176.55,1
venus-597976,2026-08-31 00:35:37,126.5,16
venus-597977,2026-08-31 00:36:39,2.18,1
venus-597978,2026-08-31 00:37:30,1753.27,8
venus-597979,2026-08-31 00:40:04,7.32,1
venus-597980,2026-08-31 00:41:45,27.45,16
venus-597981,2026-08-31 00:41:50,26.95,48
venus-597982,2026-08-31 00:47:23,7.05,1
venus-597983,2026-08-31 00:50:26,3.55,1
venus-597984,2026-08-31 00:54:10,3.65,1
venus-597985,2026-08-31 00:54:30,5.4,1
venus-597986,2026-08-31 00:59:23,0.02,1
venus-597987,2026-08-31 01:00:11,0.07,4
venus-597989,2026-08-31 01:00:20,9.6,4
venus-597990,2026-08-31 01:02:15,5.63,8
venus-597991,2026-08-31 01:04:44,7.28,1
venus-597992,2026-08-31 01:08:52,0.33,96
venus-597993,2026-08-31 01:09:17,2048.2,32
venus-597994,2026-08-31 01:09:17,6.1,16
venus-597995,2026-08-31 01:09:17,2.12,96
venus-597996,2026-08-31 01:11:15,1588.02,32
venus-597997,2026-08-31 01:11:29,3.92,144
venus-597998,2026-08-31 01:12:04,4.98,1
venus-597999,2026-08-31 01:15:28,23.15,16
venus-598000,2026-08-31 01:15:29,23.15,144
venus-598001,2026-08-31 01:18:18,5108.88,1
venus-598002,2026-08-31 01:19:05,5108.08,1
venus-598003,2026-08-31 01:26:52,5100.27,1
venus-598004,2026-08-31 01:30:54,53.17,4
venus-598005,2026-08-31 01:31:10,89.9,8
venus-598006,2026-08-31 01:32:37,0.22,8
venus-598007,2026-08-31 01:35:59,4.37,1
venus-598008,2026-08-31 01:38:42,17.32,16
venus-598009,2026-08-31 01:38:43,17.38,144
venus-598010,2026-08-31 01:40:39,1.1,1
venus-598011,2026-08-31 01:43:19,2.7,1
venus-598016,2026-08-31 01:48:56,6.25,1
venus-598018,2026-08-31 01:55:30,0.42,8
venus-598019,2026-08-31 01:56:06,8.03,16
venus-598020,2026-08-31 01:56:11,8.0,144
venus-598021,2026-08-31 02:04:13,3.55,16
venus-598022,2026-08-31 02:04:16,3.57,144
venus-598023,2026-08-31 02:07:51,2.13,16
venus-598024,2026-08-31 02:07:55,2.13,144
venus-598025,2026-08-31 02:10:08,344.85,160
venus-598027,2026-08-31 07:36:53,0.12,1
venus-598028,2026-08-31 07:37:45,5.2,1
venus-598029,2026-08-31 07:54:55,1.25,8
venus-598030,2026-08-31 07:55:09,0.52,152
venus-598031,2026-08-31 07:55:39,0.83,8
venus-598032,2026-08-31 07:55:50,0.68,144
venus-598033,2026-08-31 07:56:14,0.57,8
venus-598034,2026-08-31 07:56:30,27.02,16
venus-598035,2026-08-31 07:56:31,0.65,8
venus-598036,2026-08-31 07:56:41,1.18,128
venus-598037,2026-08-31 07:56:48,1.07,4
venus-598038,2026-08-31 07:57:11,92.57,8
venus-598039,2026-08-31 07:57:53,0.98,8
venus-598040,2026-08-31 07:57:57,5.87,128
venus-598041,2026-08-31 07:58:53,0.67,8
venus-598042,2026-08-31 07:59:33,1.03,4
venus-598043,2026-08-31 08:00:37,0.52,8
venus-598044,2026-08-31 08:01:10,2.63,8
venus-598045,2026-08-31 08:03:49,11.0,8
venus-598046,2026-08-31 08:03:54,10.93,128
venus-598047,2026-08-31 08:04:24,0.78,1
venus-598048,2026-08-31 08:14:51,0.77,8
venus-598049,2026-08-31 08:14:55,12.47,128
venus-598050,2026-08-31 08:15:37,0.55,8
venus-598051,2026-08-31 08:16:11,0.2,4
venus-598052,2026-08-31 08:16:25,1.38,8
venus-598053,2026-08-31 08:17:48,0.57,8
venus-598054,2026-08-31 08:18:22,0.23,4
venus-598055,2026-08-31 08:18:37,0.88,8
venus-598056,2026-08-31 08:19:30,0.7,8
venus-598057,2026-08-31 08:20:12,0.17,4
venus-598058,2026-08-31 08:20:23,0.7,8
venus-598059,2026-08-31 08:21:05,0.6,8
venus-598060,2026-08-31 08:21:41,0.9,4
venus-598061,2026-08-31 08:22:37,0.73,8
venus-598062,2026-08-31 08:23:21,0.72,8
venus-598063,2026-08-31 08:23:32,1.0,16
venus-598064,2026-08-31 08:24:04,0.97,4
venus-598065,2026-08-31 08:24:32,20.33,16
venus-598066,2026-08-31 08:25:03,0.75,8
venus-598067,2026-08-31 08:25:48,0.63,8
venus-598068,2026-08-31 08:26:26,0.95,4
venus-598069,2026-08-31 08:27:24,0.82,8
venus-598070,2026-08-31 08:27:28,1.45,128
venus-598071,2026-08-31 08:28:13,0.68,8
venus-598072,2026-08-31 08:28:55,1.0,4
venus-598073,2026-08-31 08:29:00,0.92,128
venus-598074,2026-08-31 08:29:57,0.72,8
venus-598075,2026-08-31 08:30:00,5.02,128
venus-598076,2026-08-31 08:30:41,0.9,8
venus-598077,2026-08-31 08:31:35,1.02,4
venus-598078,2026-08-31 08:32:37,0.72,8
venus-598079,2026-08-31 08:33:20,0.72,8
venus-598080,2026-08-31 08:34:03,0.95,4
venus-598081,2026-08-31 08:35:02,1.8,8
venus-598082,2026-08-31 08:35:06,3.55,128
venus-598083,2026-08-31 08:36:50,0.67,8
venus-598084,2026-08-31 08:37:30,1.13,4
venus-598085,2026-08-31 08:38:40,1.43,8
venus-598086,2026-08-31 08:38:44,1.53,128
venus-598087,2026-08-31 08:40:06,0.15,8
venus-598088,2026-08-31 08:40:17,0.87,8
venus-598089,2026-08-31 08:40:21,4.58,128
venus-598090,2026-08-31 08:41:11,0.13,8
venus-598091,2026-08-31 08:41:20,2.65,8
venus-598092,2026-08-31 08:44:00,2.68,8
venus-598093,2026-08-31 08:44:52,10.2,8
venus-598094,2026-08-31 08:45:01,1.68,136
venus-598095,2026-08-31 08:46:43,2.73,8
venus-598096,2026-08-31 08:46:47,5.43,136
venus-598097,2026-08-31 08:49:28,2.73,8
venus-598098,2026-08-31 08:52:14,2.68,8
venus-598099,2026-08-31 08:52:18,2.63,136
venus-598100,2026-08-31 08:54:57,2.7,8
venus-598101,2026-08-31 08:55:01,0.08,136
venus-598102,2026-08-31 08:55:11,5.23,144
venus-598103,2026-08-31 08:57:41,2.73,8
venus-598105,2026-08-31 08:58:27,0.98,1
venus-598106,2026-08-31 09:00:27,77.17,8
venus-598107,2026-08-31 09:00:31,29.25,144
venus-598108,2026-08-31 09:01:00,0.98,4
venus-598109,2026-08-31 09:01:42,5.47,1
venus-598110,2026-08-31 09:03:05,2.28,4
venus-598111,2026-08-31 09:08:29,2.25,4
venus-598112,2026-08-31 09:16:49,19.17,4
venus-598114,2026-08-31 09:29:51,47.85,152
venus-598115,2026-08-31 09:32:03,3.65,1
venus-598116,2026-08-31 09:35:43,1.17,1
venus-598117,2026-08-31 09:36:52,11.78,4
venus-598118,2026-08-31 09:37:27,121.3,1
venus-598119,2026-08-31 09:50:47,35.95,1
venus-598120,2026-08-31 09:51:55,40.52,8
venus-598121,2026-08-31 09:53:12,1733.47,4
venus-598122,2026-08-31 10:01:51,155.12,4
venus-598123,2026-08-31 10:02:26,214.23,4
venus-598124,2026-08-31 10:02:45,157.78,4
venus-598125,2026-08-31 10:06:31,675.57,1
venus-598126,2026-08-31 10:17:17,321.25,1
venus-598127,2026-08-31 10:17:41,5704.48,160
venus-598128,2026-08-31 10:24:07,0.55,8
venus-598129,2026-08-31 10:25:21,4561.65,1
venus-598130,2026-08-31 10:25:27,4561.48,1
venus-598131,2026-08-31 10:26:51,1094.35,1
venus-598135,2026-08-31 10:31:55,1.98,16
venus-598136,2026-08-31 10:32:46,10.43,1
venus-598140,2026-08-31 10:39:15,2.15,8
venus-598143,2026-08-31 10:41:15,0.15,8
venus-598144,2026-08-31 10:41:46,0.12,8
venus-598145,2026-08-31 10:42:27,0.13,8
venus-598146,2026-08-31 10:43:33,34.0,8
venus-598147,2026-08-31 10:43:49,48.2,8
venus-598148,2026-08-31 10:48:39,595.15,1
venus-598149,2026-08-31 10:56:50,4.07,1
venus-598150,2026-08-31 11:00:53,7.28,1
venus-598151,2026-08-31 11:03:18,18.7,1
venus-598152,2026-08-31 11:04:47,0.45,2
venus-598153,2026-08-31 11:05:58,101.97,1
venus-598154,2026-08-31 11:06:11,23.37,1
venus-598155,2026-08-31 11:06:20,6.45,1
venus-598156,2026-08-31 11:06:30,45.72,1
venus-598157,2026-08-31 11:06:43,0.45,2
venus-598158,2026-08-31 11:06:59,114.57,1
venus-598159,2026-08-31 11:07:08,28.68,1
venus-598160,2026-08-31 11:07:16,7.07,1
venus-598161,2026-08-31 11:07:26,51.8,1
venus-598162,2026-08-31 11:07:59,147.13,1
venus-598163,2026-08-31 11:08:10,28.9,1
venus-598164,2026-08-31 11:08:19,7.1,1
venus-598165,2026-08-31 11:08:31,59.1,1
venus-598166,2026-08-31 11:10:02,1656.55,2
venus-598167,2026-08-31 11:13:53,7.18,1
venus-598168,2026-08-31 11:18:48,0.47,2
venus-598169,2026-08-31 11:20:35,10.28,2
venus-598170,2026-08-31 11:26:59,9.68,2
venus-598171,2026-08-31 11:30:41,2298.47,16
venus-598173,2026-08-31 11:36:51,2890.5,2
venus-598174,2026-08-31 11:36:51,310.6,4
venus-598175,2026-08-31 11:36:56,310.1,4
venus-598176,2026-08-31 11:36:59,311.65,4
venus-598177,2026-08-31 11:37:02,310.2,4
venus-598178,2026-08-31 11:38:46,263.62,1
venus-598180,2026-08-31 11:41:16,6.55,1
venus-598181,2026-08-31 11:45:34,2.98,4
venus-598183,2026-08-31 11:47:01,0.13,1
venus-598184,2026-08-31 11:47:30,43.67,1
venus-598185,2026-08-31 11:47:59,42.98,1
venus-598186,2026-08-31 11:48:45,7.27,1
venus-598187,2026-08-31 11:49:05,0.1,4
venus-598188,2026-08-31 11:50:34,10.95,4
venus-598189,2026-08-31 11:50:39,40.73,1
venus-598190,2026-08-31 11:50:45,127.03,16
venus-598191,2026-08-31 11:50:51,0.37,8
venus-598192,2026-08-31 11:51:14,0.07,8
venus-598193,2026-08-31 11:51:19,234.38,8
venus-598194,2026-08-31 11:51:25,41.18,1
venus-598195,2026-08-31 11:52:19,40.45,1
venus-598196,2026-08-31 11:53:10,39.75,1
venus-598197,2026-08-31 11:53:18,232.27,8
venus-598198,2026-08-31 11:54:04,39.0,1
venus-598199,2026-08-31 11:55:42,39.28,1
venus-598200,2026-08-31 11:56:33,38.57,1
venus-598201,2026-08-31 11:57:33,38.13,1
venus-598202,2026-08-31 11:58:19,37.55,1
venus-598203,2026-08-31 11:59:12,10.23,2
venus-598204,2026-08-31 11:59:21,36.62,1
venus-598205,2026-08-31 12:00:15,36.23,1
venus-598207,2026-08-31 12:01:23,35.22,1
venus-598208,2026-08-31 12:01:27,509.63,8
venus-598209,2026-08-31 12:02:06,9.73,4
venus-598210,2026-08-31 12:03:07,7.2,1
venus-598211,2026-08-31 12:03:14,33.47,1
venus-598212,2026-08-31 12:03:15,0.22,8
venus-598213,2026-08-31 12:04:41,507.0,8
venus-598229,2026-08-31 12:13:12,7.37,1
venus-598230,2026-08-31 12:20:54,67.23,4
venus-598232,2026-08-31 12:25:53,7.37,1
venus-598235,2026-08-31 12:30:57,4.22,1
venus-598236,2026-08-31 12:31:00,1397.28,1
venus-598237,2026-08-31 12:31:13,1684.08,1
venus-598238,2026-08-31 12:31:25,1602.63,1
venus-598239,2026-08-31 12:32:38,1406.97,1
venus-598240,2026-08-31 12:32:47,1615.13,1
venus-598241,2026-08-31 12:32:57,600.58,1
venus-598242,2026-08-31 12:33:05,641.43,1
venus-598243,2026-08-31 12:35:01,1006.78,1
venus-598244,2026-08-31 12:35:10,389.7,1
venus-598245,2026-08-31 12:35:24,207.93,1
venus-598249,2026-08-31 12:36:14,3.23,1
venus-598253,2026-08-31 12:38:01,0.75,1
venus-598254,2026-08-31 12:40:10,34.02,1
venus-598255,2026-08-31 12:40:31,0.02,16
venus-598256,2026-08-31 12:43:39,0.82,1
venus-598257,2026-08-31 12:45:03,0.7,1
venus-598258,2026-08-31 12:53:46,1021.6,1
venus-598259,2026-08-31 12:53:53,926.77,1
venus-598260,2026-08-31 12:54:01,767.12,1
venus-598261,2026-08-31 12:54:05,929.53,1
venus-598262,2026-08-31 12:54:10,773.37,1
venus-598263,2026-08-31 12:54:18,892.88,1
venus-598264,2026-08-31 13:34:07,4.03,4
venus-598265,2026-08-31 13:35:15,93.25,1
venus-598266,2026-08-31 13:37:01,82.8,4
venus-598267,2026-08-31 13:39:23,3590.0,4
venus-598280,2026-08-31 13:54:34,182.22,1
venus-598281,2026-08-31 13:54:39,552.33,1
venus-598282,2026-08-31 13:54:53,181.55,1
venus-598283,2026-08-31 13:55:04,182.6,1
venus-598284,2026-08-31 13:55:08,296.13,1
venus-598285,2026-08-31 13:55:36,281.9,1
venus-598286,2026-08-31 13:55:53,182.18,1
venus-598287,2026-08-31 13:56:01,427.6,1
venus-598288,2026-08-31 13:56:03,182.72,1
venus-598289,2026-08-31 13:56:28,181.43,1
venus-598290,2026-08-31 13:56:28,280.87,1
venus-598291,2026-08-31 13:56:55,366.55,1
venus-598292,2026-08-31 13:57:14,495.57,1
venus-598293,2026-08-31 13:57:51,322.62,1
venus-598294,2026-08-31 13:58:06,327.77,1
venus-598295,2026-08-31 13:58:34,323.2,1
venus-598296,2026-08-31 13:59:13,437.02,1
venus-598297,2026-08-31 13:59:31,314.7,1
venus-598299,2026-08-31 14:01:26,392.13,16
venus-598300,2026-08-31 14:01:51,516.2,1
venus-598301,2026-08-31 14:02:57,0.13,1
venus-598302,2026-08-31 14:04:13,370.05,1
venus-598303,2026-08-31 14:05:09,113.57,1
venus-598304,2026-08-31 14:40:53,0.45,8
venus-598305,2026-08-31 14:45:14,0.63,8
venus-598306,2026-08-31 14:46:25,0.63,8
venus-598307,2026-08-31 14:47:45,0.08,1
venus-598308,2026-08-31 14:48:02,6.42,1
venus-598316,2026-08-31 14:59:51,1.37,1
venus-598317,2026-08-31 15:03:28,65.85,1
venus-598318,2026-08-31 15:03:41,1.4,1
venus-598319,2026-08-31 15:04:53,620.25,1
venus-598320,2026-08-31 15:05:23,1.83,1
venus-598321,2026-08-31 15:05:40,9851.65,1
venus-598322,2026-08-31 15:07:14,1.37,1
venus-598323,2026-08-31 15:09:44,1.37,1
venus-598324,2026-08-31 15:11:45,0.63,8
venus-598325,2026-08-31 15:11:53,0.27,16
venus-598326,2026-08-31 15:13:27,0.23,16
venus-598327,2026-08-31 15:13:41,5.53,1
venus-598328,2026-08-31 15:13:54,0.23,16
venus-598329,2026-08-31 15:13:59,0.1,1
venus-598330,2026-08-31 15:14:53,0.25,16
venus-598331,2026-08-31 15:15:50,1353.73,16
venus-598332,2026-08-31 15:17:10,7.37,1
venus-598333,2026-08-31 15:19:55,5.12,1
venus-598334,2026-08-31 15:21:40,0.88,1
venus-598336,2026-08-31 15:23:53,5.43,1
venus-598337,2026-08-31 15:25:02,2.22,1
venus-598338,2026-08-31 15:25:56,810.52,8
venus-598340,2026-08-31 15:26:52,0.32,1
venus-598341,2026-08-31 15:27:28,1.48,1
venus-598342,2026-08-31 15:29:05,2.05,1
venus-598343,2026-08-31 15:31:15,3.92,1
venus-598344,2026-08-31 15:35:11,2.72,1
venus-598345,2026-08-31 15:37:54,2.52,1
venus-598346,2026-08-31 15:38:53,563.98,1
venus-598347,2026-08-31 15:40:27,1.72,1
venus-598348,2026-08-31 15:40:37,265.7,1
venus-598352,2026-08-31 15:42:19,60.68,16
venus-598353,2026-08-31 15:42:27,0.4,1
venus-598355,2026-08-31 15:42:43,8.38,1
venus-598368,2026-08-31 15:46:20,301.33,8
venus-598370,2026-08-31 15:46:45,0.18,1
venus-598371,2026-08-31 15:47:05,0.28,1
venus-598373,2026-08-31 15:47:25,0.3,1
venus-598374,2026-08-31 15:47:33,0.63,8
venus-598377,2026-08-31 15:47:54,9.12,8
venus-598378,2026-08-31 15:49:23,0.12,8
venus-598379,2026-08-31 15:49:56,7.93,1
venus-598380,2026-08-31 15:51:07,3.33,1
venus-598381,2026-08-31 15:54:44,4.42,1
venus-598382,2026-08-31 15:57:44,2604.37,8
venus-598383,2026-08-31 15:59:20,2.0,1
venus-598384,2026-08-31 15:59:55,70.95,2
venus-598385,2026-08-31 16:01:38,0.63,8
venus-598388,2026-08-31 16:02:06,0.03,4
venus-598390,2026-08-31 16:02:13,1.47,4
venus-598391,2026-08-31 16:03:00,672.08,1
venus-598392,2026-08-31 16:03:25,404.73,1
venus-598393,2026-08-31 16:03:29,1577.5,1
venus-598394,2026-08-31 16:04:04,371.65,1
venus-598395,2026-08-31 16:04:24,448.58,1
venus-598396,2026-08-31 16:04:31,2.5,4
venus-598397,2026-08-31 16:04:39,527.97,1
venus-598398,2026-08-31 16:04:56,160.13,1
venus-598399,2026-08-31 16:05:11,606.6,1
venus-598400,2026-08-31 16:05:48,298.02,1
venus-598401,2026-08-31 16:05:58,583.7,1
venus-598403,2026-08-31 16:06:09,517.73,1
venus-598404,2026-08-31 16:06:22,41.85,1
venus-598405,2026-08-31 16:06:36,511.22,1
venus-598406,2026-08-31 16:06:47,361.3,1
venus-598407,2026-08-31 16:06:57,279.5,1
venus-598408,2026-08-31 16:07:02,799.27,4
venus-598409,2026-08-31 16:07:08,300.85,1
venus-598410,2026-08-31 16:07:17,354.37,1
venus-598411,2026-08-31 16:08:06,195.4,1
venus-598412,2026-08-31 16:08:23,440.52,1
venus-598413,2026-08-31 16:09:35,9.52,1
venus-598414,2026-08-31 16:10:18,542.62,1
venus-598415,2026-08-31 16:10:30,702.28,1
venus-598416,2026-08-31 16:10:53,713.33,1
venus-598417,2026-08-31 16:11:40,708.58,1
venus-598419,2026-08-31 16:12:04,762.6,1
venus-598420,2026-08-31 16:15:26,152.28,8
venus-598421,2026-08-31 16:15:40,469.58,1
venus-598422,2026-08-31 16:16:06,666.58,1
venus-598423,2026-08-31 16:16:49,719.47,1
venus-598424,2026-08-31 16:17:26,88.15,1
venus-598425,2026-08-31 16:17:50,84.28,1
venus-598426,2026-08-31 16:18:12,54.0,1
venus-598427,2026-08-31 16:18:34,53.77,1
venus-598428,2026-08-31 16:19:04,53.23,1
venus-598429,2026-08-31 16:19:21,5.63,8
venus-598430,2026-08-31 16:19:31,44.23,1
venus-598431,2026-08-31 16:19:58,43.58,1
venus-598432,2026-08-31 16:25:23,115.97,8
venus-598434,2026-08-31 16:42:23,1105.53,1
venus-598435,2026-08-31 16:48:03,1.38,16
venus-598436,2026-08-31 16:55:16,2.3,16
venus-598437,2026-08-31 17:13:43,2395.57,2
venus-598438,2026-08-31 17:14:43,9.3,1
venus-598439,2026-08-31 17:16:22,3.12,16
venus-598440,2026-08-31 17:16:54,5.23,1
venus-598441,2026-08-31 17:17:38,378.45,1
venus-598442,2026-08-31 17:18:12,442.02,1
venus-598443,2026-08-31 17:18:34,373.6,1
venus-598444,2026-08-31 17:19:25,299.7,1
venus-598445,2026-08-31 17:20:09,374.2,1
venus-598446,2026-08-31 17:20:53,326.33,1
venus-598447,2026-08-31 17:21:24,79.58,1
venus-598448,2026-08-31 17:21:53,320.05,1
venus-598449,2026-08-31 17:22:23,295.33,1
venus-598450,2026-08-31 17:22:25,3.12,16
venus-598451,2026-08-31 17:22:58,303.98,1
venus-598452,2026-08-31 17:23:56,378.35,1
venus-598453,2026-08-31 17:24:17,361.1,1
venus-598454,2026-08-31 17:24:51,284.23,1
venus-598455,2026-08-31 17:25:24,335.92,1
venus-598456,2026-08-31 17:26:33,0.2,8
venus-598457,2026-08-31 17:29:00,0.2,8
venus-598458,2026-08-31 17:30:26,0.48,8
venus-598459,2026-08-31 17:31:14,0.83,8
venus-598460,2026-08-31 17:33:14,1.48,8
venus-598461,2026-08-31 17:47:22,1.48,1
venus-598462,2026-08-31 17:50:58,2.25,1
venus-598463,2026-08-31 17:53:15,0.58,1
venus-598468,2026-08-31 17:55:46,0.27,1
venus-598469,2026-08-31 17:56:35,36.47,1
venus-598470,2026-08-31 18:01:43,0.68,1
venus-598471,2026-08-31 18:02:53,1.58,1
venus-598472,2026-08-31 18:05:03,2.22,1
venus-598473,2026-08-31 18:07:19,0.62,1
venus-598475,2026-08-31 18:08:48,0.82,1
venus-598476,2026-08-31 18:22:22,3.05,16
venus-598478,2026-08-31 18:34:24,8.75,16
venus-598485,2026-08-31 18:47:45,2.37,1
venus-598486,2026-08-31 18:48:14,1.97,1
venus-598487,2026-08-31 18:48:23,1.88,1
venus-598488,2026-08-31 18:48:40,1.63,1
venus-598491,2026-08-31 18:51:42,149.18,1
venus-598492,2026-08-31 18:51:51,31.42,1
venus-598493,2026-08-31 18:52:02,7.4,1
venus-598496,2026-08-31 18:52:35,67.53,1
venus-598497,2026-08-31 18:53:12,0.32,2
venus-598500,2026-08-31 18:55:07,883.9,8
venus-598501,2026-08-31 18:56:28,11.75,16
venus-598502,2026-08-31 19:02:26,0.33,2
venus-598504,2026-08-31 19:03:20,0.32,2
venus-598505,2026-08-31 19:04:14,0.42,2
venus-598506,2026-08-31 19:04:46,5.95,2
venus-598507,2026-08-31 19:08:13,9.73,16
venus-598508,2026-08-31 19:10:49,9606.43,2
venus-598509,2026-08-31 19:11:57,209.0,1
venus-598510,2026-08-31 19:12:12,181.85,1
venus-598511,2026-08-31 19:12:20,178.43,1
venus-598512,2026-08-31 19:13:23,237.98,1
venus-598513,2026-08-31 19:13:31,234.02,1
venus-598514,2026-08-31 19:13:55,237.95,1
venus-598515,2026-08-31 19:18:02,10.88,16
venus-598516,2026-08-31 19:28:55,9.73,16
venus-598517,2026-08-31 19:29:30,0.7,1
venus-598518,2026-08-31 19:38:39,3.37,16
venus-598519,2026-08-31 19:39:54,1.82,8
venus-598520,2026-08-31 19:42:12,229.33,16
venus-598521,2026-08-31 19:42:43,1.73,8
venus-598522,2026-08-31 19:45:11,1.98,8
venus-598523,2026-08-31 19:48:51,1.83,8
venus-598524,2026-08-31 19:50:55,3.27,8
venus-598529,2026-08-31 19:53:36,0.03,4
venus-598531,2026-08-31 19:54:07,1.08,4
venus-598532,2026-08-31 19:54:33,1.47,8
venus-598533,2026-08-31 19:57:11,4.75,4
venus-598534,2026-08-31 19:57:29,17.95,2
venus-598535,2026-08-31 19:57:50,3.95,8
venus-598537,2026-08-31 19:58:44,18.07,2
venus-598566,2026-08-31 20:02:03,2.28,8
venus-598568,2026-08-31 20:03:16,2.73,1
venus-598570,2026-08-31 20:06:07,0.02,8
venus-598571,2026-08-31 20:06:19,1.83,8
venus-598572,2026-08-31 20:07:09,6.12,2
venus-598573,2026-08-31 20:08:46,1.58,8
venus-598574,2026-08-31 20:11:16,5.8,8
venus-598575,2026-08-31 20:14:02,45.47,2
venus-598576,2026-08-31 20:17:42,3.43,1
venus-598579,2026-08-31 20:21:49,78.53,2
venus-598580,2026-08-31 20:21:51,78.6,2
venus-598582,2026-08-31 20:22:06,0.08,2
venus-598583,2026-08-31 20:34:27,1207.93,16
venus-598585,2026-08-31 20:35:46,2.73,1
venus-598588,2026-08-31 20:52:21,424.18,1
venus-598589,2026-08-31 20:52:33,0.15,8
venus-598590,2026-08-31 20:52:52,442.37,1
venus-598591,2026-08-31 20:53:20,111.5,1
venus-598592,2026-08-31 20:53:51,459.48,1
venus-598593,2026-08-31 20:54:18,479.67,1
venus-598594,2026-08-31 20:54:46,697.62,1
venus-598595,2026-08-31 20:55:14,0.15,1
venus-598596,2026-08-31 20:55:28,0.13,8
venus-598597,2026-08-31 20:55:50,385.58,1
venus-598598,2026-08-31 20:56:37,381.4,1
venus-598599,2026-08-31 20:57:04,8.07,1
venus-598600,2026-08-31 20:57:08,505.82,1
venus-598601,2026-08-31 20:59:53,87.28,2
venus-598602,2026-08-31 21:03:57,450.65,1
venus-598603,2026-08-31 21:04:18,820.67,1
venus-598604,2026-08-31 21:05:15,396.92,1
venus-598605,2026-08-31 21:07:09,0.15,8
venus-598606,2026-08-31 21:08:33,0.15,8
venus-598607,2026-08-31 21:09:05,8.2,1
venus-598608,2026-08-31 21:09:50,567.85,1
venus-598609,2026-08-31 21:12:06,258.63,1
venus-598610,2026-08-31 21:14:09,1.98,1
venus-598611,2026-08-31 21:16:19,1.23,1
venus-598612,2026-08-31 21:18:18,1.28,1
venus-598613,2026-08-31 21:20:35,285.2,1
venus-598615,2026-08-31 21:25:10,521.5,1
venus-598616,2026-08-31 21:25:40,439.28,1
venus-598617,2026-08-31 21:26:21,0.15,8
venus-598618,2026-08-31 21:26:51,460.33,1
venus-598619,2026-08-31 21:27:39,307.42,1
venus-598620,2026-08-31 21:28:20,0.13,8
venus-598621,2026-08-31 21:29:41,0.15,8
venus-598622,2026-08-31 21:31:02,0.15,8
venus-598623,2026-08-31 21:31:22,117.65,1
venus-598624,2026-08-31 21:32:12,0.13,8
venus-598625,2026-08-31 21:33:13,0.13,8
venus-598626,2026-08-31 21:33:26,881.85,2
venus-598627,2026-08-31 21:33:55,0.15,8
venus-598628,2026-08-31 21:35:34,0.13,8
venus-598629,2026-08-31 21:36:23,0.15,8
venus-598630,2026-08-31 21:39:18,0.13,8
venus-598631,2026-08-31 21:42:13,618.03,2
venus-598632,2026-08-31 21:42:17,617.78,2
venus-598635,2026-08-31 21:43:30,1.12,32
venus-598636,2026-08-31 21:45:12,0.15,8
venus-598637,2026-08-31 21:50:05,415.52,1
venus-598638,2026-08-31 21:53:51,3.53,8
venus-598639,2026-08-31 21:55:02,4.1,8
venus-598640,2026-08-31 21:57:47,327.45,1
venus-598641,2026-08-31 21:57:50,1.83,8
venus-598642,2026-08-31 21:59:26,31.25,8
venus-598643,2026-08-31 21:59:54,2.3,8
venus-598644,2026-08-31 22:00:20,0.13,8
venus-598646,2026-08-31 22:02:32,2.03,8
venus-598647,2026-08-31 22:02:53,0.18,8
venus-598648,2026-08-31 22:03:32,34.05,8
venus-598649,2026-08-31 22:05:53,1.9,8
venus-598650,2026-08-31 22:06:42,0.35,8
venus-598651,2026-08-31 22:07:07,48.07,8
venus-598653,2026-08-31 22:07:39,2.67,1
venus-598654,2026-08-31 22:07:51,1.82,8
venus-598655,2026-08-31 22:09:48,1.87,8
venus-598656,2026-08-31 22:11:00,510.57,1
venus-598657,2026-08-31 22:11:44,1.82,8
venus-598658,2026-08-31 22:12:25,2.22,1
venus-598659,2026-08-31 22:14:08,1.9,8
venus-598660,2026-08-31 22:15:58,0.02,1
venus-598661,2026-08-31 22:16:12,273.2,8
venus-598662,2026-08-31 22:16:13,2.28,1
venus-598663,2026-08-31 22:16:20,2.18,8
venus-598664,2026-08-31 22:18:37,1.97,8
venus-598665,2026-08-31 22:18:51,392.25,1
venus-598666,2026-08-31 22:19:27,2.65,1
venus-598667,2026-08-31 22:20:06,329.95,1
venus-598668,2026-08-31 22:20:25,522.07,1
venus-598669,2026-08-31 22:20:38,413.77,8
venus-598670,2026-08-31 22:20:53,306.58,1
venus-598671,2026-08-31 22:22:06,2.33,1
venus-598672,2026-08-31 22:22:21,436.78,1
venus-598673,2026-08-31 22:22:50,307.07,1
venus-598675,2026-08-31 22:23:26,178.63,1
venus-598676,2026-08-31 22:23:29,0.12,8
venus-598677,2026-08-31 22:23:48,306.05,1
venus-598678,2026-08-31 22:24:27,376.92,1
venus-598679,2026-08-31 22:24:45,2.02,1
venus-598681,2026-08-31 22:26:59,2.77,1
venus-598682,2026-08-31 22:27:05,178.22,1
venus-598684,2026-08-31 22:30:00,5.57,8
venus-598686,2026-08-31 22:30:44,608.4,2
venus-598687,2026-08-31 22:32:06,1898.77,8
venus-598688,2026-08-31 22:32:30,549.68,1
venus-598689,2026-08-31 22:32:58,2652.37,8
venus-598690,2026-08-31 22:33:11,176.93,1
venus-598691,2026-08-31 22:33:19,498.27,1
venus-598692,2026-08-31 22:33:41,582.67,1
venus-598693,2026-08-31 22:33:46,0.05,8
venus-598694,2026-08-31 22:34:00,2651.25,8
venus-598695,2026-08-31 22:34:07,463.43,1
venus-598696,2026-08-31 22:34:35,466.75,1
venus-598697,2026-08-31 22:34:43,8.27,1
venus-598698,2026-08-31 22:34:55,528.88,1
venus-598699,2026-08-31 22:35:01,0.33,1
venus-598700,2026-08-31 22:35:19,456.3,1
venus-598701,2026-08-31 22:35:40,462.73,1
venus-598702,2026-08-31 22:35:57,523.38,1
venus-598703,2026-08-31 22:36:16,489.08,1
venus-598704,2026-08-31 22:36:31,439.95,1
venus-598705,2026-08-31 22:36:55,469.1,1
venus-598707,2026-08-31 22:37:21,434.98,1
venus-598708,2026-08-31 22:37:42,434.58,1
venus-598709,2026-08-31 22:38:02,501.92,1
venus-598710,2026-08-31 22:41:32,655.2,8
venus-598711,2026-08-31 22:43:00,3.7,1
venus-598712,2026-08-31 22:43:43,0.35,1
venus-598713,2026-08-31 22:46:43,6.43,1
venus-598714,2026-08-31 22:47:00,8.43,8
venus-598715,2026-08-31 22:47:58,0.37,1
venus-598716,2026-08-31 22:49:35,0.37,1
venus-598717,2026-08-31 22:52:35,6.28,1
venus-598718,2026-08-31 22:53:10,2.73,1
venus-598719,2026-08-31 22:54:15,0.13,8
venus-598720,2026-08-31 22:54:39,306.27,8
venus-598721,2026-08-31 22:56:24,10.12,1
venus-598722,2026-08-31 22:59:55,0.1,1
venus-598723,2026-08-31 23:00:09,13.2,1
venus-598725,2026-08-31 23:03:40,1058.67,16
venus-598726,2026-08-31 23:07:16,4.37,1
venus-598727,2026-08-31 23:08:42,0.15,1
venus-598728,2026-08-31 23:09:01,0.9,1
venus-598729,2026-08-31 23:10:23,5.52,1
venus-598730,2026-08-31 23:11:39,6.48,1
venus-598731,2026-08-31 23:14:58,0.35,1
venus-598732,2026-08-31 23:17:43,60.92,1
venus-598733,2026-08-31 23:18:27,1.48,1
venus-598734,2026-08-31 23:19:57,8.03,1
venus-598735,2026-08-31 23:28:14,2.48,1
venus-598736,2026-08-31 23:28:19,542.4,1
venus-598737,2026-08-31 23:31:32,231.12,16
venus-598739,2026-08-31 23:34:24,1.18,1
venus-598740,2026-08-31 23:37:05,695.63,8
venus-598741,2026-09-01 00:10:55,0.73,1
venus-598742,2026-09-01 00:12:07,1.57,1
venus-598743,2026-09-01 00:12:52,2.33,1
venus-598744,2026-09-01 00:15:29,34.65,1
venus-598745,2026-09-01 00:18:05,4.63,1
venus-598746,2026-09-01 00:21:45,4.82,1
venus-598747,2026-09-01 00:25:05,4.7,1
venus-598748,2026-09-01 00:28:58,23.55,1
venus-598749,2026-09-01 00:36:46,157.32,1
venus-598750,2026-09-01 00:36:56,32.33,1
venus-598751,2026-09-01 00:37:05,8.1,1
venus-598752,2026-09-01 00:37:39,63.9,1
venus-598753,2026-09-01 00:38:05,160.4,1
venus-598754,2026-09-01 00:38:13,31.0,1
venus-598755,2026-09-01 00:38:22,7.6,1
venus-598756,2026-09-01 00:38:36,63.8,1
venus-598758,2026-09-01 00:43:01,253.5,1
venus-598803,2026-09-01 00:52:21,346.03,8
venus-598816,2026-09-01 00:52:50,1.08,1
venus-599229,2026-09-01 01:10:21,868.38,4
venus-599739,2026-09-01 01:32:05,1.48,8
venus-599968,2026-09-01 01:41:48,506.48,2
venus-599970,2026-09-01 01:41:50,307.28,2
venus-600197,2026-09-01 02:28:42,409.38,2
venus-600198,2026-09-01 02:28:45,308.5,2
venus-600200,2026-09-01 02:34:15,599.17,1
venus-600201,2026-09-01 02:34:32,691.62,1
venus-600202,2026-09-01 02:34:41,750.23,1
venus-600203,2026-09-01 02:34:56,798.63,1
venus-600204,2026-09-01 02:35:04,621.58,1
venus-600205,2026-09-01 02:35:10,621.55,1
venus-600206,2026-09-01 02:35:16,195.63,1
venus-600207,2026-09-01 02:35:23,575.48,1
venus-600208,2026-09-01 02:35:30,509.32,1
venus-600209,2026-09-01 02:36:27,538.45,1
venus-600210,2026-09-01 02:36:47,480.58,1
venus-600211,2026-09-01 02:37:38,249.57,1
venus-600212,2026-09-01 02:37:42,189.73,1
venus-600213,2026-09-01 02:37:49,375.5,1
venus-600214,2026-09-01 02:37:58,253.85,1
venus-600215,2026-09-01 02:38:12,325.1,1
venus-600216,2026-09-01 02:38:17,62.37,1
venus-600217,2026-09-01 02:38:22,552.22,1
venus-600218,2026-09-01 02:38:26,244.8,1
venus-600219,2026-09-01 02:38:31,265.17,1
venus-600220,2026-09-01 02:38:34,374.95,1
venus-600221,2026-09-01 02:38:38,315.78,1
venus-600222,2026-09-01 02:38:42,212.38,1
venus-600223,2026-09-01 02:38:45,290.52,1
venus-600224,2026-09-01 02:38:49,460.7,1
venus-600225,2026-09-01 02:38:55,397.57,1
venus-600226,2026-09-01 02:38:58,389.57,1
venus-600227,2026-09-01 02:39:03,257.52,1
venus-600228,2026-09-01 02:39:07,373.9,1
venus-600230,2026-09-01 02:39:14,312.15,1
venus-600231,2026-09-01 02:39:24,690.43,1
venus-600232,2026-09-01 02:39:45,361.1,1
venus-600233,2026-09-01 02:39:51,463.78,1
venus-600234,2026-09-01 02:39:56,364.13,1
venus-600235,2026-09-01 02:40:05,445.18,1
venus-600236,2026-09-01 02:40:12,361.17,1
venus-600237,2026-09-01 02:40:20,362.73,1
venus-600238,2026-09-01 02:40:29,369.17,1
venus-600239,2026-09-01 02:40:46,67.25,1
venus-600240,2026-09-01 03:22:40,228.8,16
venus-600241,2026-09-01 03:23:15,431.05,1
venus-600242,2026-09-01 04:04:18,387.17,1
venus-600243,2026-09-01 07:11:29,231.25,16
venus-600244,2026-09-01 08:33:50,0.18,4
venus-600245,2026-09-01 08:34:02,2.1,4
venus-600246,2026-09-01 08:36:11,17.2,4
venus-600247,2026-09-01 08:39:33,11.38,2
venus-600248,2026-09-01 08:48:10,896.5,4
venus-600249,2026-09-01 08:48:48,4.42,1
venus-600250,2026-09-01 08:50:47,272.22,2
venus-600251,2026-09-01 08:53:32,2.43,4
venus-600252,2026-09-01 08:55:59,2.25,4
venus-600253,2026-09-01 08:56:07,63.7,1
venus-600254,2026-09-01 08:56:16,7.65,1
venus-600255,2026-09-01 08:56:26,33.37,1
venus-600256,2026-09-01 08:56:35,155.82,1
venus-600257,2026-09-01 08:58:29,0.5,4
venus-600258,2026-09-01 08:59:19,156.38,1
venus-600259,2026-09-01 08:59:31,2.33,1
venus-600260,2026-09-01 09:00:30,155.2,1
venus-600261,2026-09-01 09:01:52,2.97,1
venus-600262,2026-09-01 09:04:51,23.82,1
venus-600263,2026-09-01 09:28:41,14.77,1
venus-600265,2026-09-01 09:39:05,0.25,8
venus-600266,2026-09-01 09:39:26,4.65,4
venus-600267,2026-09-01 09:40:45,319.6,8
venus-600268,2026-09-01 09:43:28,1.73,1
venus-600269,2026-09-01 09:45:22,4.3,1
venus-600270,2026-09-01 09:49:43,9.33,4
venus-600271,2026-09-01 09:59:29,40.1,4
venus-600272,2026-09-01 10:05:24,507.47,2
venus-600273,2026-09-01 10:06:35,510.98,2
venus-600274,2026-09-01 10:27:53,489.1,1
venus-600275,2026-09-01 10:29:01,84.68,1
venus-600276,2026-09-01 10:29:09,84.03,1
venus-600277,2026-09-01 10:29:13,122.88,1
venus-600278,2026-09-01 10:29:20,0.03,1
venus-600279,2026-09-01 10:29:23,0.53,1
venus-600280,2026-09-01 10:29:26,0.13,1
venus-600281,2026-09-01 10:29:46,2.27,16
venus-600282,2026-09-01 10:31:09,0.53,1
venus-600283,2026-09-01 10:32:53,0.53,1
venus-600284,2026-09-01 10:34:17,311.87,1
venus-600285,2026-09-01 10:34:23,359.18,1
venus-600286,2026-09-01 10:34:31,571.1,1
venus-600287,2026-09-01 10:34:34,235.52,1
venus-600288,2026-09-01 10:34:40,391.47,1
venus-600289,2026-09-01 10:34:44,287.68,1
venus-600290,2026-09-01 10:34:54,428.25,1
venus-600291,2026-09-01 10:35:05,29.88,1
venus-600292,2026-09-01 10:35:26,82.6,1
venus-600293,2026-09-01 10:36:06,372.7,1
venus-600294,2026-09-01 10:36:11,303.88,1
venus-600295,2026-09-01 10:36:15,312.58,1
venus-600296,2026-09-01 10:36:18,420.93,1
venus-600297,2026-09-01 10:36:22,403.15,1
venus-600298,2026-09-01 10:36:25,360.42,1
venus-600299,2026-09-01 10:36:25,3.12,2
venus-600300,2026-09-01 10:36:28,127.25,1
venus-600301,2026-09-01 10:36:31,341.13,1
venus-600302,2026-09-01 10:36:36,759.97,1
venus-600303,2026-09-01 10:36:39,719.5,1
venus-600304,2026-09-01 10:36:42,663.97,1
venus-600305,2026-09-01 10:36:45,377.88,1
venus-600306,2026-09-01 10:36:53,642.75,1
venus-600307,2026-09-01 10:37:00,686.02,1
venus-600308,2026-09-01 10:40:06,15.12,4
venus-600309,2026-09-01 10:46:21,0.15,8
venus-600310,2026-09-01 10:46:58,0.02,8
venus-600311,2026-09-01 10:47:01,13.82,8
venus-600312,2026-09-01 10:55:15,7.03,4
venus-600314,2026-09-01 10:57:44,1.48,1
venus-600315,2026-09-01 11:01:30,1459.82,8
venus-600316,2026-09-01 11:01:54,0.03,16
venus-600317,2026-09-01 11:02:18,2.98,4
venus-600318,2026-09-01 11:02:44,229.7,16
venus-600319,2026-09-01 11:03:43,0.05,16
venus-600320,2026-09-01 11:05:18,22.33,4
venus-600321,2026-09-01 11:24:12,4.58,1
venus-600322,2026-09-01 11:26:12,4550.95,1
venus-600323,2026-09-01 11:27:05,0.08,16
venus-600324,2026-09-01 11:27:39,17.63,4
venus-600325,2026-09-01 11:28:39,61.37,16
venus-600326,2026-09-01 11:29:46,35.97,1
venus-600327,2026-09-01 11:29:56,12.0,1
venus-600328,2026-09-01 11:30:14,15.3,1
venus-600329,2026-09-01 11:30:17,24.58,1
venus-600330,2026-09-01 11:34:47,0.3,16
venus-600331,2026-09-01 11:35:11,396.27,1
venus-600332,2026-09-01 11:36:04,377.77,1
venus-600333,2026-09-01 11:37:04,210.8,1
venus-600334,2026-09-01 11:37:08,209.02,1
venus-600335,2026-09-01 11:37:13,177.33,1
venus-600336,2026-09-01 11:40:36,8.97,16
venus-600337,2026-09-01 11:47:57,148.77,1
venus-600338,2026-09-01 11:48:25,32.38,1
venus-600339,2026-09-01 11:48:33,7.42,1
venus-600340,2026-09-01 11:48:43,62.07,1
venus-600341,2026-09-01 11:49:49,19.08,16
venus-600342,2026-09-01 11:56:36,4.92,1
venus-600343,2026-09-01 12:02:13,0.03,1
venus-600344,2026-09-01 12:02:43,0.2,1
venus-600345,2026-09-01 12:03:37,0.13,1
venus-600346,2026-09-01 12:04:15,0.22,1
venus-600347,2026-09-01 12:05:39,0.22,1
venus-600348,2026-09-01 12:07:04,0.17,1
venus-600349,2026-09-01 12:07:53,1.22,1
venus-600350,2026-09-01 12:09:01,4250.13,16
venus-600351,2026-09-01 12:16:48,2.38,1
venus-600352,2026-09-01 12:17:26,3.65,1
venus-600353,2026-09-01 12:19:50,2360.52,8
venus-600354,2026-09-01 12:25:49,3.97,1
venus-600355,2026-09-01 12:29:02,369.07,1
venus-600356,2026-09-01 12:29:22,371.02,1
venus-600357,2026-09-01 12:29:25,370.52,1
venus-600358,2026-09-01 12:31:11,4.52,1
venus-600359,2026-09-01 12:31:18,23.37,1
venus-600360,2026-09-01 12:38:11,4.13,1
venus-600361,2026-09-01 12:43:12,2.35,2
venus-600362,2026-09-01 12:44:48,0.88,2
venus-600364,2026-09-01 12:46:02,0.78,2
venus-600365,2026-09-01 12:49:40,1.63,2
venus-600366,2026-09-01 12:51:41,1.37,2
venus-600367,2026-09-01 12:53:47,1.65,2
venus-600368,2026-09-01 12:55:43,607.18,2
venus-600369,2026-09-01 12:57:45,0.03,1
venus-600370,2026-09-01 13:01:48,210.08,1
venus-600371,2026-09-01 13:06:14,10379.02,1
venus-600372,2026-09-01 13:06:40,806.67,4
venus-600373,2026-09-01 13:11:13,4.7,1
venus-600374,2026-09-01 13:23:32,2701.05,2
venus-600375,2026-09-01 13:32:00,207.22,1
venus-600376,2026-09-01 13:32:36,209.72,1
venus-600378,2026-09-01 13:43:39,4.25,1
venus-600379,2026-09-01 13:46:00,2.65,2
venus-600380,2026-09-01 13:47:36,89.08,8
venus-600382,2026-09-01 13:50:26,3.05,2
venus-600383,2026-09-01 13:51:52,75.25,1
venus-600384,2026-09-01 13:57:53,2.78,32
venus-600385,2026-09-01 13:58:09,4.7,32
venus-600386,2026-09-01 13:59:08,0.13,1
venus-600387,2026-09-01 14:01:10,2.92,3
venus-600388,2026-09-01 14:03:13,226.6,32
venus-600390,2026-09-01 14:07:06,1.18,32
venus-600391,2026-09-01 14:07:51,0.1,1
venus-600392,2026-09-01 14:08:44,2828.37,32
venus-600393,2026-09-01 14:13:39,2.45,2
venus-600395,2026-09-01 14:22:17,1814.37,2
venus-600396,2026-09-01 14:29:54,2.73,16
venus-600397,2026-09-01 14:30:19,355.4,1
venus-600398,2026-09-01 14:31:06,353.35,1
venus-600399,2026-09-01 14:33:03,354.33,1
venus-600400,2026-09-01 14:33:52,354.68,1
venus-600402,2026-09-01 14:41:04,353.67,1
venus-600403,2026-09-01 14:45:26,9244.0,4
venus-600404,2026-09-01 14:47:36,181.2,1
venus-600405,2026-09-01 14:48:41,179.45,1
venus-600406,2026-09-01 14:52:27,248.43,16
venus-600407,2026-09-01 15:00:25,297.32,1
venus-600408,2026-09-01 15:00:34,280.47,1
venus-600409,2026-09-01 15:01:28,144.67,1
venus-600410,2026-09-01 15:02:04,264.33,1
venus-600411,2026-09-01 15:02:55,255.65,1
venus-600412,2026-09-01 15:03:18,250.6,1
venus-600413,2026-09-01 15:13:41,1.58,1
venus-600414,2026-09-01 15:15:22,853.43,1
venus-600415,2026-09-01 15:15:26,236.85,1
venus-600416,2026-09-01 15:15:40,2.6,1
venus-600417,2026-09-01 15:16:46,4.82,16
venus-600419,2026-09-01 15:24:46,0.07,16
venus-600420,2026-09-01 15:25:07,1.98,16
venus-600424,2026-09-01 15:26:00,0.18,4
venus-600425,2026-09-01 15:26:12,23.05,4
venus-600426,2026-09-01 15:27:58,171.25,1
venus-600443,2026-09-01 15:29:08,185.9,1
venus-600456,2026-09-01 15:29:35,200.9,1
venus-600459,2026-09-01 15:29:42,215.98,1
venus-600498,2026-09-01 15:31:20,226.75,1
venus-600501,2026-09-01 15:31:23,2.85,16
venus-600507,2026-09-01 15:31:37,170.87,1
venus-600511,2026-09-01 15:31:45,2.83,16
venus-600512,2026-09-01 15:31:46,186.87,1
venus-600516,2026-09-01 15:31:53,198.18,1
venus-600521,2026-09-01 15:32:03,212.63,1
venus-600576,2026-09-01 15:40:44,97.82,1
venus-600577,2026-09-01 15:43:31,0.07,8
venus-600672,2026-09-01 15:49:20,0.02,4
venus-600673,2026-09-01 15:50:15,2.28,4
venus-600675,2026-09-01 15:51:06,2.3,4
venus-600676,2026-09-01 15:51:09,52.45,1
venus-600677,2026-09-01 15:56:09,146.42,4
venus-600678,2026-09-01 16:14:27,180.0,1
venus-600679,2026-09-01 16:16:33,112.25,1
venus-600680,2026-09-01 16:18:39,265.13,1
venus-600681,2026-09-01 16:20:29,205.17,1
venus-600682,2026-09-01 16:20:34,192.27,1
venus-600683,2026-09-01 16:20:39,188.05,1
venus-600684,2026-09-01 16:20:54,184.13,1
venus-600685,2026-09-01 16:24:54,12.53,1
venus-600686,2026-09-01 16:32:20,0.15,1
venus-600687,2026-09-01 16:32:47,0.22,1
venus-600688,2026-09-01 16:33:45,2.23,1
venus-600689,2026-09-01 16:34:34,314.05,1
venus-600690,2026-09-01 16:37:30,459.98,1
venus-600691,2026-09-01 16:49:40,2845.5,16
venus-600692,2026-09-01 16:50:34,1.95,1
venus-600694,2026-09-01 16:54:50,3.0,1
venus-600695,2026-09-01 16:56:27,1.73,16
venus-600696,2026-09-01 16:59:20,1.85,1
venus-600697,2026-09-01 17:04:04,2831.03,16
venus-600698,2026-09-01 17:06:30,1.57,16
venus-600699,2026-09-01 17:09:50,4.98,16
venus-600700,2026-09-01 17:11:18,4.95,16
venus-600701,2026-09-01 17:13:57,0.07,8
venus-600702,2026-09-01 17:20:06,661.3,1
venus-600705,2026-09-01 17:31:17,2.78,16
venus-600706,2026-09-01 17:33:19,0.1,1
venus-600708,2026-09-01 17:34:25,0.07,1
venus-600709,2026-09-01 17:34:27,1.63,1
venus-600710,2026-09-01 17:34:34,0.55,1
venus-600711,2026-09-01 17:36:16,1.88,1
venus-600712,2026-09-01 17:36:53,4.9,16
venus-600713,2026-09-01 17:37:03,1.4,1
venus-600714,2026-09-01 17:37:33,4.98,16
venus-600715,2026-09-01 17:38:22,8.28,1
venus-600716,2026-09-01 17:38:42,2.57,2
venus-600717,2026-09-01 17:38:44,1.4,1
venus-600719,2026-09-01 17:40:52,1.82,1
venus-600720,2026-09-01 17:43:49,248.37,1
venus-600722,2026-09-01 17:44:37,0.53,1
venus-600723,2026-09-01 17:46:45,0.43,1
venus-600724,2026-09-01 17:47:29,156.38,1
venus-600725,2026-09-01 17:47:32,150.72,1
venus-600726,2026-09-01 17:48:10,0.17,1
venus-600727,2026-09-01 17:49:55,2103.6,32
venus-600728,2026-09-01 17:52:03,0.17,1
venus-600729,2026-09-01 17:52:59,136.22,16
venus-600730,2026-09-01 17:53:02,188.1,16
venus-600731,2026-09-01 17:53:15,0.15,1
venus-600732,2026-09-01 17:53:46,0.17,1
venus-600734,2026-09-01 17:54:50,36.38,1
venus-600742,2026-09-01 18:03:58,2.67,16
venus-600948,2026-09-01 18:15:43,238.97,16
venus-600964,2026-09-01 18:21:01,35.93,1
venus-600967,2026-09-01 18:25:52,4221.13,2
venus-600968,2026-09-01 18:26:54,13.2,16
venus-600969,2026-09-01 18:37:45,202.47,1
venus-600973,2026-09-01 18:49:51,150.6,1
venus-600974,2026-09-01 18:52:03,4.8,1
venus-600975,2026-09-01 18:52:33,11.38,1
venus-600976,2026-09-01 18:52:39,4.78,1
venus-600977,2026-09-01 18:57:17,1345.92,1
venus-600978,2026-09-01 19:00:53,242.13,16
venus-600979,2026-09-01 19:02:18,2378.97,8
venus-600980,2026-09-01 19:06:05,19.27,1
venus-600981,2026-09-01 19:06:08,10.32,1
venus-600984,2026-09-01 19:08:53,0.02,4
venus-600986,2026-09-01 19:15:03,0.02,1
venus-600987,2026-09-01 19:15:21,426.5,8
venus-600988,2026-09-01 19:15:46,2.1,1
venus-601006,2026-09-01 19:17:31,0.02,2
venus-601007,2026-09-01 19:17:41,5.48,2
venus-601008,2026-09-01 19:19:47,0.2,8
venus-601009,2026-09-01 19:19:53,165.0,1
venus-601010,2026-09-01 19:20:06,46.92,8
venus-601011,2026-09-01 19:20:28,145.47,1
venus-601014,2026-09-01 19:21:20,78.37,1
venus-601016,2026-09-01 19:22:07,158.0,1
venus-601018,2026-09-01 19:22:11,42.75,1
venus-601019,2026-09-01 19:22:33,3.42,2
venus-601020,2026-09-01 19:23:14,0.02,2
venus-601022,2026-09-01 19:23:39,9.92,2
venus-601023,2026-09-01 19:24:15,12.13,1
venus-601024,2026-09-01 19:24:21,12.03,1
venus-601025,2026-09-01 19:24:27,216.67,1
venus-601026,2026-09-01 19:24:32,217.8,1
venus-601027,2026-09-01 19:24:37,216.6,1
venus-601028,2026-09-01 19:24:52,214.98,1
venus-601029,2026-09-01 19:25:10,214.47,1
venus-601030,2026-09-01 19:25:15,218.82,1
venus-601031,2026-09-01 19:25:25,214.03,1
venus-601032,2026-09-01 19:25:48,215.58,1
venus-601033,2026-09-01 19:26:04,1.83,1
venus-601034,2026-09-01 19:29:38,216.53,1
venus-601035,2026-09-01 19:33:42,71.57,2
venus-601036,2026-09-01 19:43:10,215.42,1
venus-601037,2026-09-01 19:43:37,287.62,1
venus-601041,2026-09-01 20:00:38,14.1,16
venus-601043,2026-09-01 20:08:22,218.68,1
venus-601044,2026-09-01 20:20:57,13.43,16
venus-601045,2026-09-01 20:25:07,9.17,1
venus-601046,2026-09-01 20:25:15,39.6,16
venus-601047,2026-09-01 20:30:02,218.32,1
venus-601048,2026-09-01 20:45:06,3.93,1
venus-601050,2026-09-01 20:47:45,20.5,8
venus-601051,2026-09-01 20:49:21,1.6,1
venus-601052,2026-09-01 20:51:47,2.33,1
venus-601053,2026-09-01 20:55:52,2.28,1
venus-601054,2026-09-01 20:58:32,2.67,1
venus-601055,2026-09-01 20:58:58,15.08,16
venus-601056,2026-09-01 21:01:03,6.05,8
venus-601057,2026-09-01 21:01:34,1.18,1
venus-601058,2026-09-01 21:07:47,1.82,8
venus-601059,2026-09-01 21:08:07,1.92,1
venus-601060,2026-09-01 21:08:36,72.28,8
venus-601061,2026-09-01 21:12:14,3.55,1
venus-601064,2026-09-01 21:14:11,0.18,8
venus-601065,2026-09-01 21:14:35,59.33,8
venus-601066,2026-09-01 21:16:13,3.72,1
venus-601067,2026-09-01 21:18:38,374.13,16
venus-601068,2026-09-01 21:18:56,57.4,16
venus-601069,2026-09-01 21:19:45,268.22,16
venus-601070,2026-09-01 21:20:09,2.35,1
venus-601071,2026-09-01 21:23:25,1.85,16
venus-601072,2026-09-01 21:24:06,1.18,1
venus-601073,2026-09-01 21:26:16,1.5,1
venus-601075,2026-09-01 21:26:58,1.45,16
venus-601076,2026-09-01 21:28:47,150.83,1
venus-601077,2026-09-01 21:28:54,79.78,1
venus-601078,2026-09-01 21:29:12,1.18,1
venus-601079,2026-09-01 21:29:28,1.35,16
venus-601080,2026-09-01 21:31:05,1.6,1
venus-601081,2026-09-01 21:32:53,149.97,1
venus-601082,2026-09-01 21:33:01,137.6,1
venus-601083,2026-09-01 21:33:18,129.23,1
venus-601089,2026-09-01 21:37:12,1.4,16
venus-601090,2026-09-01 21:39:18,1.75,16
venus-601091,2026-09-01 21:41:16,3.42,1
venus-601095,2026-09-01 21:49:11,1.47,1
venus-601096,2026-09-01 21:49:42,0.02,1
venus-601097,2026-09-01 21:51:53,1.32,1
venus-601098,2026-09-01 21:53:51,1.88,1
venus-601099,2026-09-01 21:56:36,2.5,1
venus-601102,2026-09-01 21:57:18,0.15,1
venus-601103,2026-09-01 21:57:19,0.3,1
venus-601104,2026-09-01 21:57:41,0.25,1
venus-601107,2026-09-01 21:58:12,3.57,1
venus-601109,2026-09-01 21:58:55,36.53,1
venus-601110,2026-09-01 21:59:27,18.0,1
venus-601111,2026-09-01 21:59:59,5.48,1
venus-601112,2026-09-01 22:01:26,0.28,1
venus-601113,2026-09-01 22:01:47,2.45,1
venus-601115,2026-09-01 22:04:52,0.43,1
venus-601116,2026-09-01 22:14:39,7968.27,2
venus-601117,2026-09-01 22:15:43,2519.32,16
venus-601118,2026-09-01 22:20:18,0.88,1
venus-601119,2026-09-01 22:33:32,223.32,1
venus-601120,2026-09-01 22:35:13,9.35,1
venus-601121,2026-09-01 22:35:16,50.1,1
venus-601122,2026-09-01 22:35:27,32.05,1
venus-601123,2026-09-01 22:35:35,38.73,1
venus-601124,2026-09-01 22:39:20,143.97,1
venus-601125,2026-09-01 22:44:19,52.77,1
venus-601126,2026-09-01 22:44:22,35.05,1
venus-601128,2026-09-01 22:44:50,72.22,1
venus-601129,2026-09-01 22:45:55,2519.88,8
venus-601130,2026-09-01 22:47:24,399.12,1
venus-601131,2026-09-01 22:47:32,326.2,1
venus-601132,2026-09-01 22:47:47,398.77,1
venus-601133,2026-09-01 22:49:44,16.92,1
venus-601135,2026-09-01 23:03:01,235.92,16
venus-601136,2026-09-01 23:14:40,0.8,1
venus-601139,2026-09-01 23:19:05,256.6,16
venus-601143,2026-09-01 23:26:10,906.25,1
venus-601154,2026-09-01 23:41:33,8.83,1
venus-601156,2026-09-01 23:50:24,7.7,1
venus-601157,2026-09-01 23:50:30,51.77,1
venus-601158,2026-09-01 23:51:17,67.53,1
venus-601159,2026-09-01 23:51:24,66.45,1
venus-601160,2026-09-01 23:51:28,65.8,1
venus-601161,2026-09-01 23:51:34,65.83,1
venus-601165,2026-09-01 23:57:24,0.1,1
venus-601166,2026-09-01 23:58:40,27.55,1
venus-601167,2026-09-01 23:58:46,832.03,4
venus-601168,2026-09-01 23:59:27,0.07,8
venus-601169,2026-09-01 23:59:32,3.87,8
venus-601172,2026-09-02 00:08:02,0.18,8
venus-601173,2026-09-02 00:08:17,0.1,8
venus-601174,2026-09-02 00:09:26,909.65,8
venus-601175,2026-09-02 00:11:43,0.17,1
venus-601176,2026-09-02 00:11:59,2.0,1
venus-601177,2026-09-02 00:15:01,1661.57,4
venus-601180,2026-09-02 00:16:06,1.6,8
venus-601181,2026-09-02 00:18:23,16403.43,8
venus-601182,2026-09-02 00:19:31,976.08,8
venus-601184,2026-09-02 00:21:53,809.47,8
venus-601185,2026-09-02 00:22:12,347.68,1
venus-601186,2026-09-02 00:25:50,289.18,1
venus-601187,2026-09-02 00:26:35,0.37,8
venus-601188,2026-09-02 00:28:43,1.02,8
venus-601189,2026-09-02 00:29:51,628.73,1
venus-601190,2026-09-02 00:30:23,1.97,8
venus-601191,2026-09-02 00:33:17,0.53,1
venus-601192,2026-09-02 00:33:39,297.63,1
venus-601193,2026-09-02 00:34:19,4.42,1
venus-601194,2026-09-02 00:35:54,26.42,1
venus-601195,2026-09-02 00:41:46,4.72,8
venus-601196,2026-09-02 00:43:59,139.87,8
venus-601197,2026-09-02 00:46:30,5.42,8
venus-601199,2026-09-02 00:51:16,845.13,8
venus-601200,2026-09-02 00:52:15,2.15,8
venus-601201,2026-09-02 00:54:32,140.42,8
venus-601202,2026-09-02 01:43:27,64.68,1
venus-601203,2026-09-02 01:43:39,64.25,1
venus-601204,2026-09-02 01:43:45,63.95,1
venus-601205,2026-09-02 01:43:59,63.53,1
venus-601206,2026-09-02 01:44:03,62.88,1
venus-601207,2026-09-02 01:44:10,62.77,1
venus-601208,2026-09-02 01:44:15,62.25,1
venus-601209,2026-09-02 01:44:20,61.38,1
venus-601210,2026-09-02 01:44:26,61.0,1
venus-601211,2026-09-02 01:45:10,6.28,1
venus-601212,2026-09-02 01:45:14,19.17,1
venus-601213,2026-09-02 01:46:32,411.18,1
venus-601214,2026-09-02 01:46:43,297.7,1
venus-601217,2026-09-02 01:51:34,223.48,1
venus-601218,2026-09-02 01:53:42,334.6,4
venus-601219,2026-09-02 01:53:46,441.47,4
venus-601220,2026-09-02 01:53:48,539.28,4
venus-601221,2026-09-02 01:58:18,40.98,1
venus-601222,2026-09-02 02:07:35,392.9,1
venus-601223,2026-09-02 02:07:45,398.1,1
venus-601226,2026-09-02 02:23:33,354.6,1
venus-601227,2026-09-02 02:54:06,20.03,1
venus-601228,2026-09-02 02:57:15,366.68,1
venus-601229,2026-09-02 02:58:56,231.3,16
venus-601236,2026-09-02 03:19:00,234.97,1
venus-601237,2026-09-02 03:19:27,490.28,1
venus-601238,2026-09-02 03:19:59,294.95,1
venus-601239,2026-09-02 03:20:20,386.88,1
venus-601240,2026-09-02 03:20:36,489.17,1
venus-601241,2026-09-02 03:20:53,411.18,1
venus-601242,2026-09-02 03:21:13,293.2,1
venus-601243,2026-09-02 03:21:36,387.07,1
venus-601244,2026-09-02 03:21:55,304.12,1
venus-601245,2026-09-02 03:22:20,291.22,1
venus-601246,2026-09-02 03:23:21,290.28,1
venus-601248,2026-09-02 03:23:38,253.88,1
venus-601249,2026-09-02 03:24:03,371.43,1
venus-601250,2026-09-02 03:24:28,485.52,1
venus-601251,2026-09-02 03:24:43,325.53,1
venus-601252,2026-09-02 03:25:38,429.35,1
venus-601253,2026-09-02 03:27:46,483.9,1
venus-601254,2026-09-02 03:28:27,461.8,1
venus-601256,2026-09-02 03:29:00,476.6,1
venus-601257,2026-09-02 03:29:26,377.93,1
venus-601258,2026-09-02 03:29:52,355.63,1
venus-601259,2026-09-02 03:30:24,476.38,1
venus-601260,2026-09-02 03:30:46,372.88,1
venus-601261,2026-09-02 03:31:15,476.42,1
venus-601263,2026-09-02 03:31:32,425.83,1
venus-601264,2026-09-02 03:31:54,431.97,1
venus-601265,2026-09-02 03:32:26,476.22,1
venus-601266,2026-09-02 03:32:58,476.2,1
venus-601267,2026-09-02 03:33:31,476.17,1
venus-601268,2026-09-02 03:33:57,315.55,1
venus-601269,2026-09-02 03:34:25,475.95,1
venus-601270,2026-09-02 03:35:00,420.92,1
venus-601272,2026-09-02 03:36:01,436.73,1
venus-601273,2026-09-02 03:36:11,297.97,1
venus-601281,2026-09-02 04:12:41,190.22,1
venus-601282,2026-09-02 04:13:03,287.03,1
venus-601284,2026-09-02 04:14:23,255.32,1
venus-601285,2026-09-02 04:14:59,0.95,1
venus-601286,2026-09-02 04:16:02,41.8,1
venus-601287,2026-09-02 04:16:17,43.5,1
venus-601288,2026-09-02 04:16:32,232.68,1
venus-601289,2026-09-02 04:16:49,232.27,1
venus-601290,2026-09-02 04:17:07,223.32,1
venus-601292,2026-09-02 04:17:19,197.27,1
venus-601293,2026-09-02 04:17:32,196.15,1
venus-601294,2026-09-02 04:17:47,168.13,1
venus-601295,2026-09-02 04:18:16,0.2,1
venus-601296,2026-09-02 04:18:42,195.12,1
venus-601298,2026-09-02 04:19:00,194.92,1
venus-601299,2026-09-02 04:19:17,191.97,1
venus-601301,2026-09-02 04:20:55,190.12,1
venus-601302,2026-09-02 04:21:23,183.27,1
venus-601303,2026-09-02 04:21:36,161.33,1
venus-601304,2026-09-02 04:21:58,131.43,1
venus-601305,2026-09-02 04:22:21,140.1,1
venus-601306,2026-09-02 04:22:47,159.32,1
venus-601307,2026-09-02 04:23:16,145.85,1
venus-601308,2026-09-02 04:23:41,127.25,1
venus-601309,2026-09-02 04:24:14,0.55,1
venus-601311,2026-09-02 04:24:34,0.53,1
venus-601312,2026-09-02 04:25:01,121.55,1
venus-601313,2026-09-02 04:25:16,121.2,1
venus-601315,2026-09-02 04:25:46,120.75,1
venus-601316,2026-09-02 04:26:12,114.4,1
venus-601317,2026-09-02 04:26:46,103.88,1
venus-601318,2026-09-02 04:27:14,103.33,1
venus-601319,2026-09-02 04:28:50,0.27,1
venus-601320,2026-09-02 04:29:07,102.45,1
venus-601321,2026-09-02 04:29:34,100.77,1
venus-601322,2026-09-02 04:29:47,98.47,1
venus-601323,2026-09-02 04:30:05,98.05,1
venus-601324,2026-09-02 04:30:20,77.45,1
venus-601325,2026-09-02 04:30:44,54.9,1
venus-601326,2026-09-02 04:31:04,54.9,1
venus-601327,2026-09-02 04:31:21,50.3,1
venus-601328,2026-09-02 04:31:33,44.13,1
venus-601329,2026-09-02 04:31:45,38.98,1
venus-601330,2026-09-02 04:32:00,29.4,1
venus-601331,2026-09-02 04:32:23,27.42,1
venus-601332,2026-09-02 04:32:36,20.2,1
venus-601333,2026-09-02 04:32:50,14.68,1
venus-601351,2026-09-02 06:50:15,236.28,16
venus-601352,2026-09-02 08:48:46,1.28,1
venus-601353,2026-09-02 08:50:23,1.27,1
venus-601354,2026-09-02 08:52:56,2.83,1
venus-601355,2026-09-02 08:55:46,2.33,1
venus-601356,2026-09-02 08:58:07,2.65,1
venus-601357,2026-09-02 09:00:47,3.02,1
venus-601358,2026-09-02 09:03:49,4.98,1
venus-601359,2026-09-02 09:08:49,17.98,1
venus-601360,2026-09-02 09:09:43,63.62,4
venus-601361,2026-09-02 09:18:13,0.88,1
venus-601362,2026-09-02 09:20:29,245.05,1
venus-601363,2026-09-02 09:20:35,235.38,1
venus-601364,2026-09-02 09:20:41,242.08,1
venus-601365,2026-09-02 09:20:48,235.4,1
venus-601366,2026-09-02 09:20:54,199.27,1
venus-601367,2026-09-02 09:26:48,1.48,1
venus-601368,2026-09-02 09:28:51,4.52,1
venus-601369,2026-09-02 09:33:23,5.02,1
venus-601370,2026-09-02 09:38:33,14.42,1
venus-601371,2026-09-02 09:42:29,285.35,40
venus-601372,2026-09-02 09:49:05,0.02,1
venus-601373,2026-09-02 09:49:14,2.03,1
venus-601374,2026-09-02 09:52:10,1.48,1
venus-601375,2026-09-02 09:53:09,532.0,8
venus-601376,2026-09-02 09:54:14,0.27,1
venus-601377,2026-09-02 09:56:13,2.18,1
venus-601378,2026-09-02 10:00:02,2.18,1
venus-601379,2026-09-02 10:02:33,34.32,8
venus-601381,2026-09-02 10:03:17,4.13,24
venus-601382,2026-09-02 10:04:15,1.77,1
venus-601383,2026-09-02 10:04:29,1.95,8
venus-601384,2026-09-02 10:06:29,0.38,1
venus-601385,2026-09-02 10:07:25,1.92,1
venus-601387,2026-09-02 10:08:36,525.02,8
venus-601388,2026-09-02 10:10:35,1.32,1
venus-601389,2026-09-02 10:12:38,2.2,1
venus-601390,2026-09-02 10:13:28,872.33,4
venus-601391,2026-09-02 10:13:40,0.42,1
venus-601392,2026-09-02 10:15:00,1.3,1
venus-601393,2026-09-02 10:15:12,0.4,1
venus-601395,2026-09-02 10:17:24,1.28,1
venus-601396,2026-09-02 10:19:08,0.37,1
venus-601397,2026-09-02 10:19:57,1.38,1
venus-601398,2026-09-02 10:20:44,0.43,1
venus-601399,2026-09-02 10:21:16,0.4,1
venus-601400,2026-09-02 10:22:07,1.72,1
venus-601401,2026-09-02 10:24:01,2.32,1
venus-601402,2026-09-02 10:26:31,2.58,1
venus-601403,2026-09-02 10:29:38,1.88,1
venus-601404,2026-09-02 10:32:00,1.98,1
venus-601406,2026-09-02 10:34:09,9.45,1
venus-601421,2026-09-02 10:39:05,0.68,1
venus-601422,2026-09-02 10:39:10,10.2,1
venus-601423,2026-09-02 10:43:50,3.37,1
venus-601424,2026-09-02 10:46:32,0.43,1
venus-601425,2026-09-02 10:46:33,237.78,16
venus-601426,2026-09-02 10:47:40,5.48,1
venus-601427,2026-09-02 10:49:18,437.68,1
venus-601428,2026-09-02 10:49:23,6.0,1
venus-601429,2026-09-02 10:50:32,0.43,1
venus-601430,2026-09-02 10:51:56,437.63,1
venus-601431,2026-09-02 10:52:21,0.97,1
venus-601432,2026-09-02 10:53:19,1.25,1
venus-601433,2026-09-02 10:54:13,490.8,1
venus-601434,2026-09-02 10:55:31,1.28,1
venus-601435,2026-09-02 10:55:35,8.25,1
venus-601436,2026-09-02 10:57:00,1.32,1
venus-601438,2026-09-02 10:58:34,267.88,1
venus-601439,2026-09-02 11:04:13,1.8,1
venus-601443,2026-09-02 11:05:05,6.93,8
venus-601444,2026-09-02 11:07:51,18.07,1
venus-601445,2026-09-02 11:11:42,6.72,8
venus-601447,2026-09-02 11:15:06,4.57,1
venus-601448,2026-09-02 11:19:35,7.25,8
venus-601449,2026-09-02 11:21:17,3.27,1
venus-601450,2026-09-02 11:21:42,3.38,1
venus-601451,2026-09-02 11:22:54,822.4,8
venus-601452,2026-09-02 11:26:09,4.98,1
venus-601453,2026-09-02 11:26:17,3102.72,8
venus-601454,2026-09-02 11:30:05,182.42,1
venus-601455,2026-09-02 11:32:24,0.43,1
venus-601456,2026-09-02 11:33:46,6.17,16
venus-601457,2026-09-02 11:34:10,3.47,1
venus-601458,2026-09-02 11:34:42,18.48,1
venus-601459,2026-09-02 11:36:39,0.48,1
venus-601460,2026-09-02 11:36:42,5.15,1
venus-601461,2026-09-02 11:40:27,172.13,1
venus-601463,2026-09-02 11:41:21,6.48,16
venus-601465,2026-09-02 11:43:36,169.75,1
venus-601466,2026-09-02 11:43:38,5.18,1
venus-601467,2026-09-02 11:47:28,17.68,1
venus-601469,2026-09-02 11:48:29,0.68,16
venus-601471,2026-09-02 11:49:13,4.07,16
venus-601474,2026-09-02 11:51:20,57.82,1
venus-601476,2026-09-02 11:52:56,7.57,8
venus-601477,2026-09-02 11:53:11,18.35,1
venus-601480,2026-09-02 11:55:37,7.32,8
venus-601492,2026-09-02 12:05:10,18.23,1
venus-601495,2026-09-02 12:08:21,270.03,1
venus-601496,2026-09-02 12:08:54,237.93,1
venus-601497,2026-09-02 12:09:04,238.37,1
venus-601499,2026-09-02 12:09:24,238.45,1
venus-601500,2026-09-02 12:11:33,18.58,1
venus-601501,2026-09-02 12:23:24,17.75,1
venus-601502,2026-09-02 12:30:09,18.23,1
venus-601504,2026-09-02 12:39:21,0.08,1
venus-601505,2026-09-02 12:40:19,459.53,1
venus-601506,2026-09-02 12:42:19,0.15,1
venus-601507,2026-09-02 12:42:48,539.6,1
venus-601508,2026-09-02 12:47:48,66.7,1
venus-601509,2026-09-02 12:48:24,18.72,1
venus-601510,2026-09-02 12:48:55,568.13,1
venus-601511,2026-09-02 12:50:12,395.32,1
venus-601512,2026-09-02 12:50:21,40.18,1
venus-601513,2026-09-02 12:50:57,530.95,1
venus-601514,2026-09-02 12:52:12,529.35,1
venus-601515,2026-09-02 12:53:21,0.25,1
venus-601516,2026-09-02 12:53:47,655.27,1
venus-601517,2026-09-02 12:54:42,117.03,1
venus-601518,2026-09-02 12:55:34,529.13,1
venus-601519,2026-09-02 12:56:13,106.25,1
venus-601520,2026-09-02 12:56:52,535.45,1
venus-601521,2026-09-02 12:57:40,411.48,1
venus-601522,2026-09-02 12:58:46,526.55,1
venus-601523,2026-09-02 13:00:01,613.03,1
venus-601527,2026-09-02 13:01:01,0.03,1
venus-601528,2026-09-02 13:02:23,732.58,1
venus-601529,2026-09-02 13:03:53,550.05,1
venus-601530,2026-09-02 13:05:23,160.18,1
venus-601531,2026-09-02 13:07:42,547.77,1
venus-601532,2026-09-02 13:08:35,3.72,1
venus-601533,2026-09-02 13:08:55,628.12,1
venus-601534,2026-09-02 13:10:25,698.7,1
venus-601536,2026-09-02 13:11:22,249.58,1
venus-601537,2026-09-02 13:13:23,541.32,1
venus-601538,2026-09-02 13:15:52,424.3,1
venus-601539,2026-09-02 13:17:04,470.85,1
venus-601540,2026-09-02 13:17:25,76.0,1
venus-601541,2026-09-02 13:17:51,425.27,1
venus-601542,2026-09-02 13:18:59,423.37,1
venus-601543,2026-09-02 13:19:19,4.03,1
venus-601544,2026-09-02 13:20:36,0.15,1
venus-601545,2026-09-02 13:20:53,600.05,1
venus-601546,2026-09-02 13:21:50,421.82,1
venus-601547,2026-09-02 13:23:55,597.02,1
venus-601548,2026-09-02 13:24:18,69.18,1
venus-601549,2026-09-02 13:25:01,529.65,1
venus-601550,2026-09-02 13:27:08,18.35,1
venus-601551,2026-09-02 13:29:12,3.93,1
venus-601552,2026-09-02 13:29:21,414.97,1
venus-601553,2026-09-02 13:31:29,522.5,1
venus-601554,2026-09-02 13:39:51,0.15,1
venus-601555,2026-09-02 13:40:09,438.3,1
venus-601556,2026-09-02 13:41:08,100.43,1
venus-601557,2026-09-02 13:41:11,18.92,1
venus-601558,2026-09-02 13:43:23,50.2,1
venus-601559,2026-09-02 13:46:21,432.73,1
venus-601560,2026-09-02 13:48:48,5440.27,8
venus-601561,2026-09-02 13:50:24,165.68,1
venus-601562,2026-09-02 13:51:43,632.88,1
venus-601563,2026-09-02 13:52:28,170.68,1
venus-601565,2026-09-02 13:53:02,3.87,1
venus-601566,2026-09-02 13:53:07,445.07,1
venus-601567,2026-09-02 13:53:07,0.42,8
venus-601568,2026-09-02 13:53:20,31.1,1
venus-601569,2026-09-02 13:53:44,2251.47,8
venus-601570,2026-09-02 13:53:57,190.48,1
venus-601571,2026-09-02 13:54:09,17.23,1
venus-601573,2026-09-02 13:55:58,423.72,1
venus-601574,2026-09-02 14:02:29,301.02,1
venus-601575,2026-09-02 14:03:37,338.25,1
venus-601576,2026-09-02 14:04:07,176.53,1
venus-601577,2026-09-02 14:04:49,539.87,1
venus-601578,2026-09-02 14:05:27,378.58,1
venus-601579,2026-09-02 14:05:52,478.78,1
venus-601580,2026-09-02 14:07:22,296.57,1
venus-601581,2026-09-02 14:07:57,701.52,1
venus-601582,2026-09-02 14:08:18,362.32,1
venus-601583,2026-09-02 14:08:39,533.23,1
venus-601584,2026-09-02 14:09:07,391.62,1
venus-601585,2026-09-02 14:09:33,499.95,1
venus-601586,2026-09-02 14:10:01,296.03,1
venus-601587,2026-09-02 14:10:31,370.42,1
venus-601588,2026-09-02 14:10:32,5.63,1
venus-601589,2026-09-02 14:10:59,369.65,1
venus-601590,2026-09-02 14:11:21,0.33,1
venus-601591,2026-09-02 14:12:08,422.6,1
venus-601592,2026-09-02 14:12:37,1454.22,1
venus-601593,2026-09-02 14:13:18,17.93,1
venus-601594,2026-09-02 14:13:46,17.92,1
venus-601595,2026-09-02 14:14:18,406.3,1
venus-601596,2026-09-02 14:14:42,360.4,1
venus-601598,2026-09-02 14:14:55,7.43,8
venus-601599,2026-09-02 14:15:12,209.43,4
venus-601600,2026-09-02 14:16:08,153.28,4
venus-601601,2026-09-02 14:17:24,8.05,8
venus-601602,2026-09-02 14:27:50,0.18,1
venus-601603,2026-09-02 14:28:22,458.0,40
venus-601604,2026-09-02 14:28:49,0.18,1
venus-601605,2026-09-02 14:30:30,18.83,1
venus-601606,2026-09-02 14:30:47,8722.38,1
venus-601607,2026-09-02 14:32:02,1.28,16
venus-601608,2026-09-02 14:32:06,0.35,1
venus-601609,2026-09-02 14:33:22,4.22,16
venus-601612,2026-09-02 14:35:47,42.8,1
venus-601614,2026-09-02 14:36:22,6.6,8
venus-601615,2026-09-02 14:36:27,545.75,1
venus-601617,2026-09-02 14:36:51,187.58,1
venus-601618,2026-09-02 14:37:29,0.37,1
venus-601619,2026-09-02 14:37:55,0.53,1
venus-601620,2026-09-02 14:37:56,0.33,1
venus-601621,2026-09-02 14:38:28,534.9,1
venus-601622,2026-09-02 14:38:58,319.42,1
venus-601623,2026-09-02 14:39:25,523.72,1
venus-601624,2026-09-02 14:39:51,0.12,1
venus-601625,2026-09-02 14:40:10,0.55,1
venus-601626,2026-09-02 14:40:46,0.92,1
venus-601627,2026-09-02 14:42:02,0.28,1
venus-601628,2026-09-02 14:42:31,8.73,8
venus-601629,2026-09-02 14:42:31,0.52,1
venus-601630,2026-09-02 14:42:49,308.88,1
venus-601631,2026-09-02 14:43:09,760.6,1
venus-601632,2026-09-02 14:43:27,0.98,1
venus-601633,2026-09-02 14:43:33,93.83,1
venus-601634,2026-09-02 14:43:55,11.27,1
venus-601635,2026-09-02 14:43:56,0.48,1
venus-601636,2026-09-02 14:44:21,230.03,16
venus-601637,2026-09-02 14:44:21,297.7,1
venus-601638,2026-09-02 14:44:41,180.0,1
venus-601639,2026-09-02 14:45:00,83.83,1
venus-601640,2026-09-02 14:45:21,439.8,1
venus-601641,2026-09-02 14:45:43,302.35,1
venus-601642,2026-09-02 14:46:19,500.15,1
venus-601643,2026-09-02 14:46:48,265.45,1
venus-601644,2026-09-02 14:47:24,663.43,1
venus-601645,2026-09-02 14:47:45,6.98,8
venus-601646,2026-09-02 14:47:45,82.52,1
venus-601647,2026-09-02 14:48:14,311.5,1
venus-601648,2026-09-02 14:48:49,121.27,1
venus-601649,2026-09-02 14:49:14,952.28,1
venus-601650,2026-09-02 14:49:16,8.05,8
venus-601659,2026-09-02 14:53:06,8.22,8
venus-601660,2026-09-02 14:53:24,5.55,1
venus-601664,2026-09-02 14:55:04,0.22,1
venus-601665,2026-09-02 14:55:56,0.73,1
venus-601666,2026-09-02 14:57:50,4.65,16
venus-601668,2026-09-02 14:58:32,0.73,1
venus-601669,2026-09-02 14:59:04,0.13,1
venus-601670,2026-09-02 14:59:18,271.6,1
venus-601671,2026-09-02 14:59:38,383.83,1
venus-601672,2026-09-02 14:59:42,4.22,16
venus-601673,2026-09-02 14:59:54,11.08,1
venus-601674,2026-09-02 14:59:56,234.95,1
venus-601675,2026-09-02 15:00:18,726.85,1
venus-601676,2026-09-02 15:00:36,306.07,1
venus-601677,2026-09-02 15:00:40,0.38,1
venus-601678,2026-09-02 15:00:51,534.5,1
venus-601679,2026-09-02 15:01:11,75.82,1
venus-601680,2026-09-02 15:01:17,0.2,1
venus-601681,2026-09-02 15:01:27,448.73,1
venus-601682,2026-09-02 15:02:13,226.2,1
venus-601683,2026-09-02 15:02:25,660.5,1
venus-601684,2026-09-02 15:02:42,244.03,1
venus-601685,2026-09-02 15:02:58,849.73,1
venus-601686,2026-09-02 15:02:59,0.35,16
venus-601687,2026-09-02 15:03:22,7.25,8
venus-601688,2026-09-02 15:03:23,286.1,1
venus-601690,2026-09-02 15:04:34,685.32,1
venus-601691,2026-09-02 15:04:54,0.2,1
venus-601692,2026-09-02 15:05:07,19.07,1
venus-601693,2026-09-02 15:05:27,0.22,1
venus-601694,2026-09-02 15:05:46,6.87,8
venus-601696,2026-09-02 15:06:13,10.77,1
venus-601706,2026-09-02 15:12:06,6.1,1
venus-601708,2026-09-02 15:12:50,7.08,8
venus-601714,2026-09-02 15:14:45,7.17,8
venus-601715,2026-09-02 15:15:19,2.38,1
venus-601721,2026-09-02 15:19:00,7.87,8
venus-601727,2026-09-02 15:20:41,6.27,8
venus-601729,2026-09-02 15:21:10,7.15,8
venus-601733,2026-09-02 15:22:49,6.72,8
venus-601736,2026-09-02 15:24:35,6.93,8
venus-601738,2026-09-02 15:25:32,0.9,1
venus-601739,2026-09-02 15:25:46,53.55,1
venus-601743,2026-09-02 15:26:37,2603.0,1
venus-601744,2026-09-02 15:27:02,0.22,1
venus-601746,2026-09-02 15:27:38,723.87,32
venus-601749,2026-09-02 15:28:03,0.93,1
venus-601750,2026-09-02 15:28:20,7.2,8
venus-601753,2026-09-02 15:29:21,18.47,1
venus-601756,2026-09-02 15:29:48,0.52,1
venus-601760,2026-09-02 15:31:40,8.92,1
venus-601761,2026-09-02 15:31:42,0.07,8
venus-601762,2026-09-02 15:31:46,7.53,8
venus-601767,2026-09-02 15:33:17,7.85,8
venus-601768,2026-09-02 15:33:24,0.23,1
venus-601775,2026-09-02 15:36:24,0.57,1
venus-601776,2026-09-02 15:36:33,876.88,8
venus-601781,2026-09-02 15:37:56,0.25,1
venus-601782,2026-09-02 15:38:01,2.07,1
venus-601783,2026-09-02 15:38:06,0.05,8
venus-601784,2026-09-02 15:38:30,7.47,8
venus-601790,2026-09-02 15:39:52,0.05,8
venus-601791,2026-09-02 15:39:53,880.78,8
venus-601793,2026-09-02 15:40:27,7.58,8
venus-601796,2026-09-02 15:42:04,0.2,1
venus-601798,2026-09-02 15:43:06,0.63,1
venus-601807,2026-09-02 15:45:52,0.17,1
venus-601808,2026-09-02 15:45:56,19.28,1
venus-601809,2026-09-02 15:46:48,0.27,1
venus-601813,2026-09-02 15:47:39,0.67,1
venus-601817,2026-09-02 15:48:46,11.88,1
venus-601831,2026-09-02 15:54:30,0.17,1
venus-601832,2026-09-02 15:54:56,1.68,1
venus-601835,2026-09-02 15:56:17,11.4,1
venus-601853,2026-09-02 16:02:47,0.08,8
venus-601854,2026-09-02 16:03:56,38.72,1
venus-601855,2026-09-02 16:07:08,0.52,1
venus-601856,2026-09-02 16:07:08,0.52,1
venus-601857,2026-09-02 16:07:08,0.52,1
venus-601858,2026-09-02 16:07:08,0.52,1
venus-601859,2026-09-02 16:08:23,10.13,1
venus-601860,2026-09-02 16:08:23,7.0,1
venus-601861,2026-09-02 16:08:23,8.08,1
venus-601862,2026-09-02 16:08:23,22.45,1
venus-601863,2026-09-02 16:09:12,233.15,1
venus-601865,2026-09-02 16:18:32,1.17,8
venus-601866,2026-09-02 16:22:30,1.05,8
venus-601867,2026-09-02 16:26:36,0.9,8
venus-601868,2026-09-02 16:29:12,21.32,1
venus-601869,2026-09-02 16:32:50,20.12,1
venus-601870,2026-09-02 16:33:04,316.27,1
venus-601871,2026-09-02 16:36:33,317.32,1
venus-601872,2026-09-02 16:37:31,0.03,8
venus-601873,2026-09-02 16:37:35,507.53,8
venus-601874,2026-09-02 16:40:51,1.65,1
venus-601875,2026-09-02 16:41:13,219.97,1
venus-601876,2026-09-02 16:41:50,1.92,8
venus-601877,2026-09-02 16:43:12,92.72,1
venus-601878,2026-09-02 16:44:30,89.33,1
venus-601879,2026-09-02 16:44:55,1.38,8
venus-601880,2026-09-02 16:45:26,88.4,1
venus-601881,2026-09-02 16:46:55,1.97,8
venus-601882,2026-09-02 16:50:55,1.88,2
venus-601883,2026-09-02 16:53:14,4.08,2
venus-601884,2026-09-02 16:57:38,4.77,8
venus-601885,2026-09-02 17:04:51,26.95,8
venus-601886,2026-09-02 17:21:11,0.78,1
venus-601887,2026-09-02 17:22:36,138.05,1
venus-601888,2026-09-02 17:23:14,8.12,1
venus-601889,2026-09-02 17:25:18,8.27,1
venus-601890,2026-09-02 17:29:58,0.4,1
venus-601891,2026-09-02 17:32:08,8.08,1
venus-601892,2026-09-02 17:32:58,24.3,1
venus-601893,2026-09-02 17:34:34,0.37,1
venus-601894,2026-09-02 17:38:00,6.2,1
venus-601895,2026-09-02 17:40:01,0.38,1
venus-601896,2026-09-02 17:41:42,992.13,1
venus-601897,2026-09-02 17:43:20,4.88,1
venus-601898,2026-09-02 17:44:50,0.47,1
venus-601899,2026-09-02 17:45:30,0.5,1
venus-601900,2026-09-02 17:47:46,57.15,8
venus-601901,2026-09-02 17:54:49,4.07,8
venus-601902,2026-09-02 17:55:33,24.6,1
venus-601903,2026-09-02 17:55:43,1.17,1
venus-601904,2026-09-02 17:59:06,26.05,8
venus-601905,2026-09-02 17:59:14,0.38,1
venus-601906,2026-09-02 17:59:30,0.97,1
venus-601907,2026-09-02 18:03:56,2.52,1
venus-601908,2026-09-02 18:08:01,0.43,1
venus-601909,2026-09-02 18:14:32,4.2,1
venus-601910,2026-09-02 18:16:39,0.23,1
venus-601911,2026-09-02 18:21:52,8.63,1
venus-601912,2026-09-02 18:24:28,0.17,16
venus-601913,2026-09-02 18:26:37,2.85,1
venus-601914,2026-09-02 18:26:38,12.97,8
venus-601915,2026-09-02 18:26:59,0.2,16
venus-601917,2026-09-02 18:35:00,0.02,1
venus-601918,2026-09-02 18:35:06,1.32,16
venus-601919,2026-09-02 18:36:19,501.18,16
venus-601922,2026-09-02 18:36:49,1302.13,16
venus-601923,2026-09-02 18:37:17,24.98,1
venus-601924,2026-09-02 18:39:44,7.43,8
venus-601925,2026-09-02 18:44:53,4.38,1
venus-601926,2026-09-02 18:46:16,1480.17,8
venus-601929,2026-09-02 18:51:03,3.8,8
venus-601930,2026-09-02 18:55:48,529.48,8
venus-601931,2026-09-02 18:57:10,6.47,1
venus-601932,2026-09-02 19:08:37,3.35,2
venus-601940,2026-09-02 19:20:10,22.58,1
venus-601942,2026-09-02 19:24:21,9.2,1
venus-601943,2026-09-02 19:24:56,206.82,8
venus-601951,2026-09-02 19:30:36,2.75,2
venus-601953,2026-09-02 19:31:20,2.95,1
venus-601955,2026-09-02 19:37:17,19.88,1
venus-601956,2026-09-02 19:39:35,2.83,1
venus-601957,2026-09-02 19:41:17,2.5,2
venus-601958,2026-09-02 19:44:38,7.48,1
venus-601960,2026-09-02 19:50:09,0.02,1
venus-601961,2026-09-02 19:50:19,211.02,1
venus-601962,2026-09-02 19:50:39,221.92,1
venus-601963,2026-09-02 19:50:49,234.53,1
venus-601964,2026-09-02 19:51:05,281.7,1
venus-601965,2026-09-02 19:51:05,14.97,2
venus-601966,2026-09-02 19:51:18,208.4,1
venus-601968,2026-09-02 19:59:36,0.05,1
venus-601969,2026-09-02 20:02:25,1141.18,1
venus-601970,2026-09-02 20:03:02,3.08,1
venus-601971,2026-09-02 20:05:56,0.42,1
venus-601972,2026-09-02 20:06:52,0.12,2
venus-601973,2026-09-02 20:07:50,3.37,1
venus-601974,2026-09-02 20:08:04,2598.17,2
venus-601975,2026-09-02 20:09:06,10.7,1
venus-601976,2026-09-02 20:09:34,4.52,1
venus-601977,2026-09-02 20:11:37,4.15,1
venus-601978,2026-09-02 20:15:47,1.83,1
venus-601979,2026-09-02 20:17:46,2.43,1
venus-601980,2026-09-02 20:18:29,0.97,1
venus-601981,2026-09-02 20:19:25,0.9,2
venus-601982,2026-09-02 20:19:34,0.8,1
venus-601983,2026-09-02 20:19:58,1.17,2
venus-601984,2026-09-02 20:20:01,4.35,2
venus-601985,2026-09-02 20:20:24,1.13,2
venus-601986,2026-09-02 20:20:44,1.45,1
venus-601987,2026-09-02 20:22:23,3.72,1
venus-601988,2026-09-02 20:23:53,0.17,2
venus-601989,2026-09-02 20:24:54,6.87,2
venus-601990,2026-09-02 20:27:28,4.75,1
venus-601991,2026-09-02 20:28:00,11.33,1
venus-601992,2026-09-02 20:32:08,8.62,2
venus-601993,2026-09-02 20:33:12,1.22,1
venus-601994,2026-09-02 20:33:13,0.08,1
venus-601995,2026-09-02 20:33:20,0.03,1
venus-601996,2026-09-02 20:34:33,3.65,1
venus-601997,2026-09-02 20:34:59,2.1,1
venus-601998,2026-09-02 20:35:03,7.65,1
venus-601999,2026-09-02 20:36:00,0.17,2
venus-602000,2026-09-02 20:36:40,1.35,2
venus-602001,2026-09-02 20:37:11,20.32,1
venus-602002,2026-09-02 20:37:12,1.48,1
venus-602003,2026-09-02 20:37:28,1.42,2
venus-602004,2026-09-02 20:38:53,0.37,1
venus-602005,2026-09-02 20:39:05,2.08,2
venus-602006,2026-09-02 20:40:10,0.33,1
venus-602007,2026-09-02 20:41:19,1.6,1
venus-602008,2026-09-02 20:41:27,1.8,1
venus-602009,2026-09-02 20:43:26,6.6,2
venus-602010,2026-09-02 20:44:37,1.37,1
venus-602011,2026-09-02 20:46:06,3.6,1
venus-602012,2026-09-02 20:47:46,19.17,1
venus-602013,2026-09-02 20:48:05,10.85,1
venus-602014,2026-09-02 20:48:18,76.88,1
venus-602015,2026-09-02 20:50:50,284.97,1
venus-602016,2026-09-02 20:50:58,540.98,1
venus-602017,2026-09-02 20:51:03,692.07,1
venus-602018,2026-09-02 20:51:07,142.85,1
venus-602019,2026-09-02 20:51:13,23.33,2
venus-602020,2026-09-02 20:52:02,23.42,2
venus-602021,2026-09-02 20:52:34,23.42,2
venus-602022,2026-09-02 20:52:55,5.18,1
venus-602023,2026-09-02 20:53:09,22.72,2
venus-602024,2026-09-02 20:54:40,22.12,1
venus-602025,2026-09-02 20:59:53,462.95,1
venus-602026,2026-09-02 21:04:04,1.28,1
venus-602027,2026-09-02 21:05:55,0.7,1
venus-602028,2026-09-02 21:06:38,2.95,1
venus-602029,2026-09-02 21:07:35,2.62,1
venus-602030,2026-09-02 21:09:36,1.83,1
venus-602031,2026-09-02 21:10:47,10.9,1
venus-602032,2026-09-02 21:11:46,1.22,1
venus-602033,2026-09-02 21:14:32,2.7,1
venus-602034,2026-09-02 21:17:15,8.6,1
venus-602035,2026-09-02 21:20:52,97.0,1
venus-602036,2026-09-02 21:26:00,1.2,1
venus-602037,2026-09-02 21:27:33,1.23,1
venus-602038,2026-09-02 21:29:21,2.32,1
venus-602040,2026-09-02 21:34:17,1.23,1
venus-602041,2026-09-02 21:35:53,2.27,1
venus-602042,2026-09-02 21:36:10,680.6,1
venus-602043,2026-09-02 21:36:14,627.45,1
venus-602044,2026-09-02 21:36:37,281.4,1
venus-602045,2026-09-02 21:36:51,733.27,1
venus-602046,2026-09-02 21:36:55,335.9,1
venus-602047,2026-09-02 21:36:57,1.23,1
venus-602048,2026-09-02 21:37:08,375.7,1
venus-602050,2026-09-02 21:37:18,775.62,1
venus-602051,2026-09-02 21:38:21,2.27,1
venus-602052,2026-09-02 21:38:35,395.43,1
venus-602053,2026-09-02 21:39:13,1.77,1
venus-602054,2026-09-02 21:39:19,397.27,1
venus-602055,2026-09-02 21:39:26,576.4,1
venus-602056,2026-09-02 21:41:00,2.57,1
venus-602058,2026-09-02 21:42:31,20.57,1
venus-602062,2026-09-02 21:50:36,11.47,1
venus-602063,2026-09-02 21:50:45,2.1,1
venus-602064,2026-09-02 21:52:52,741.02,1
venus-602065,2026-09-02 21:53:54,0.02,1
venus-602066,2026-09-02 21:54:04,552.93,1
venus-602067,2026-09-02 21:54:14,521.9,1
venus-602068,2026-09-02 21:54:18,949.8,1
venus-602069,2026-09-02 21:54:23,459.65,1
venus-602070,2026-09-02 21:54:32,89.83,1
venus-602071,2026-09-02 21:54:38,562.23,1
venus-602072,2026-09-02 21:55:19,901.55,1
venus-602073,2026-09-02 21:55:51,645.63,1
venus-602074,2026-09-02 21:56:02,626.37,1
venus-602075,2026-09-02 22:01:14,62.42,2
venus-602076,2026-09-02 22:02:20,62.82,2
venus-602077,2026-09-02 22:03:11,63.52,2
venus-602079,2026-09-02 22:05:55,2.6,1
venus-602080,2026-09-02 22:06:43,1238.12,40
venus-602081,2026-09-02 22:07:14,726.67,1
venus-602082,2026-09-02 22:07:30,13.83,8
venus-602083,2026-09-02 22:07:50,948.7,1
venus-602084,2026-09-02 22:08:59,2.3,1
venus-602085,2026-09-02 22:11:58,19.77,1
venus-602086,2026-09-02 22:12:00,1.82,1
venus-602088,2026-09-02 22:13:44,7.35,1
venus-602089,2026-09-02 22:14:04,739.87,1
venus-602090,2026-09-02 22:21:40,0.08,8
venus-602092,2026-09-02 22:22:32,0.32,8
venus-602102,2026-09-02 22:24:22,0.37,1
venus-602104,2026-09-02 22:26:08,3.12,1
venus-602105,2026-09-02 22:26:58,0.42,8
venus-602106,2026-09-02 22:27:15,515.75,8
venus-602107,2026-09-02 22:29:34,731.97,1
venus-602108,2026-09-02 22:38:07,7614.72,8
venus-602109,2026-09-02 22:42:32,0.15,8
venus-602110,2026-09-02 22:42:48,1.28,8
venus-602111,2026-09-02 22:42:58,1.55,8
venus-602112,2026-09-02 22:43:07,19.15,1
venus-602113,2026-09-02 22:43:40,1.32,8
venus-602114,2026-09-02 22:47:05,0.13,8
venus-602115,2026-09-02 22:47:30,0.27,8
venus-602116,2026-09-02 22:48:25,2.85,1
venus-602117,2026-09-02 22:48:59,0.28,8
venus-602119,2026-09-02 22:50:25,0.47,8
venus-602120,2026-09-02 22:51:23,42.12,8
venus-602121,2026-09-02 22:51:27,0.27,8
venus-602122,2026-09-02 22:51:36,4.13,1
venus-602123,2026-09-02 22:51:54,554.52,8
venus-602124,2026-09-02 22:52:51,41.12,8
venus-602125,2026-09-02 22:53:58,89.48,8
venus-602126,2026-09-02 22:54:31,862.78,1
venus-602127,2026-09-02 22:54:52,88.43,8
venus-602128,2026-09-02 22:54:55,14.95,1
venus-602129,2026-09-02 22:54:59,320.4,4
venus-602131,2026-09-02 22:57:47,4.25,1
venus-602132,2026-09-02 22:58:29,0.27,4
venus-602133,2026-09-02 22:59:42,0.43,4
venus-602134,2026-09-02 23:03:04,14.1,1
venus-602135,2026-09-02 23:03:24,1096.92,2
venus-602136,2026-09-02 23:04:57,1094.4,2
venus-602137,2026-09-02 23:06:30,776.08,2
venus-602138,2026-09-02 23:08:02,2766.87,2
venus-602139,2026-09-02 23:09:43,0.4,4
venus-602140,2026-09-02 23:11:14,8.87,1
venus-602141,2026-09-02 23:17:11,0.15,1
venus-602142,2026-09-02 23:17:21,76.18,1
venus-602143,2026-09-02 23:17:36,0.33,4
venus-602146,2026-09-02 23:36:45,18.78,1
venus-602147,2026-09-02 23:36:50,844.03,1
venus-602150,2026-09-02 23:42:17,18.78,1
venus-602151,2026-09-02 23:53:08,41.57,8
venus-602152,2026-09-02 23:56:48,88.98,8
venus-602153,2026-09-03 00:17:04,29.6,1
venus-602154,2026-09-03 00:26:47,19.9,1
venus-602155,2026-09-03 00:31:48,4.58,1
venus-602156,2026-09-03 00:40:22,6.27,1
venus-602157,2026-09-03 00:46:05,18.58,1
venus-602158,2026-09-03 00:49:06,1447.78,4
venus-602159,2026-09-03 00:52:25,202.27,1
venus-602160,2026-09-03 00:55:47,203.93,1
venus-602161,2026-09-03 01:00:29,199.27,1
venus-602162,2026-09-03 01:00:34,18.58,1
venus-602163,2026-09-03 01:03:12,198.68,1
venus-602164,2026-09-03 01:49:42,18.83,1
venus-602165,2026-09-03 02:24:11,18.7,1
venus-602166,2026-09-03 02:53:33,18.67,1
venus-602167,2026-09-03 03:52:15,18.93,1
venus-602168,2026-09-03 03:52:57,18.23,1
venus-602169,2026-09-03 04:56:12,18.88,1
venus-602170,2026-09-03 05:16:13,19.3,1
venus-602171,2026-09-03 06:40:32,19.15,1
venus-602173,2026-09-03 06:50:04,535.58,32
venus-602174,2026-09-03 07:03:02,0.5,8
venus-602175,2026-09-03 07:04:02,1.12,8
venus-602176,2026-09-03 07:05:15,8.33,8
venus-602177,2026-09-03 07:19:32,81.03,8
venus-602178,2026-09-03 08:02:36,3.67,1
venus-602179,2026-09-03 08:04:43,18.78,1
venus-602180,2026-09-03 08:18:08,144.85,1
venus-602181,2026-09-03 08:24:16,3.32,1
venus-602182,2026-09-03 08:41:09,5.0,8
venus-602183,2026-09-03 08:46:58,308.02,8
venus-602184,2026-09-03 08:48:39,22.23,8
venus-602186,2026-09-03 08:58:02,200.48,1
venus-602187,2026-09-03 09:00:13,196.92,1
venus-602188,2026-09-03 09:16:02,0.05,8
venus-602189,2026-09-03 09:16:12,118.47,8
venus-602191,2026-09-03 09:25:15,36.27,1
venus-602192,2026-09-03 09:27:28,0.37,4
venus-602193,2026-09-03 09:29:20,0.63,4
venus-602194,2026-09-03 09:30:50,1.25,4
venus-602195,2026-09-03 09:31:38,0.48,1
venus-602196,2026-09-03 09:32:22,294.7,1
venus-602197,2026-09-03 09:33:32,21.75,1
venus-602198,2026-09-03 09:35:51,0.33,4
venus-602199,2026-09-03 09:39:02,1.27,4
venus-602200,2026-09-03 09:43:03,48.65,4
venus-602201,2026-09-03 09:56:44,618.18,1
venus-602202,2026-09-03 09:57:02,615.22,1
venus-602203,2026-09-03 09:57:07,370.93,1
venus-602204,2026-09-03 09:57:21,138.13,1
venus-602206,2026-09-03 09:57:39,137.88,1
venus-602207,2026-09-03 09:57:55,303.63,1
venus-602208,2026-09-03 09:58:00,10.2,1
venus-602209,2026-09-03 09:58:05,300.98,1
venus-602210,2026-09-03 09:58:18,396.8,1
venus-602211,2026-09-03 09:58:27,221.25,1
venus-602212,2026-09-03 09:58:35,34.67,1
venus-602213,2026-09-03 09:58:47,45.05,1
venus-602214,2026-09-03 09:58:54,14.2,1
venus-602215,2026-09-03 09:59:14,620.68,1
venus-602216,2026-09-03 09:59:19,201.72,1
venus-602217,2026-09-03 09:59:25,314.25,1
venus-602218,2026-09-03 09:59:43,308.72,1
venus-602219,2026-09-03 09:59:55,621.68,1
venus-602220,2026-09-03 10:00:21,923.47,1
venus-602221,2026-09-03 10:00:33,635.0,1
venus-602222,2026-09-03 10:00:38,623.32,1
venus-602223,2026-09-03 10:00:45,274.33,1
venus-602224,2026-09-03 10:00:50,8.15,1
venus-602225,2026-09-03 10:00:55,635.73,1
venus-602226,2026-09-03 10:01:05,632.0,1
venus-602227,2026-09-03 10:01:33,644.37,1
venus-602228,2026-09-03 10:01:55,324.83,1
venus-602229,2026-09-03 10:02:01,236.07,1
venus-602230,2026-09-03 10:02:06,571.95,1
venus-602231,2026-09-03 10:02:17,51.53,1
venus-602232,2026-09-03 10:02:21,73.98,1
venus-602233,2026-09-03 10:02:43,665.9,1
venus-602234,2026-09-03 10:02:47,123.53,1
venus-602235,2026-09-03 10:02:51,306.02,1
venus-602236,2026-09-03 10:02:55,489.23,1
venus-602237,2026-09-03 10:02:59,128.2,1
venus-602238,2026-09-03 10:03:04,0.23,1
venus-602239,2026-09-03 10:03:10,582.63,1
venus-602240,2026-09-03 10:03:14,571.32,1
venus-602241,2026-09-03 10:03:22,574.3,1
venus-602242,2026-09-03 10:03:26,734.73,1
venus-602243,2026-09-03 10:04:41,385.78,1
venus-602244,2026-09-03 10:04:44,638.4,1
venus-602245,2026-09-03 10:04:59,462.68,1
venus-602246,2026-09-03 10:05:05,112.03,1
venus-602250,2026-09-03 10:20:54,517.68,8
venus-602251,2026-09-03 10:21:40,5.92,1
venus-602252,2026-09-03 10:22:09,0.17,8
venus-602253,2026-09-03 10:22:33,517.98,8
venus-602256,2026-09-03 10:32:49,17.5,4
venus-602257,2026-09-03 10:33:35,1.97,16
venus-602258,2026-09-03 10:35:53,147.0,1
venus-602259,2026-09-03 10:36:22,224.92,1
venus-602260,2026-09-03 10:36:27,277.25,1
venus-602261,2026-09-03 10:46:31,0.02,1
venus-602264,2026-09-03 10:46:48,23.23,1
venus-602265,2026-09-03 10:51:33,2.92,2
venus-602266,2026-09-03 10:53:22,5.52,1
venus-602267,2026-09-03 10:55:18,17.0,1
venus-602269,2026-09-03 10:56:14,35.87,1
venus-602270,2026-09-03 10:56:53,4.58,4
venus-602271,2026-09-03 10:59:18,1732.98,2
venus-602273,2026-09-03 11:00:30,510.25,8
venus-602274,2026-09-03 11:01:45,1106.07,8
venus-602278,2026-09-03 11:13:44,4.35,4
venus-602279,2026-09-03 11:19:32,4.3,4
venus-602281,2026-09-03 11:23:14,5.32,1
venus-602282,2026-09-03 11:24:36,17.25,4
venus-602283,2026-09-03 11:25:36,8.3,1
venus-602284,2026-09-03 11:27:23,0.53,1
venus-602285,2026-09-03 11:29:12,2.18,1
venus-602287,2026-09-03 11:31:47,5.47,1
venus-602288,2026-09-03 11:33:50,1494.47,8
venus-602289,2026-09-03 11:35:00,0.57,1
venus-602290,2026-09-03 11:35:43,197.97,1
venus-602292,2026-09-03 11:37:51,569.23,1
venus-602293,2026-09-03 11:42:14,0.05,1
venus-602294,2026-09-03 11:42:30,2.0,1
venus-602295,2026-09-03 11:44:21,0.5,1
venus-602296,2026-09-03 11:44:30,15.62,8
venus-602297,2026-09-03 11:46:35,5.63,1
venus-602298,2026-09-03 11:47:01,2.05,2
venus-602303,2026-09-03 11:52:34,3.63,1
venus-602304,2026-09-03 11:55:04,0.5,2
venus-602305,2026-09-03 11:56:48,1368.07,2
venus-602306,2026-09-03 11:56:54,5738.52,2
venus-602307,2026-09-03 11:57:26,206.18,8
venus-602308,2026-09-03 11:57:43,1.37,1
venus-602309,2026-09-03 11:58:45,16.47,1
venus-602310,2026-09-03 11:59:32,42.7,8
venus-602312,2026-09-03 11:59:36,99.85,1
venus-602313,2026-09-03 12:00:40,1383.63,2
venus-602314,2026-09-03 12:02:20,1368.13,2
venus-602317,2026-09-03 12:08:01,95.95,4
venus-602318,2026-09-03 12:10:57,0.02,1
venus-602319,2026-09-03 12:11:21,1206.47,1
venus-602320,2026-09-03 12:12:05,1133.62,1
venus-602321,2026-09-03 12:14:35,1089.07,1
venus-602322,2026-09-03 12:22:20,17.42,1
venus-602323,2026-09-03 12:34:22,222.08,16
venus-602327,2026-09-03 12:52:05,18.75,8
venus-602329,2026-09-03 12:54:01,5.95,1
venus-602331,2026-09-03 12:59:30,0.23,1
venus-602333,2026-09-03 13:03:00,7.88,1
venus-602334,2026-09-03 13:03:07,0.23,1
venus-602335,2026-09-03 13:04:23,4.42,32
venus-602336,2026-09-03 13:05:34,0.15,1
venus-602337,2026-09-03 13:06:43,1.28,1
venus-602338,2026-09-03 13:06:56,4.0,1
venus-602339,2026-09-03 13:08:06,3.22,1
venus-602340,2026-09-03 13:08:58,1597.1,32
venus-602342,2026-09-03 13:14:10,42.68,1
venus-602343,2026-09-03 13:17:42,0.22,16
venus-602344,2026-09-03 13:20:57,0.18,16
venus-602345,2026-09-03 13:21:51,0.22,8
venus-602346,2026-09-03 13:22:30,0.12,16
venus-602347,2026-09-03 13:22:37,1.42,8
venus-602348,2026-09-03 13:25:17,0.22,8
venus-602349,2026-09-03 13:25:48,0.7,8
venus-602350,2026-09-03 13:26:35,1.65,16
venus-602351,2026-09-03 13:27:21,118.87,8
venus-602352,2026-09-03 13:28:28,197.5,16
venus-602353,2026-09-03 13:30:19,18.73,8
venus-602354,2026-09-03 13:30:38,7.08,1
venus-602355,2026-09-03 13:31:16,167.35,1
venus-602356,2026-09-03 13:34:29,1.45,1
venus-602357,2026-09-03 13:41:53,15.02,1
venus-602358,2026-09-03 13:42:38,8.6,1
venus-602359,2026-09-03 13:43:03,710.12,1
venus-602360,2026-09-03 13:43:06,691.43,1
venus-602361,2026-09-03 13:43:32,189.65,1
venus-602362,2026-09-03 13:43:38,10.0,1
venus-602363,2026-09-03 13:44:13,0.12,1
venus-602364,2026-09-03 13:44:22,120.68,1
venus-602365,2026-09-03 13:44:27,1.83,1
venus-602366,2026-09-03 13:45:49,40.22,1
venus-602367,2026-09-03 13:46:57,0.4,1
venus-602368,2026-09-03 13:47:39,2.8,1
venus-602369,2026-09-03 13:48:02,180.58,1
venus-602370,2026-09-03 13:49:23,250.82,1
venus-602372,2026-09-03 13:51:54,66.9,1
venus-602373,2026-09-03 13:52:07,47.0,1
venus-602374,2026-09-03 13:52:12,3.92,8
venus-602375,2026-09-03 13:55:19,0.17,1
venus-602376,2026-09-03 13:55:29,2.63,1
venus-602377,2026-09-03 13:55:39,0.13,1
venus-602381,2026-09-03 13:56:40,58.4,1
venus-602383,2026-09-03 13:57:01,3.42,1
venus-602385,2026-09-03 13:58:08,1.58,1
venus-602386,2026-09-03 13:58:18,54.58,1
venus-602388,2026-09-03 14:00:52,6.85,1
venus-602389,2026-09-03 14:00:53,1.67,1
venus-602390,2026-09-03 14:00:56,3.82,1
venus-602391,2026-09-03 14:03:20,9.98,8
venus-602392,2026-09-03 14:03:26,1.48,1
venus-602393,2026-09-03 14:05:18,3.68,1
venus-602394,2026-09-03 14:06:41,1.85,1
venus-602399,2026-09-03 14:09:27,0.05,1
venus-602400,2026-09-03 14:09:30,1.6,1
venus-602401,2026-09-03 14:09:48,6.98,1
venus-602402,2026-09-03 14:11:05,3.07,1
venus-602403,2026-09-03 14:14:11,0.38,1
venus-602404,2026-09-03 14:14:57,2.53,1
venus-602407,2026-09-03 14:17:31,0.58,1
venus-602409,2026-09-03 14:19:15,0.35,1
venus-602410,2026-09-03 14:19:17,0.4,1
venus-602411,2026-09-03 14:21:53,31.25,1
venus-602412,2026-09-03 14:22:16,0.5,1
venus-602413,2026-09-03 14:28:29,6.72,1
venus-602414,2026-09-03 14:28:44,10.67,8
venus-602415,2026-09-03 14:29:55,3.7,1
venus-602418,2026-09-03 14:36:41,11.87,1
venus-602419,2026-09-03 14:36:42,16.48,1
venus-602420,2026-09-03 14:36:50,310.6,8
venus-602421,2026-09-03 14:41:54,2.03,16
venus-602422,2026-09-03 14:42:26,43.22,4
venus-602426,2026-09-03 14:48:57,5.05,1
venus-602427,2026-09-03 14:50:53,69.88,8
venus-602428,2026-09-03 14:55:42,61.42,1
venus-602434,2026-09-03 15:07:41,68.08,1
venus-602435,2026-09-03 15:08:10,140.43,1
venus-602436,2026-09-03 15:09:57,0.1,16
venus-602437,2026-09-03 15:11:37,84.37,16
venus-602438,2026-09-03 15:11:55,61.45,16
venus-602444,2026-09-03 15:27:48,202.87,1
venus-602445,2026-09-03 15:29:51,6.27,1
venus-602446,2026-09-03 15:30:34,13.9,8
venus-602447,2026-09-03 15:37:23,516.1,1
venus-602448,2026-09-03 15:49:29,34.37,1
venus-602449,2026-09-03 15:50:16,34.97,1
venus-602450,2026-09-03 15:53:20,10.48,8
venus-602451,2026-09-03 15:56:46,37.13,1
venus-602453,2026-09-03 15:58:42,36.93,1
venus-602457,2026-09-03 16:01:49,3.32,8
venus-602460,2026-09-03 16:03:12,67.2,1
venus-602462,2026-09-03 16:11:58,0.37,8
venus-602464,2026-09-03 16:15:28,59.38,16
venus-602465,2026-09-03 16:16:13,1.57,1
venus-602467,2026-09-03 16:17:58,4.93,8
venus-602468,2026-09-03 16:18:24,59.18,16
venus-602469,2026-09-03 16:19:48,1.18,1
venus-602472,2026-09-03 16:22:17,1.32,1
venus-602473,2026-09-03 16:23:02,2.8,8
venus-602474,2026-09-03 16:27:31,25.4,1
venus-602475,2026-09-03 16:29:55,21.37,1
venus-602476,2026-09-03 16:33:22,1.15,8
venus-602477,2026-09-03 16:34:59,4.17,8
venus-602478,2026-09-03 16:39:13,411.0,16
venus-602479,2026-09-03 16:39:28,2.92,8
venus-602480,2026-09-03 16:41:16,10.1,1
venus-602481,2026-09-03 16:43:38,2.72,8
venus-602482,2026-09-03 16:46:14,1504.05,32
venus-602483,2026-09-03 16:46:35,819.87,32
venus-602484,2026-09-03 16:50:24,12.08,1
venus-602487,2026-09-03 16:52:20,32.57,1
venus-602488,2026-09-03 16:52:50,7.02,8
venus-602489,2026-09-03 16:53:09,0.13,1
venus-602493,2026-09-03 16:59:53,4.05,8
venus-602495,2026-09-03 17:02:19,644.83,1
venus-602496,2026-09-03 17:04:23,3.95,8
venus-602497,2026-09-03 17:04:23,156.62,1
venus-602498,2026-09-03 17:04:47,1.0,1
venus-602499,2026-09-03 17:05:18,445.87,4
venus-602500,2026-09-03 17:07:52,0.83,16
venus-602501,2026-09-03 17:08:03,67.27,1
venus-602502,2026-09-03 17:09:55,189.75,16
venus-602503,2026-09-03 17:10:14,13.35,1
venus-602514,2026-09-03 17:13:00,1.93,16
venus-602518,2026-09-03 17:18:10,9.83,1
venus-602519,2026-09-03 17:21:01,1.95,16
venus-602520,2026-09-03 17:22:35,0.12,8
venus-602521,2026-09-03 17:23:41,2.83,16
venus-602522,2026-09-03 17:24:36,0.2,1
venus-602523,2026-09-03 17:25:05,3.7,8
venus-602524,2026-09-03 17:28:44,21.02,1
venus-602525,2026-09-03 17:28:53,207.37,1
venus-602526,2026-09-03 17:29:07,2904.85,16
venus-602527,2026-09-03 17:31:09,19.32,8
venus-602535,2026-09-03 17:50:00,250.78,16
venus-602537,2026-09-03 17:50:37,27.23,16
venus-602538,2026-09-03 17:50:39,17.07,1
venus-602539,2026-09-03 17:51:36,65.2,1
venus-602540,2026-09-03 17:52:55,127.47,1
venus-602541,2026-09-03 17:54:51,17635.0,8
venus-602542,2026-09-03 18:07:37,0.03,1
venus-602543,2026-09-03 18:08:58,9.13,1
venus-602544,2026-09-03 18:11:16,0.1,1
venus-602545,2026-09-03 18:12:36,6.48,1
venus-602546,2026-09-03 18:16:37,77.77,16
venus-602547,2026-09-03 18:18:06,225.08,16
venus-602548,2026-09-03 18:18:31,16.27,1
venus-602549,2026-09-03 18:31:52,481.65,1
venus-602553,2026-09-03 18:44:28,0.02,1
venus-602555,2026-09-03 18:47:00,0.07,1
venus-602556,2026-09-03 18:47:44,3158.15,4
venus-602557,2026-09-03 18:48:37,0.05,1
venus-602558,2026-09-03 18:48:46,0.03,1
venus-602559,2026-09-03 18:49:47,42.45,1
venus-602561,2026-09-03 18:50:59,78.02,1
venus-602562,2026-09-03 18:52:01,109.8,1
venus-602563,2026-09-03 18:52:07,2.88,1
venus-602564,2026-09-03 18:52:11,40.28,1
venus-602566,2026-09-03 18:52:39,521.97,1
venus-602567,2026-09-03 18:53:57,157.83,1
venus-602568,2026-09-03 18:54:42,384.07,1
venus-602569,2026-09-03 18:54:52,17.17,1
venus-602570,2026-09-03 18:55:37,289.88,1
venus-602571,2026-09-03 18:56:19,45.0,1
venus-602572,2026-09-03 18:56:30,171.25,1
venus-602573,2026-09-03 18:56:34,114.27,1
venus-602574,2026-09-03 18:56:40,3.02,1
venus-602575,2026-09-03 18:56:45,44.12,1
venus-602576,2026-09-03 18:57:06,888.92,1
venus-602577,2026-09-03 18:57:56,78.15,1
venus-602578,2026-09-03 18:58:54,39.98,1
venus-602579,2026-09-03 19:00:55,16.48,1
venus-602580,2026-09-03 19:07:04,59.57,1
venus-602587,2026-09-03 19:19:33,2.63,1
venus-602588,2026-09-03 19:20:31,2.8,16
venus-602589,2026-09-03 19:26:20,33.8,1
venus-602590,2026-09-03 19:29:00,2.35,2
venus-602591,2026-09-03 19:29:02,2.35,2
venus-602592,2026-09-03 19:29:03,2.05,2
venus-602594,2026-09-03 19:33:30,495.65,8
venus-602595,2026-09-03 19:43:09,0.02,2
venus-602598,2026-09-03 19:51:21,1.68,8
venus-602601,2026-09-03 19:54:46,18.0,8
venus-602602,2026-09-03 19:57:12,3.33,1
venus-602603,2026-09-03 20:05:48,204.82,1
venus-602604,2026-09-03 20:12:13,505.85,8
venus-602605,2026-09-03 20:12:38,0.18,1
venus-602606,2026-09-03 20:12:49,89.48,8
venus-602607,2026-09-03 20:13:03,0.05,1
venus-602608,2026-09-03 20:13:17,0.13,1
venus-602609,2026-09-03 20:13:40,41.45,1
venus-602610,2026-09-03 20:14:00,66.28,1
venus-602611,2026-09-03 20:15:05,0.18,1
venus-602612,2026-09-03 20:15:35,0.17,1
venus-602613,2026-09-03 20:16:02,3.7,1
venus-602614,2026-09-03 20:16:22,21.1,1
venus-602616,2026-09-03 20:20:05,0.15,1
venus-602617,2026-09-03 20:20:25,103.47,8
venus-602618,2026-09-03 20:20:29,21.22,1
venus-602619,2026-09-03 20:21:48,0.18,1
venus-602620,2026-09-03 20:22:17,0.12,1
venus-602621,2026-09-03 20:22:36,8.52,1
venus-602622,2026-09-03 20:24:04,0.15,1
venus-602623,2026-09-03 20:24:22,37.58,8
venus-602624,2026-09-03 20:24:28,0.15,1
venus-602625,2026-09-03 20:24:51,0.17,1
venus-602626,2026-09-03 20:25:17,0.13,1
venus-602627,2026-09-03 20:25:33,13.12,1
venus-602628,2026-09-03 20:29:30,1.68,1
venus-602629,2026-09-03 20:33:13,1.67,1
venus-602630,2026-09-03 20:33:40,29.6,1
venus-602631,2026-09-03 20:34:01,63.27,1
venus-602632,2026-09-03 20:36:00,46.42,1
venus-602633,2026-09-03 20:36:14,57.47,1
venus-602635,2026-09-03 20:37:10,79.53,1
venus-602636,2026-09-03 20:37:16,1153.3,1
venus-602637,2026-09-03 20:37:28,84.75,1
venus-602638,2026-09-03 20:37:36,34.52,1
venus-602639,2026-09-03 20:38:51,112.65,1
venus-602640,2026-09-03 20:39:02,113.98,1
venus-602641,2026-09-03 20:46:03,100.05,1
venus-602642,2026-09-03 20:46:14,84.95,1
venus-602643,2026-09-03 20:47:03,16.7,1
venus-602644,2026-09-03 20:47:44,112.72,1
venus-602645,2026-09-03 20:47:53,108.75,1
venus-602646,2026-09-03 20:49:16,42.4,1
venus-602647,2026-09-03 20:49:34,0.03,1
venus-602648,2026-09-03 20:49:40,41.88,1
venus-602649,2026-09-03 20:53:38,184.47,16
venus-602651,2026-09-03 21:02:37,39.7,8
venus-602652,2026-09-03 21:03:17,0.15,8
venus-602653,2026-09-03 21:04:19,514.93,8
venus-602655,2026-09-03 21:06:58,4.82,1
venus-602656,2026-09-03 21:12:19,43.08,1
venus-602657,2026-09-03 21:13:44,41.27,1
venus-602658,2026-09-03 21:13:47,109.18,1
venus-602659,2026-09-03 21:13:50,2.83,1
venus-602660,2026-09-03 21:13:51,37.73,1
venus-602662,2026-09-03 21:16:05,17.75,1
venus-602666,2026-09-03 21:24:58,339.75,1
venus-602670,2026-09-03 21:28:12,404.67,8
venus-602671,2026-09-03 21:28:24,0.07,1
venus-602672,2026-09-03 21:31:08,8239.8,8
venus-602673,2026-09-03 21:31:10,1.03,1
venus-602675,2026-09-03 21:33:59,0.95,1
venus-602676,2026-09-03 21:34:03,1.02,1
venus-602677,2026-09-03 21:34:07,1.0,1
venus-602678,2026-09-03 21:34:18,0.9,1
venus-602679,2026-09-03 21:34:58,40.15,1
venus-602680,2026-09-03 21:35:08,112.42,1
venus-602681,2026-09-03 21:35:10,2.9,1
venus-602682,2026-09-03 21:35:14,35.58,1
venus-602683,2026-09-03 21:42:44,0.07,8
venus-602684,2026-09-03 21:43:46,0.07,8
venus-602685,2026-09-03 21:44:12,0.05,8
venus-602686,2026-09-03 21:46:20,63.33,1
venus-602687,2026-09-03 21:46:41,54.2,1
venus-602688,2026-09-03 21:47:18,0.05,8
venus-602689,2026-09-03 21:47:49,47.55,1
venus-602690,2026-09-03 21:48:37,14.23,1
venus-602691,2026-09-03 21:49:47,0.53,8
venus-602693,2026-09-03 21:50:11,36.25,1
venus-602695,2026-09-03 21:50:34,0.08,1
venus-602697,2026-09-03 21:50:56,0.18,1
venus-602699,2026-09-03 21:51:10,35.8,1
venus-602700,2026-09-03 21:51:33,9.33,1
venus-602703,2026-09-03 21:55:25,20.72,1
venus-602713,2026-09-03 22:04:50,755.58,8
venus-602714,2026-09-03 22:08:08,1.65,4
venus-602715,2026-09-03 22:08:20,2.13,6
venus-602716,2026-09-03 22:09:38,13.4,1
venus-602717,2026-09-03 22:10:01,138.12,8
venus-602718,2026-09-03 22:10:32,310.3,8
venus-602719,2026-09-03 22:16:09,41.43,1
venus-602721,2026-09-03 22:30:52,18.98,1
venus-602722,2026-09-03 22:41:06,33.47,1
venus-602723,2026-09-03 22:43:11,0.15,1
venus-602724,2026-09-03 22:43:48,17.13,1
venus-602729,2026-09-03 22:48:29,0.9,1
venus-602731,2026-09-03 22:50:01,148.85,1
venus-602732,2026-09-03 22:50:03,141.0,1
venus-602733,2026-09-03 22:50:46,68.13,1
venus-602734,2026-09-03 22:50:59,60.78,1
venus-602735,2026-09-03 22:51:07,3.62,1
venus-602736,2026-09-03 22:51:12,3.53,1
venus-602737,2026-09-03 22:56:15,2.82,4
venus-602740,2026-09-03 22:57:36,203.57,1
venus-602741,2026-09-03 22:59:21,43.95,7
venus-602743,2026-09-03 23:02:37,24.9,1
venus-602744,2026-09-03 23:03:16,52.67,1
venus-602745,2026-09-03 23:03:21,44.75,1
venus-602746,2026-09-03 23:03:39,1.1,1
venus-602747,2026-09-03 23:07:36,0.85,1
venus-602750,2026-09-03 23:13:30,0.95,1
venus-602751,2026-09-03 23:14:20,500.27,8
venus-602754,2026-09-03 23:17:49,0.17,1
venus-602755,2026-09-03 23:18:08,37.33,1
venus-602756,2026-09-03 23:19:01,0.87,1
venus-602757,2026-09-03 23:21:00,0.88,1
venus-602758,2026-09-03 23:23:21,0.17,1
venus-602759,2026-09-03 23:23:23,0.87,1
venus-602760,2026-09-03 23:23:57,0.4,1
venus-602762,2026-09-03 23:24:18,5.85,2
venus-602763,2026-09-03 23:25:32,0.87,1
venus-602768,2026-09-03 23:28:59,0.18,1
venus-602769,2026-09-03 23:29:42,0.13,1
venus-602770,2026-09-03 23:30:10,0.1,1
venus-602771,2026-09-03 23:30:40,44.63,8
venus-602772,2026-09-03 23:33:05,0.1,1
venus-602775,2026-09-03 23:33:43,2.55,1
venus-602776,2026-09-03 23:33:52,0.33,1
venus-602777,2026-09-03 23:35:17,1.52,1
venus-602778,2026-09-03 23:37:36,48.3,16
venus-602779,2026-09-03 23:37:55,1.1,2
venus-602780,2026-09-03 23:39:10,19.37,2
venus-602781,2026-09-03 23:41:56,3.02,1
venus-602782,2026-09-03 23:42:01,2.87,1
venus-602783,2026-09-03 23:42:41,23.85,16
venus-602784,2026-09-03 23:45:47,42.13,1
venus-602785,2026-09-03 23:46:21,99.55,7
venus-602786,2026-09-03 23:46:45,39.17,1
venus-602787,2026-09-03 23:47:41,18.88,16
venus-602788,2026-09-03 23:50:51,1.73,2
venus-602789,2026-09-03 23:52:46,34.88,1
venus-602790,2026-09-03 23:52:59,106.15,1
venus-602791,2026-09-03 23:53:46,2340.63,16
venus-602792,2026-09-03 23:56:09,1.67,2
venus-602793,2026-09-03 23:57:29,39.83,1
venus-602795,2026-09-03 23:58:59,0.83,2
venus-602796,2026-09-03 23:59:20,1021.72,2
venus-602797,2026-09-03 23:59:23,109.83,1
venus-602798,2026-09-04 00:00:09,1.53,2
venus-602799,2026-09-04 00:02:14,2.25,2
venus-602800,2026-09-04 00:06:02,0.05,4
venus-602801,2026-09-04 00:06:29,0.02,4
venus-602802,2026-09-04 00:07:02,10.65,4
venus-602804,2026-09-04 00:14:08,149.8,7
venus-602805,2026-09-04 00:15:28,0.05,8
venus-602806,2026-09-04 00:15:33,553.75,8
venus-602807,2026-09-04 00:35:58,16.75,1
venus-602810,2026-09-04 00:44:06,11.52,1
venus-602811,2026-09-04 00:44:53,10.62,1
venus-602812,2026-09-04 00:45:47,9.18,1
venus-602813,2026-09-04 00:45:59,2247.68,16
venus-602814,2026-09-04 00:57:51,7704.0,4
venus-602815,2026-09-04 01:00:35,4.9,1
venus-602816,2026-09-04 01:01:03,1.83,1
venus-602817,2026-09-04 01:01:23,3.4,1
venus-602819,2026-09-04 01:06:14,459.42,4
venus-602821,2026-09-04 01:33:54,179.53,8
venus-602822,2026-09-04 01:49:21,0.02,1
venus-602825,2026-09-04 01:53:46,3.53,1
venus-602826,2026-09-04 01:58:13,2.75,1
venus-602827,2026-09-04 02:01:15,8.65,1
venus-602828,2026-09-04 02:10:53,3.0,1
venus-602831,2026-09-04 02:12:16,0.02,3
venus-602834,2026-09-04 02:15:20,4.02,4
venus-602983,2026-09-04 02:21:59,0.03,4
venus-602991,2026-09-04 02:22:18,4.0,4
venus-603098,2026-09-04 02:26:52,0.02,4
venus-603117,2026-09-04 02:27:38,44.22,4
venus-603283,2026-09-04 02:37:46,17.37,1
venus-603552,2026-09-04 03:06:21,0.02,2
venus-603553,2026-09-04 03:06:45,1.68,1
venus-603554,2026-09-04 03:09:17,0.28,1
venus-603555,2026-09-04 03:09:50,2.82,1
venus-603556,2026-09-04 03:12:09,607.67,7
venus-603937,2026-09-04 03:47:10,832.82,1
venus-603938,2026-09-04 04:30:10,16.9,1
venus-603939,2026-09-04 05:43:32,1.25,8
venus-603940,2026-09-04 05:50:08,734.75,32
venus-603941,2026-09-04 06:27:08,16.35,1
venus-603942,2026-09-04 08:05:50,0.13,1
venus-603943,2026-09-04 08:06:09,0.18,1
venus-603944,2026-09-04 08:07:26,0.15,1
venus-603945,2026-09-04 08:16:58,2.17,1
venus-603946,2026-09-04 08:23:42,1.0,1
venus-603947,2026-09-04 08:37:44,0.1,1
venus-603948,2026-09-04 08:38:02,6.42,1
venus-603949,2026-09-04 08:40:28,38.3,8
venus-603950,2026-09-04 08:41:28,0.95,1
venus-603951,2026-09-04 08:44:17,2.23,1
venus-603952,2026-09-04 08:46:38,2032.45,4
venus-603953,2026-09-04 08:46:48,2.27,1
venus-603954,2026-09-04 08:50:26,2.32,1
venus-603955,2026-09-04 08:54:03,2.25,1
venus-603956,2026-09-04 08:56:55,2.25,1
venus-603957,2026-09-04 08:57:04,237.52,1
venus-603958,2026-09-04 09:00:21,2.28,1
venus-603959,2026-09-04 09:22:42,245.75,16
venus-603960,2026-09-04 09:22:54,4539.9,160
venus-603961,2026-09-04 09:22:54,1.02,136
venus-603962,2026-09-04 09:23:26,239.18,16
venus-603963,2026-09-04 09:24:00,0.08,144
venus-603964,2026-09-04 09:24:10,67.32,152
venus-603965,2026-09-04 09:25:21,240.17,16
venus-603966,2026-09-04 09:26:11,54.77,1
venus-603967,2026-09-04 09:31:13,9.43,1
venus-603970,2026-09-04 09:40:41,122.28,1
venus-603972,2026-09-04 09:47:51,16.65,1
venus-603980,2026-09-04 09:59:52,3.32,4
venus-603996,2026-09-04 10:03:12,1.85,4
venus-603997,2026-09-04 10:05:05,8.93,4
venus-603998,2026-09-04 10:05:31,0.18,8
venus-604003,2026-09-04 10:11:38,268.08,8
venus-604004,2026-09-04 10:14:03,4360.37,4
venus-604007,2026-09-04 10:16:54,5.98,1
venus-604010,2026-09-04 10:26:07,8.02,1
venus-604011,2026-09-04 10:34:09,10.38,1
venus-604013,2026-09-04 10:37:01,2359.15,8
venus-604015,2026-09-04 10:40:45,4445.02,8
venus-604017,2026-09-04 10:46:00,16.72,1
venus-604018,2026-09-04 10:49:18,0.02,1
venus-604019,2026-09-04 10:49:22,1716.4,8
venus-604020,2026-09-04 10:49:48,0.02,1
venus-604021,2026-09-04 11:02:44,137.22,1
venus-604022,2026-09-04 11:06:36,2.85,16
venus-604024,2026-09-04 11:22:44,1.15,1
venus-604025,2026-09-04 11:32:32,1.27,1
venus-604026,2026-09-04 11:37:24,13.5,1
venus-604027,2026-09-04 11:40:07,20.62,4
venus-604029,2026-09-04 11:42:23,1.1,8
venus-604030,2026-09-04 11:42:59,24.42,1
venus-604031,2026-09-04 11:43:16,9.43,8
venus-604032,2026-09-04 11:44:56,0.1,8
venus-604036,2026-09-04 11:46:21,37.73,2
venus-604037,2026-09-04 11:50:24,0.08,8
venus-604038,2026-09-04 11:50:43,0.05,8
venus-604039,2026-09-04 11:50:55,0.12,8
venus-604040,2026-09-04 11:51:12,0.08,8
venus-604042,2026-09-04 11:51:50,0.12,8
venus-604043,2026-09-04 11:54:50,0.32,8
venus-604044,2026-09-04 11:55:17,2.05,1
venus-604045,2026-09-04 11:55:45,0.2,8
venus-604046,2026-09-04 11:55:55,0.23,8
venus-604047,2026-09-04 11:56:07,0.03,1
venus-604048,2026-09-04 11:56:50,0.18,8
venus-604049,2026-09-04 11:57:43,4548.53,8
venus-604050,2026-09-04 11:57:44,0.35,8
venus-604051,2026-09-04 11:59:07,496.1,8
venus-604052,2026-09-04 12:01:13,1769.47,8
venus-604053,2026-09-04 12:01:48,0.15,1
venus-604054,2026-09-04 12:01:54,3.18,4
venus-604055,2026-09-04 12:03:41,0.23,8
venus-604056,2026-09-04 12:03:47,0.15,1
venus-604057,2026-09-04 12:04:09,0.38,1
venus-604058,2026-09-04 12:04:55,4555.57,8
venus-604059,2026-09-04 12:06:37,0.38,1
venus-604060,2026-09-04 12:07:20,0.23,8
venus-604061,2026-09-04 12:07:30,9.53,4
venus-604062,2026-09-04 12:07:57,67.55,1
venus-604063,2026-09-04 12:08:14,0.23,8
venus-604064,2026-09-04 12:08:40,0.23,8
venus-604065,2026-09-04 12:09:38,0.22,8
venus-604066,2026-09-04 12:09:57,1.75,1
venus-604067,2026-09-04 12:10:25,0.23,8
venus-604068,2026-09-04 12:11:58,0.23,8
venus-604069,2026-09-04 12:13:10,4547.95,8
venus-604072,2026-09-04 12:17:26,32.8,4
venus-604073,2026-09-04 12:24:15,9.75,2
venus-604074,2026-09-04 12:25:00,1.3,1
venus-604075,2026-09-04 12:26:53,29.07,8
venus-604076,2026-09-04 12:27:06,48.43,1
venus-604077,2026-09-04 12:34:10,0.02,2
venus-604078,2026-09-04 12:34:12,12.17,2
venus-604080,2026-09-04 12:46:07,2.67,8
venus-604081,2026-09-04 12:46:32,79.15,2
venus-604082,2026-09-04 12:49:26,2.48,8
venus-604083,2026-09-04 12:54:01,26.23,1
venus-604084,2026-09-04 12:56:07,98.73,16
venus-604085,2026-09-04 12:56:16,2.45,8
venus-604086,2026-09-04 12:59:10,3.02,8
venus-604087,2026-09-04 13:11:59,11.12,1
venus-604088,2026-09-04 13:13:59,13.38,8
venus-604090,2026-09-04 13:18:21,243.58,16
venus-604091,2026-09-04 13:21:56,2.08,8
venus-604092,2026-09-04 13:22:36,63.77,1
venus-604093,2026-09-04 13:23:09,3.05,1
venus-604094,2026-09-04 13:23:28,5909.83,2
venus-604095,2026-09-04 13:26:22,7.65,1
venus-604096,2026-09-04 13:33:22,0.07,4
venus-604097,2026-09-04 13:33:40,3.47,4
venus-604098,2026-09-04 13:34:02,7.3,1
venus-604100,2026-09-04 13:35:00,11.15,1
venus-604101,2026-09-04 13:38:02,34.65,4
venus-604104,2026-09-04 13:41:21,6.73,1
venus-604105,2026-09-04 13:45:02,20.6,8
venus-604106,2026-09-04 13:48:33,5.75,1
venus-604109,2026-09-04 13:53:49,0.03,1
venus-604110,2026-09-04 13:54:18,2.67,1
venus-604111,2026-09-04 13:55:26,0.07,1
venus-604112,2026-09-04 13:55:42,224.28,1
venus-604113,2026-09-04 13:56:59,164.73,1
venus-604114,2026-09-04 14:01:47,10.55,1
venus-604116,2026-09-04 14:04:11,1.62,1
venus-604119,2026-09-04 14:13:40,35.35,1
venus-604123,2026-09-04 14:26:30,7.15,1
venus-604124,2026-09-04 14:27:56,8.68,1
venus-604125,2026-09-04 14:28:07,8.33,1
venus-604126,2026-09-04 14:28:38,9.73,1
venus-604127,2026-09-04 14:28:43,11.17,1
venus-604128,2026-09-04 14:28:50,7.25,1
venus-604129,2026-09-04 14:28:54,7.9,1
venus-604130,2026-09-04 14:30:52,7.43,1
venus-604131,2026-09-04 14:32:11,224.57,1
venus-604132,2026-09-04 14:32:28,214.33,1
venus-604133,2026-09-04 14:32:55,0.05,1
venus-604134,2026-09-04 14:34:07,0.05,1
venus-604135,2026-09-04 14:34:47,19.52,1
venus-604136,2026-09-04 14:34:49,19.37,1
venus-604137,2026-09-04 14:35:36,1153.03,16
venus-604138,2026-09-04 14:38:01,16.77,1
venus-604139,2026-09-04 14:38:29,0.03,1
venus-604141,2026-09-04 14:39:40,0.22,8
venus-604142,2026-09-04 14:39:51,17.02,1
venus-604143,2026-09-04 14:40:08,0.05,1
venus-604144,2026-09-04 14:40:40,0.23,8
venus-604145,2026-09-04 14:42:09,3.78,8
venus-604146,2026-09-04 14:45:08,5.05,8
venus-604147,2026-09-04 14:45:32,1.9,1
venus-604150,2026-09-04 14:46:07,0.03,1
venus-604151,2026-09-04 14:46:08,89.78,16
venus-604153,2026-09-04 14:46:58,0.03,1
venus-604154,2026-09-04 14:48:19,4550.4,8
venus-604155,2026-09-04 14:50:28,54.48,8
venus-604157,2026-09-04 14:54:18,16.57,1
venus-604158,2026-09-04 14:54:48,16.63,1
venus-604159,2026-09-04 14:56:29,138.87,8
venus-604160,2026-09-04 14:56:53,17.92,1
venus-604161,2026-09-04 14:57:11,375.12,8
venus-604162,2026-09-04 14:57:34,11.43,1
venus-604163,2026-09-04 15:00:51,4.08,2
venus-604164,2026-09-04 15:02:33,230.1,1
venus-604165,2026-09-04 15:09:08,5796.15,2
venus-604166,2026-09-04 15:09:11,1035.77,8
venus-604167,2026-09-04 15:11:26,18.35,1
venus-604168,2026-09-04 15:14:48,17.87,1
venus-604169,2026-09-04 15:16:46,20.15,2
venus-604170,2026-09-04 15:19:12,18.9,1
venus-604171,2026-09-04 15:21:02,0.07,4
venus-604172,2026-09-04 15:21:15,0.12,4
venus-604173,2026-09-04 15:22:24,28.37,4
venus-604174,2026-09-04 15:29:47,15.98,1
venus-604175,2026-09-04 15:30:44,0.03,1
venus-604176,2026-09-04 15:32:40,13.22,1
venus-604177,2026-09-04 15:38:46,6859.98,2
venus-604178,2026-09-04 15:39:38,3.08,32
venus-604179,2026-09-04 15:43:48,2.78,32
venus-604180,2026-09-04 15:45:56,17.72,1
venus-604181,2026-09-04 15:46:00,17.65,1
venus-604182,2026-09-04 15:46:35,305.92,32
venus-604183,2026-09-04 15:46:44,2.25,32
venus-604184,2026-09-04 15:48:21,7.7,8
venus-604185,2026-09-04 15:48:24,0.68,2
venus-604186,2026-09-04 15:50:31,0.18,32
venus-604187,2026-09-04 15:50:42,11322.27,2
venus-604188,2026-09-04 15:50:54,4.63,16
venus-604189,2026-09-04 15:51:08,4.62,16
venus-604190,2026-09-04 15:55:53,1538.42,16
venus-604191,2026-09-04 15:55:53,3238.43,16
venus-604192,2026-09-04 15:56:23,1340.42,8
venus-604193,2026-09-04 16:00:11,5.9,1
venus-604194,2026-09-04 16:03:39,19.47,1
venus-604195,2026-09-04 16:03:39,18.0,1
venus-604196,2026-09-04 16:07:32,1.73,1
venus-604197,2026-09-04 16:11:27,1.8,1
venus-604198,2026-09-04 16:12:41,0.25,4
venus-604199,2026-09-04 16:13:59,7.15,4
venus-604200,2026-09-04 16:16:02,12.08,16
venus-604201,2026-09-04 16:16:03,197.22,1
venus-604202,2026-09-04 16:19:18,1.78,1
venus-604203,2026-09-04 16:21:03,0.68,4
venus-604204,2026-09-04 16:21:39,18.92,1
venus-604205,2026-09-04 16:22:20,1.57,1
venus-604207,2026-09-04 16:23:07,19.2,1
venus-604208,2026-09-04 16:23:21,7.97,8
venus-604209,2026-09-04 16:24:31,6.67,1
venus-604210,2026-09-04 16:25:07,0.9,4
venus-604211,2026-09-04 16:28:23,133.65,16
venus-604212,2026-09-04 16:30:27,4.6,1
venus-604213,2026-09-04 16:31:15,0.67,4
venus-604214,2026-09-04 16:31:37,271.18,1
venus-604216,2026-09-04 16:33:44,0.52,2
venus-604217,2026-09-04 16:35:09,0.07,1
venus-604219,2026-09-04 16:37:05,3.37,2
venus-604220,2026-09-04 16:37:09,15449.18,2
venus-604221,2026-09-04 16:38:58,0.05,1
venus-604222,2026-09-04 16:40:18,1199.52,8
venus-604223,2026-09-04 16:40:34,18.68,1
venus-604224,2026-09-04 16:40:40,10.8,1
venus-604225,2026-09-04 16:41:08,1801.62,8
venus-604226,2026-09-04 16:42:20,18.4,1
venus-604227,2026-09-04 16:42:58,14.42,1
venus-604228,2026-09-04 16:43:11,1.12,8
venus-604229,2026-09-04 16:44:24,4024.05,1
venus-604230,2026-09-04 16:46:45,0.45,8
venus-604231,2026-09-04 16:50:15,6.0,1
venus-604232,2026-09-04 16:52:19,5618.87,2
venus-604234,2026-09-04 16:56:05,0.05,1
venus-604235,2026-09-04 16:56:29,146.3,1
venus-604236,2026-09-04 16:57:24,2.88,1
venus-604237,2026-09-04 16:57:43,145.12,1
venus-604238,2026-09-04 16:59:15,17.13,1
venus-604239,2026-09-04 17:00:17,4.5,1
venus-604240,2026-09-04 17:00:44,16.65,1
venus-604242,2026-09-04 17:04:37,0.07,1
venus-604243,2026-09-04 17:04:55,0.18,1
venus-604244,2026-09-04 17:05:08,5.45,1
venus-604245,2026-09-04 17:07:42,0.02,8
venus-604246,2026-09-04 17:08:00,1.72,8
venus-604247,2026-09-04 17:10:49,5.73,8
venus-604248,2026-09-04 17:10:52,117.08,8
venus-604249,2026-09-04 17:11:13,3.95,1
venus-604251,2026-09-04 17:14:32,0.27,1
venus-604252,2026-09-04 17:15:30,2.22,1
venus-604253,2026-09-04 17:16:23,17.1,1
venus-604254,2026-09-04 17:17:23,16.4,1
venus-604256,2026-09-04 17:18:50,10.07,8
venus-604257,2026-09-04 17:19:04,3.28,1
venus-604258,2026-09-04 17:20:00,0.77,1
venus-604259,2026-09-04 17:22:55,1.35,1
venus-604260,2026-09-04 17:23:08,16.68,1
venus-604261,2026-09-04 17:24:27,0.1,1
venus-604262,2026-09-04 17:24:34,1.62,1
venus-604263,2026-09-04 17:25:00,0.12,1
venus-604264,2026-09-04 17:25:18,0.1,1
venus-604265,2026-09-04 17:25:21,4.88,8
venus-604267,2026-09-04 17:25:39,0.38,1
venus-604268,2026-09-04 17:25:45,306.2,8
venus-604269,2026-09-04 17:27:14,6.0,1
venus-604270,2026-09-04 17:29:45,1355.08,4
venus-604271,2026-09-04 17:30:03,1.63,8
venus-604272,2026-09-04 17:32:47,0.88,8
venus-604273,2026-09-04 17:33:14,2.15,1
venus-604274,2026-09-04 17:33:30,17.38,1
venus-604275,2026-09-04 17:33:47,18.63,1
venus-604277,2026-09-04 17:34:59,2.8,8
venus-604278,2026-09-04 17:35:23,1.87,1
venus-604283,2026-09-04 17:37:40,3.05,1
venus-604284,2026-09-04 17:39:09,6.45,16
venus-604285,2026-09-04 17:39:10,15.28,16
venus-604287,2026-09-04 17:40:00,15472.62,1
venus-604289,2026-09-04 17:40:35,2.6,8
venus-604290,2026-09-04 17:40:44,1.52,1
venus-604291,2026-09-04 17:42:53,1.43,1
venus-604292,2026-09-04 17:43:18,0.58,8
venus-604293,2026-09-04 17:43:24,2.45,8
venus-604294,2026-09-04 17:45:19,10.32,1
venus-604295,2026-09-04 17:45:24,4.63,8
venus-604296,2026-09-04 17:45:30,0.02,16
venus-604297,2026-09-04 17:46:06,0.02,16
venus-604298,2026-09-04 17:46:11,0.02,16
venus-604299,2026-09-04 17:47:48,12.83,16
venus-604300,2026-09-04 17:48:29,4.7,8
venus-604301,2026-09-04 17:49:24,0.48,1
venus-604302,2026-09-04 17:50:53,17.07,1
venus-604303,2026-09-04 17:50:58,0.07,4
venus-604304,2026-09-04 17:51:04,0.07,1
venus-604305,2026-09-04 17:51:30,2.3,4
venus-604306,2026-09-04 17:52:10,7110.37,8
venus-604307,2026-09-04 17:52:25,16.42,1
venus-604308,2026-09-04 17:53:29,7.48,8
venus-604309,2026-09-04 17:54:13,16.43,16
venus-604310,2026-09-04 17:54:52,1.92,4
venus-604311,2026-09-04 17:55:38,4.07,1
venus-604313,2026-09-04 17:57:25,1.25,4
venus-604314,2026-09-04 17:58:59,0.77,1
venus-604315,2026-09-04 17:59:08,17.77,4
venus-604316,2026-09-04 17:59:43,39.53,1
venus-604317,2026-09-04 18:02:39,2.85,8
venus-604318,2026-09-04 18:05:22,136.88,16
venus-604319,2026-09-04 18:05:41,2.15,8
venus-604320,2026-09-04 18:07:21,75.0,16
venus-604321,2026-09-04 18:07:23,116.38,16
venus-604322,2026-09-04 18:07:57,16.47,1
venus-604323,2026-09-04 18:08:51,16.02,1
venus-604324,2026-09-04 18:14:24,117.5,8
venus-604325,2026-09-04 18:24:25,14.67,1
venus-604326,2026-09-04 18:24:52,14.07,1
venus-604327,2026-09-04 18:39:17,3.2,1
venus-604328,2026-09-04 18:40:46,16.6,1
venus-604329,2026-09-04 18:41:09,16.22,1
venus-604330,2026-09-04 18:41:12,0.25,1
venus-604331,2026-09-04 18:42:28,0.27,1
venus-604332,2026-09-04 18:44:45,10.47,1
venus-604333,2026-09-04 18:46:06,2.5,16
venus-604334,2026-09-04 18:49:15,2.43,16
venus-604336,2026-09-04 18:53:49,2.45,16
venus-604337,2026-09-04 18:57:19,2.43,16
venus-604339,2026-09-04 19:02:14,4.05,1
venus-604340,2026-09-04 19:02:44,1.73,8
venus-604342,2026-09-04 19:06:27,2.0,8
venus-604343,2026-09-04 19:07:03,4.33,1
venus-604344,2026-09-04 19:07:22,6.77,1
venus-604345,2026-09-04 19:08:48,2.57,8
venus-604346,2026-09-04 19:11:25,17.33,1
venus-604347,2026-09-04 19:13:02,6.57,8
venus-604348,2026-09-04 19:14:55,216.97,1
venus-604349,2026-09-04 19:16:15,214.77,1
venus-604352,2026-09-04 19:18:31,2.45,16
venus-604353,2026-09-04 19:21:48,16.2,16
venus-604354,2026-09-04 19:23:43,31.5,8
venus-604355,2026-09-04 19:24:34,15.73,16
venus-604356,2026-09-04 19:30:01,11.22,1
venus-604357,2026-09-04 19:35:20,3.6,1
venus-604358,2026-09-04 19:39:04,1.52,1
venus-604359,2026-09-04 19:40:31,4237.63,16
venus-604360,2026-09-04 19:41:00,2.08,1
venus-604361,2026-09-04 19:41:32,21.6,16
venus-604362,2026-09-04 19:43:09,30.88,16
venus-604363,2026-09-04 19:43:32,1.72,1
venus-604365,2026-09-04 19:45:50,17.78,4
venus-604366,2026-09-04 19:49:33,7.0,1
venus-604367,2026-09-04 19:56:00,2.72,8
venus-604368,2026-09-04 20:03:25,252.6,16
venus-604369,2026-09-04 20:03:27,2.65,8
venus-604370,2026-09-04 20:03:52,251.07,16
venus-604371,2026-09-04 20:04:52,16.87,1
venus-604372,2026-09-04 20:06:26,10.0,1
venus-604373,2026-09-04 20:07:03,19.95,8
venus-604374,2026-09-04 20:07:23,15.45,1
venus-604375,2026-09-04 20:07:23,15.45,1
venus-604377,2026-09-04 20:16:47,302.62,1
venus-604378,2026-09-04 20:19:28,302.52,1
venus-604379,2026-09-04 20:22:01,3808.4,1
venus-604380,2026-09-04 20:22:26,9.75,1
venus-604381,2026-09-04 20:22:39,4997.17,32
venus-604382,2026-09-04 20:23:22,420.03,16
venus-604383,2026-09-04 20:27:01,266.37,16
venus-604384,2026-09-04 20:27:04,2.63,8
venus-604385,2026-09-04 20:30:00,17.07,8
venus-604386,2026-09-04 20:36:00,5.0,1
venus-604387,2026-09-04 20:37:21,17.62,4
venus-604388,2026-09-04 20:38:24,38.05,1
venus-604389,2026-09-04 20:47:09,2.92,8
venus-604390,2026-09-04 20:47:26,2.22,1
venus-604391,2026-09-04 20:52:30,1.47,4
venus-604392,2026-09-04 20:54:00,2.82,32
venus-604393,2026-09-04 20:54:59,39.1,1
venus-604394,2026-09-04 20:56:50,0.93,32
venus-604395,2026-09-04 20:57:21,2.82,8
venus-604396,2026-09-04 20:57:46,1.25,4
venus-604397,2026-09-04 20:59:03,2.68,32
venus-604398,2026-09-04 21:00:14,79.13,8
venus-604399,2026-09-04 21:01:44,2.75,32
venus-604400,2026-09-04 21:02:40,0.07,4
venus-604401,2026-09-04 21:03:00,17.52,4
venus-604402,2026-09-04 21:04:31,298.37,32
venus-604403,2026-09-04 21:05:18,64.08,1
venus-604404,2026-09-04 21:10:43,7.63,1
venus-604405,2026-09-04 21:18:22,7.97,1
venus-604406,2026-09-04 21:26:25,6.7,1
venus-604407,2026-09-04 21:33:14,2.72,1
venus-604408,2026-09-04 21:35:58,1.55,1
venus-604409,2026-09-04 21:37:39,75.1,1
venus-604410,2026-09-04 21:46:47,17.52,1
venus-604411,2026-09-04 22:08:07,16.72,1
venus-604412,2026-09-04 22:08:14,16.72,1
venus-604413,2026-09-04 22:09:33,3.52,1
venus-604414,2026-09-04 22:17:04,3.5,1
venus-604415,2026-09-04 22:21:49,14.15,1
venus-604416,2026-09-04 22:36:49,4752.4,1
venus-604417,2026-09-04 22:49:19,18.33,1
venus-604418,2026-09-04 22:52:01,4.73,8
venus-604419,2026-09-04 22:52:46,7.37,1
venus-604420,2026-09-04 22:56:02,2.92,8
venus-604421,2026-09-04 22:57:13,0.07,8
venus-604422,2026-09-04 22:57:21,1381.4,8
venus-604423,2026-09-04 23:00:23,18.1,1
venus-604424,2026-09-04 23:02:49,0.02,8
venus-604425,2026-09-04 23:02:54,807.08,8
venus-604426,2026-09-04 23:07:52,0.17,8
venus-604427,2026-09-04 23:11:20,0.13,8
venus-604428,2026-09-04 23:11:30,2.78,8
venus-604429,2026-09-04 23:14:50,2.78,8
venus-604430,2026-09-04 23:17:51,2.78,8
venus-604431,2026-09-04 23:18:51,16.62,1
venus-604432,2026-09-04 23:22:41,13.23,8
venus-604434,2026-09-04 23:24:31,0.08,1
venus-604435,2026-09-04 23:24:39,2.72,8
venus-604436,2026-09-04 23:27:36,8.15,1
venus-604437,2026-09-04 23:35:39,15.98,1
venus-604438,2026-09-04 23:35:53,1299.67,8
venus-604439,2026-09-04 23:40:28,0.13,8
venus-604440,2026-09-04 23:40:47,0.1,8
venus-604441,2026-09-04 23:41:30,74.83,8
venus-604442,2026-09-04 23:42:57,65.85,8
venus-604443,2026-09-04 23:43:09,5.82,8
venus-604444,2026-09-04 23:44:16,0.13,8
venus-604445,2026-09-04 23:44:28,321.0,8
venus-604446,2026-09-04 23:49:01,3.67,8
venus-604447,2026-09-04 23:52:16,27.0,1
venus-604448,2026-09-04 23:52:41,17.32,1
venus-604449,2026-09-04 23:52:44,3.42,8
venus-604450,2026-09-04 23:56:12,7.42,8
venus-604451,2026-09-04 23:58:28,13.8,1
venus-604452,2026-09-05 00:03:41,3.85,8
venus-604453,2026-09-05 00:08:24,8.85,8
venus-604454,2026-09-05 00:12:28,227.93,1
venus-604455,2026-09-05 00:14:56,243.38,16
venus-604456,2026-09-05 00:16:02,242.25,16
venus-604457,2026-09-05 00:17:55,6.58,8
venus-604458,2026-09-05 00:19:37,223.75,1
venus-604459,2026-09-05 00:23:20,0.25,16
venus-604460,2026-09-05 00:23:24,0.25,16
venus-604461,2026-09-05 00:23:29,0.23,16
venus-604462,2026-09-05 00:24:32,4.12,8
venus-604463,2026-09-05 00:29:54,3.22,8
venus-604464,2026-09-05 00:33:09,9.9,8
venus-604465,2026-09-05 00:43:58,9.48,8
venus-604466,2026-09-05 00:55:01,17.42,1
venus-604467,2026-09-05 00:55:42,89.87,8
venus-604468,2026-09-05 00:55:44,0.18,8
venus-604469,2026-09-05 00:56:18,41.43,8
venus-604470,2026-09-05 00:57:28,89.15,8
venus-604471,2026-09-05 00:58:43,43.42,8
venus-604472,2026-09-05 00:59:25,2.78,8
venus-604473,2026-09-05 01:02:30,12.25,8
venus-604474,2026-09-05 01:15:47,5.13,8
venus-604475,2026-09-05 01:20:56,4.75,8
venus-604476,2026-09-05 01:25:43,2.07,8
venus-604477,2026-09-05 01:28:00,11.37,8
venus-604478,2026-09-05 01:40:00,133.9,8
venus-604479,2026-09-05 01:57:29,17.12,1
venus-604480,2026-09-05 02:02:53,92.42,8
venus-604481,2026-09-05 03:04:38,17.23,1
venus-604482,2026-09-05 03:35:21,34.58,32
venus-604483,2026-09-05 04:06:53,17.13,1
venus-604484,2026-09-05 04:09:56,3.03,32
venus-604485,2026-09-05 04:12:58,26.25,32
venus-604486,2026-09-05 04:18:17,239.12,16
venus-604487,2026-09-05 04:18:19,238.25,16
venus-604488,2026-09-05 04:39:13,10.57,8
venus-604489,2026-09-05 05:09:04,17.67,1
venus-604491,2026-09-05 06:06:46,17.35,1
venus-604492,2026-09-05 06:13:40,0.02,1
venus-604493,2026-09-05 06:14:43,5.1,1
venus-604494,2026-09-05 06:19:51,3.3,1
venus-604495,2026-09-05 06:24:19,3.47,1
venus-604496,2026-09-05 06:27:48,3.23,1
venus-604497,2026-09-05 06:32:05,3.12,1
venus-604498,2026-09-05 06:38:51,2.78,1
venus-604499,2026-09-05 06:43:29,7.83,8
venus-604505,2026-09-05 06:52:50,0.88,8
venus-604548,2026-09-05 06:54:55,1.17,8
venus-604616,2026-09-05 06:57:48,42.33,8
venus-604725,2026-09-05 07:09:08,17.5,1
venus-604726,2026-09-05 07:10:49,1232.32,32
venus-604732,2026-09-05 07:40:34,337.5,8
venus-604743,2026-09-05 08:11:40,17.08,1
venus-604744,2026-09-05 08:16:34,242.53,16
venus-604745,2026-09-05 08:17:26,240.85,16
venus-604746,2026-09-05 08:28:49,25.63,1
venus-604747,2026-09-05 08:32:35,26.0,8
venus-604748,2026-09-05 08:42:17,308.95,8
venus-604749,2026-09-05 08:51:05,2999.68,32
venus-604750,2026-09-05 08:54:28,1.47,1
venus-604751,2026-09-05 08:55:56,6.55,1
venus-604752,2026-09-05 08:57:10,0.42,16
venus-604753,2026-09-05 08:58:46,18.52,8
venus-604754,2026-09-05 08:59:24,0.28,16
venus-604755,2026-09-05 09:02:29,24.58,1
venus-604756,2026-09-05 09:03:22,12.7,1
venus-604757,2026-09-05 09:13:46,17.05,1
venus-604758,2026-09-05 09:17:13,0.23,16
venus-604759,2026-09-05 09:17:34,0.87,8
venus-604760,2026-09-05 09:17:35,6.28,8
venus-604761,2026-09-05 09:19:06,91.25,8
venus-604762,2026-09-05 09:23:58,0.28,16
venus-604763,2026-09-05 09:24:40,0.27,8
venus-604764,2026-09-05 09:25:10,2.58,8
venus-604765,2026-09-05 09:25:57,0.23,8
venus-604766,2026-09-05 09:27:18,24.75,1
venus-604767,2026-09-05 09:27:28,0.27,8
venus-604768,2026-09-05 09:28:24,0.92,8
venus-604769,2026-09-05 09:29:36,5.95,8
venus-604770,2026-09-05 09:32:52,91.27,8
venus-604771,2026-09-05 09:33:05,91.47,8
venus-604772,2026-09-05 09:35:45,3.92,8
venus-604773,2026-09-05 09:40:13,7.95,8
venus-604774,2026-09-05 09:49:43,6.72,8
venus-604775,2026-09-05 09:53:37,241.68,1
venus-604776,2026-09-05 09:56:14,2804.37,16
venus-604777,2026-09-05 10:15:50,16.78,1
venus-604779,2026-09-05 10:29:52,0.22,8
venus-604780,2026-09-05 10:33:19,0.22,8
venus-604781,2026-09-05 10:34:37,0.18,8
venus-604782,2026-09-05 10:36:34,0.22,8
venus-604783,2026-09-05 10:45:27,0.12,8
venus-604784,2026-09-05 10:45:50,0.2,8
venus-604785,2026-09-05 10:46:34,0.2,8
venus-604786,2026-09-05 10:49:18,0.2,8
venus-604787,2026-09-05 11:05:34,0.23,8
venus-604788,2026-09-05 11:06:42,0.2,8
venus-604789,2026-09-05 11:09:21,0.2,8
venus-604790,2026-09-05 11:09:58,0.2,8
venus-604791,2026-09-05 11:10:23,0.27,8
venus-604792,2026-09-05 11:11:39,0.23,8
venus-604793,2026-09-05 11:11:43,91.5,8
venus-604794,2026-09-05 11:12:41,91.25,8
venus-604795,2026-09-05 11:14:11,0.2,8
venus-604796,2026-09-05 11:14:53,0.18,8
venus-604797,2026-09-05 11:16:12,2914.08,1
venus-604798,2026-09-05 11:17:38,16.73,1
venus-604799,2026-09-05 11:41:14,0.13,8
venus-604800,2026-09-05 11:42:04,0.18,8
venus-604801,2026-09-05 11:42:38,0.18,8
venus-604802,2026-09-05 11:47:28,0.22,8
venus-604803,2026-09-05 11:48:08,0.18,8
venus-604804,2026-09-05 11:49:39,3338.9,8
venus-604806,2026-09-05 11:51:33,0.57,8
venus-604807,2026-09-05 11:52:23,0.38,8
venus-604808,2026-09-05 11:52:55,0.2,8
venus-604809,2026-09-05 11:53:37,0.2,8
venus-604810,2026-09-05 11:55:01,3351.38,8
venus-604811,2026-09-05 12:00:55,0.12,8
venus-604812,2026-09-05 12:01:40,0.1,8
venus-604813,2026-09-05 12:01:56,0.1,8
venus-604814,2026-09-05 12:02:19,0.2,8
venus-604815,2026-09-05 12:02:56,0.2,8
venus-604816,2026-09-05 12:04:54,3354.53,8
venus-604817,2026-09-05 12:10:15,0.23,8
venus-604818,2026-09-05 12:10:49,0.23,8
venus-604819,2026-09-05 12:11:34,0.13,8
venus-604820,2026-09-05 12:11:56,0.22,8
venus-604821,2026-09-05 12:13:45,3353.4,8
venus-604822,2026-09-05 12:18:18,242.65,16
venus-604823,2026-09-05 12:19:11,243.18,16
venus-604824,2026-09-05 12:19:23,16.7,1
venus-604825,2026-09-05 12:29:19,91.78,8
venus-604826,2026-09-05 12:53:06,91.4,8
venus-604827,2026-09-05 13:08:42,0.17,8
venus-604828,2026-09-05 13:09:17,43.92,8
venus-604829,2026-09-05 13:18:18,41.77,8
venus-604830,2026-09-05 13:23:19,189.02,1
venus-604831,2026-09-05 13:23:27,0.23,8
venus-604832,2026-09-05 13:23:29,0.17,8
venus-604833,2026-09-05 13:23:31,0.22,8
venus-604834,2026-09-05 13:24:39,0.2,8
venus-604835,2026-09-05 13:24:42,0.22,8
venus-604836,2026-09-05 13:24:45,0.23,8
venus-604837,2026-09-05 13:25:46,531.57,1
venus-604838,2026-09-05 13:27:16,0.23,8
venus-604839,2026-09-05 13:28:31,221.83,1
venus-604840,2026-09-05 13:29:59,435.08,1
venus-604841,2026-09-05 13:31:48,6261.02,1
venus-604842,2026-09-05 13:34:47,0.22,8
venus-604843,2026-09-05 13:35:33,558.62,1
venus-604844,2026-09-05 13:36:06,0.25,8
venus-604845,2026-09-05 13:37:51,0.08,1
venus-604846,2026-09-05 13:37:59,0.17,8
venus-604847,2026-09-05 13:39:16,4117.88,1
venus-604848,2026-09-05 13:41:17,990.53,1
venus-604850,2026-09-05 13:45:53,0.22,8
venus-604852,2026-09-05 13:51:16,2.0,1
venus-604853,2026-09-05 13:54:01,0.5,1
venus-604854,2026-09-05 13:55:20,3.8,1
venus-604855,2026-09-05 13:57:00,0.22,8
venus-604856,2026-09-05 13:59:45,0.02,8
venus-604857,2026-09-05 14:00:21,132.97,8
venus-604858,2026-09-05 14:02:35,0.37,8
venus-604860,2026-09-05 14:07:14,78.77,8
venus-604861,2026-09-05 14:07:56,18.75,1
venus-604864,2026-09-05 14:09:51,2.93,8
venus-604865,2026-09-05 14:14:01,91.7,8
venus-604866,2026-09-05 14:14:45,1.6,8
venus-604869,2026-09-05 14:19:06,8.25,8
venus-604870,2026-09-05 14:19:08,8.18,8
venus-604871,2026-09-05 14:19:10,0.32,8
venus-604872,2026-09-05 14:19:46,0.35,8
venus-604873,2026-09-05 14:21:02,0.37,8
venus-604874,2026-09-05 14:21:30,5.8,8
venus-604875,2026-09-05 14:27:30,93.17,8
venus-604876,2026-09-05 14:27:32,93.17,8
venus-604877,2026-09-05 14:27:34,78.5,8
venus-604884,2026-09-05 14:40:11,17.65,4
venus-604894,2026-09-05 15:18:36,3.72,8
venus-604895,2026-09-05 15:24:00,4.63,8
venus-604896,2026-09-05 15:27:24,216.03,8
venus-604897,2026-09-05 15:27:38,33.45,7
venus-604899,2026-09-05 15:43:34,3.98,1
venus-604900,2026-09-05 15:45:27,17.88,1
venus-604901,2026-09-05 16:00:15,0.5,8
venus-604902,2026-09-05 16:01:02,90.5,7
venus-604903,2026-09-05 16:03:20,16.85,1
venus-604904,2026-09-05 16:04:52,0.15,8
venus-604905,2026-09-05 16:05:21,44.83,8
venus-604906,2026-09-05 16:05:53,2.67,1
venus-604907,2026-09-05 16:16:46,3.75,1
venus-604908,2026-09-05 16:25:11,17.12,1
venus-604909,2026-09-05 16:27:30,3.98,1
venus-604910,2026-09-05 16:33:55,5.27,8
venus-604911,2026-09-05 16:34:54,4.0,8
venus-604912,2026-09-05 16:39:45,1497.95,8
venus-604913,2026-09-05 16:39:58,7.25,8
venus-604914,2026-09-05 16:42:24,252.68,8
venus-604915,2026-09-05 16:42:26,255.78,8
venus-604916,2026-09-05 16:42:27,251.52,8
venus-604917,2026-09-05 16:43:19,0.82,4
venus-604918,2026-09-05 16:45:14,6164.38,4
venus-604928,2026-09-05 16:55:07,3.83,1
venus-604929,2026-09-05 16:57:21,8.47,8
venus-604930,2026-09-05 16:58:53,1.65,4
venus-604931,2026-09-05 17:00:34,1.13,4
venus-604932,2026-09-05 17:01:58,0.77,5
venus-604933,2026-09-05 17:02:58,0.42,5
venus-604934,2026-09-05 17:04:19,1.57,5
venus-604935,2026-09-05 17:05:19,233.97,1
venus-604936,2026-09-05 17:06:10,1.35,5
venus-604937,2026-09-05 17:07:11,5.9,8
venus-604938,2026-09-05 17:07:41,1.47,5
venus-604939,2026-09-05 17:08:43,3.07,1
venus-604940,2026-09-05 17:09:03,0.28,5
venus-604941,2026-09-05 17:09:15,3.87,1
venus-604942,2026-09-05 17:09:56,0.65,4
venus-604943,2026-09-05 17:10:48,1.17,3
venus-604944,2026-09-05 17:12:12,4.88,5
venus-604945,2026-09-05 17:13:10,2.95,1
venus-604946,2026-09-05 17:16:10,3.95,1
venus-604947,2026-09-05 17:17:32,1.57,4
venus-604948,2026-09-05 17:19:08,3.0,1
venus-604949,2026-09-05 17:20:13,0.07,4
venus-604950,2026-09-05 17:21:54,3.88,1
venus-604951,2026-09-05 17:26:22,10.85,1
venus-604952,2026-09-05 17:27:20,17.8,1
venus-604954,2026-09-05 17:31:59,1.32,4
venus-604955,2026-09-05 17:33:13,0.07,8
venus-604956,2026-09-05 17:37:35,0.12,8
venus-604957,2026-09-05 17:38:19,9.38,8
venus-604958,2026-09-05 17:39:29,4.62,1
venus-604959,2026-09-05 17:45:55,0.68,4
venus-604960,2026-09-05 17:46:11,6.5,1
venus-604961,2026-09-05 17:47:22,0.13,1
venus-604962,2026-09-05 17:48:04,30.35,4
venus-604963,2026-09-05 17:49:04,6.83,16
venus-604964,2026-09-05 17:50:59,6.2,8
venus-604965,2026-09-05 17:52:32,17.27,1
venus-604966,2026-09-05 17:52:32,17.27,1
venus-604967,2026-09-05 17:56:20,1255.0,16
venus-604968,2026-09-05 18:00:35,3.27,1
venus-604969,2026-09-05 18:09:48,17.0,1
venus-604970,2026-09-05 18:09:48,17.0,1
venus-604971,2026-09-05 18:10:33,0.02,8
venus-604972,2026-09-05 18:11:41,0.35,4
venus-604973,2026-09-05 18:11:42,14.85,8
venus-604974,2026-09-05 18:12:03,0.32,8
venus-604975,2026-09-05 18:15:00,19.28,4
venus-604976,2026-09-05 18:25:11,16.22,1
venus-604977,2026-09-05 18:26:01,0.12,8
venus-604978,2026-09-05 18:26:41,0.5,8
venus-604979,2026-09-05 18:26:48,16.72,1
venus-604980,2026-09-05 18:26:48,16.72,1
venus-604981,2026-09-05 18:33:34,4.67,8
venus-604982,2026-09-05 18:34:46,0.33,4
venus-604983,2026-09-05 18:36:12,326.72,1
venus-604984,2026-09-05 18:36:48,0.35,4
venus-604985,2026-09-05 18:37:29,0.33,4
venus-604986,2026-09-05 18:38:32,216.92,8
venus-604987,2026-09-05 18:38:42,0.28,4
venus-604988,2026-09-05 18:42:34,14239.4,6
venus-604989,2026-09-05 18:43:31,16.77,1
venus-604990,2026-09-05 18:43:31,16.77,1
venus-604991,2026-09-05 18:48:31,1.67,4
venus-604992,2026-09-05 18:50:27,2.33,4
venus-604993,2026-09-05 18:55:11,3.97,8
venus-604994,2026-09-05 19:00:17,16.75,1
venus-604995,2026-09-05 19:00:17,16.75,1
venus-604996,2026-09-05 19:02:33,30.78,5
venus-604997,2026-09-05 19:13:14,3.58,1
venus-604998,2026-09-05 19:17:02,16.6,1
venus-604999,2026-09-05 19:17:02,16.6,1
venus-605000,2026-09-05 19:18:00,4.07,1
venus-605003,2026-09-05 19:19:33,0.1,8
venus-605004,2026-09-05 19:21:25,0.92,8
venus-605005,2026-09-05 19:23:00,184.87,8
venus-605006,2026-09-05 19:26:03,4.57,1
venus-605007,2026-09-05 19:26:26,16.42,1
venus-605008,2026-09-05 19:33:21,1.77,5
venus-605009,2026-09-05 19:33:38,16.55,1
venus-605010,2026-09-05 19:33:38,16.57,1
venus-605011,2026-09-05 19:35:27,221.78,1
venus-605012,2026-09-05 19:35:37,677.52,1
venus-605013,2026-09-05 19:36:33,28.08,1
venus-605014,2026-09-05 19:50:11,16.88,1
venus-605015,2026-09-05 19:50:12,16.87,1
venus-605016,2026-09-05 20:04:29,0.17,8
venus-605017,2026-09-05 20:05:22,0.17,8
venus-605018,2026-09-05 20:05:41,0.13,8
venus-605019,2026-09-05 20:06:59,0.17,8
venus-605020,2026-09-05 20:07:04,16.43,1
venus-605021,2026-09-05 20:07:04,16.43,1
venus-605022,2026-09-05 20:08:29,0.17,8
venus-605023,2026-09-05 20:11:35,0.13,8
venus-605024,2026-09-05 20:12:22,0.13,8
venus-605028,2026-09-05 20:16:52,0.15,8
venus-605029,2026-09-05 20:22:42,0.15,8
venus-605030,2026-09-05 20:23:02,0.13,8
venus-605031,2026-09-05 20:23:30,16.5,1
venus-605032,2026-09-05 20:23:30,16.5,1
venus-605034,2026-09-05 20:25:49,0.17,8
venus-605035,2026-09-05 20:27:53,16.32,1
venus-605036,2026-09-05 20:28:50,0.17,8
venus-605037,2026-09-05 20:30:39,50.53,1
venus-605038,2026-09-05 20:32:53,0.18,8
venus-605039,2026-09-05 20:36:39,18.77,8
venus-605040,2026-09-05 20:38:18,0.17,8
venus-605041,2026-09-05 20:38:36,0.13,8
venus-605042,2026-09-05 20:40:00,15.95,1
venus-605043,2026-09-05 20:40:44,0.53,8
venus-605044,2026-09-05 20:41:18,0.95,8
venus-605045,2026-09-05 20:55:16,178.82,1
venus-605046,2026-09-05 20:55:27,0.97,8
venus-605047,2026-09-05 20:55:28,178.55,1
venus-605048,2026-09-05 20:55:37,178.47,1
venus-605049,2026-09-05 20:55:44,178.35,1
venus-605050,2026-09-05 20:55:51,178.22,1
venus-605051,2026-09-05 20:55:57,16.33,1
venus-605052,2026-09-05 20:56:37,177.47,1
venus-605053,2026-09-05 20:56:43,0.95,8
venus-605054,2026-09-05 20:56:53,177.15,1
venus-605055,2026-09-05 20:56:59,177.02,1
venus-605056,2026-09-05 20:57:08,176.88,1
venus-605057,2026-09-05 20:57:19,176.72,1
venus-605058,2026-09-05 20:58:38,0.93,8
venus-605059,2026-09-05 21:00:00,0.93,8
venus-605060,2026-09-05 21:01:14,0.97,8
venus-605061,2026-09-05 21:03:10,2.0,8
venus-605062,2026-09-05 21:03:13,556.8,8
venus-605063,2026-09-05 21:03:18,4.13,8
venus-605065,2026-09-05 21:05:17,6.25,16
venus-605067,2026-09-05 21:07:58,3.58,16
venus-605068,2026-09-05 21:08:08,5.87,8
venus-605069,2026-09-05 21:09:29,5.83,8
venus-605070,2026-09-05 21:10:16,5.43,8
venus-605071,2026-09-05 21:12:04,3.28,8
venus-605072,2026-09-05 21:15:35,0.22,8
venus-605073,2026-09-05 21:15:36,12.5,8
venus-605074,2026-09-05 21:15:52,150.93,8
venus-605075,2026-09-05 21:16:55,3.78,8
venus-605076,2026-09-05 21:17:34,148.42,8
venus-605077,2026-09-05 21:17:37,150.9,8
venus-605078,2026-09-05 21:17:41,155.4,8
venus-605079,2026-09-05 21:21:32,70.43,8
venus-605080,2026-09-05 21:28:14,1043.02,8
venus-605081,2026-09-05 21:29:14,16.9,1
venus-605084,2026-09-05 21:42:18,16.53,1
venus-605085,2026-09-05 21:42:26,0.13,8
venus-605086,2026-09-05 21:48:10,3651.48,1
venus-605087,2026-09-05 21:56:37,5.67,1
venus-605088,2026-09-05 21:59:17,6.18,8
venus-605089,2026-09-05 21:59:38,15.87,16
venus-605090,2026-09-05 22:03:09,1.83,5
venus-605091,2026-09-05 22:06:13,0.82,5
venus-605092,2026-09-05 22:07:23,0.87,5
venus-605093,2026-09-05 22:08:34,1.37,5
venus-605094,2026-09-05 22:12:16,14.25,5
venus-605095,2026-09-05 22:15:12,2357.6,8
venus-605096,2026-09-05 22:18:04,3.43,8
venus-605097,2026-09-05 22:19:40,0.15,1
venus-605098,2026-09-05 22:20:01,0.08,1
venus-605099,2026-09-05 22:20:16,0.07,1
venus-605100,2026-09-05 22:22:25,7.78,8
venus-605101,2026-09-05 22:22:30,0.08,1
venus-605102,2026-09-05 22:25:50,10177.03,1
venus-605103,2026-09-05 22:27:26,0.1,1
venus-605104,2026-09-05 22:27:44,0.92,4
venus-605105,2026-09-05 22:28:07,0.07,1
venus-605106,2026-09-05 22:28:21,0.13,8
venus-605107,2026-09-05 22:28:37,0.13,1
venus-605110,2026-09-05 22:29:21,7.57,8
venus-605112,2026-09-05 22:30:02,0.13,1
venus-605113,2026-09-05 22:30:20,15.55,2
venus-605114,2026-09-05 22:31:02,2.27,1
venus-605115,2026-09-05 22:31:09,16.43,1
venus-605116,2026-09-05 22:32:53,0.27,2
venus-605117,2026-09-05 22:34:27,0.23,2
venus-605120,2026-09-05 22:38:21,1768.4,16
venus-605121,2026-09-05 22:38:56,0.05,8
venus-605122,2026-09-05 22:40:14,13.87,2
venus-605123,2026-09-05 22:40:52,58.42,2
venus-605124,2026-09-05 22:41:01,2.27,1
venus-605125,2026-09-05 22:43:02,2956.33,2
venus-605126,2026-09-05 22:45:39,0.3,1
venus-605128,2026-09-05 22:46:11,11.88,6
venus-605129,2026-09-05 22:47:30,0.3,1
venus-605130,2026-09-05 22:50:14,73.65,8
venus-605131,2026-09-05 22:52:10,0.22,8
venus-605132,2026-09-05 22:53:55,12.55,2
venus-605134,2026-09-05 22:57:15,0.32,1
venus-605135,2026-09-05 23:01:44,0.03,8
venus-605136,2026-09-05 23:02:00,3695.17,4
venus-605137,2026-09-05 23:06:50,2372.78,8
venus-605138,2026-09-05 23:07:34,3.82,2
venus-605140,2026-09-05 23:09:04,10.65,7
venus-605141,2026-09-05 23:13:24,15.67,2
venus-605142,2026-09-05 23:21:43,1.75,1
venus-605143,2026-09-05 23:28:51,17.42,1
venus-605144,2026-09-05 23:29:21,2.07,1
venus-605145,2026-09-05 23:29:42,0.42,4
venus-605146,2026-09-05 23:32:06,13664.78,4
venus-605147,2026-09-05 23:32:43,1.7,1
venus-605148,2026-09-05 23:33:23,16.25,1
venus-605149,2026-09-05 23:40:52,13656.23,4
venus-605150,2026-09-05 23:44:51,1.83,1
venus-605151,2026-09-05 23:50:56,2.45,1
venus-605152,2026-09-05 23:59:47,243.23,1
venus-605153,2026-09-05 23:59:58,244.35,1
venus-605154,2026-09-06 00:00:04,241.43,1
venus-605155,2026-09-06 00:00:16,245.25,1
venus-605156,2026-09-06 00:00:29,208.08,1
venus-605157,2026-09-06 00:00:35,209.45,1
venus-605158,2026-09-06 00:00:46,483.35,1
venus-605159,2026-09-06 00:00:52,206.92,1
venus-605160,2026-09-06 00:00:59,174.38,1
venus-605161,2026-09-06 00:01:07,212.8,1
venus-605162,2026-09-06 00:01:30,241.83,1
venus-605163,2026-09-06 00:02:26,519.5,1
venus-605164,2026-09-06 00:05:13,2.12,1
venus-605165,2026-09-06 00:05:33,0.13,8
venus-605166,2026-09-06 00:07:54,0.08,8
venus-605167,2026-09-06 00:08:49,1246.9,8
venus-605168,2026-09-06 00:08:51,842.45,8
venus-605169,2026-09-06 00:10:15,1247.8,8
venus-605170,2026-09-06 00:11:27,1267.75,8
venus-605171,2026-09-06 00:13:24,10.73,7
venus-605172,2026-09-06 00:24:24,1.95,1
venus-605173,2026-09-06 00:30:07,17.42,1
venus-605174,2026-09-06 00:33:29,16.63,1
venus-605175,2026-09-06 00:45:42,5.28,1
venus-605176,2026-09-06 00:54:08,10618.57,8
venus-605177,2026-09-06 00:55:46,8305.18,8
venus-605178,2026-09-06 00:56:29,5.8,1
venus-605179,2026-09-06 01:28:25,203.42,1
venus-605180,2026-09-06 01:35:08,17.87,1
venus-605181,2026-09-06 01:44:07,28.03,1
venus-605182,2026-09-06 02:14:32,14.62,1
venus-605183,2026-09-06 02:27:49,2732.27,1
venus-605184,2026-09-06 02:28:17,2972.5,1
venus-605186,2026-09-06 06:32:43,7.23,1
venus-605187,2026-09-06 06:42:44,1.38,8
venus-605188,2026-09-06 07:09:22,1361.53,32
venus-605189,2026-09-06 09:04:56,4.93,1
venus-605190,2026-09-06 09:16:27,5.18,1
venus-605191,2026-09-06 09:21:39,5.55,1
venus-605192,2026-09-06 09:26:12,0.05,8
venus-605193,2026-09-06 09:27:41,0.05,8
venus-605194,2026-09-06 09:28:05,0.28,8
venus-605195,2026-09-06 09:28:40,4314.28,8
venus-605196,2026-09-06 09:30:07,3.03,1
venus-605197,2026-09-06 09:41:21,5.35,1
venus-605201,2026-09-06 09:50:49,56.5,1
venus-605202,2026-09-06 09:54:27,4.67,1
venus-605203,2026-09-06 10:00:31,4.6,1
venus-605204,2026-09-06 10:05:27,53.5,1
venus-605205,2026-09-06 10:09:36,17.73,1
venus-605206,2026-09-06 10:09:41,60.25,1
venus-605207,2026-09-06 10:09:47,60.23,1
venus-605208,2026-09-06 10:09:53,60.17,1
venus-605209,2026-09-06 10:10:02,13.72,1
venus-605210,2026-09-06 10:10:13,59.87,1
venus-605211,2026-09-06 10:10:30,59.62,1
venus-605212,2026-09-06 10:10:36,59.53,1
venus-605213,2026-09-06 10:10:51,14.58,1
venus-605214,2026-09-06 10:11:13,15.93,1
venus-605216,2026-09-06 10:24:17,0.92,1
venus-605218,2026-09-06 10:46:49,17.4,1
venus-605219,2026-09-06 10:47:12,16.02,1
venus-605220,2026-09-06 10:47:42,16.57,1
venus-605221,2026-09-06 10:48:40,13.68,1
venus-605222,2026-09-06 11:07:59,9329.35,1
venus-605223,2026-09-06 11:13:45,4.53,1
venus-605224,2026-09-06 11:37:37,36.17,1
venus-605225,2026-09-06 11:38:56,240.43,1
venus-605226,2026-09-06 11:39:02,209.08,1
venus-605227,2026-09-06 11:39:15,240.75,1
venus-605228,2026-09-06 11:39:20,240.38,1
venus-605229,2026-09-06 11:39:27,241.88,1
venus-605230,2026-09-06 11:39:41,176.93,1
venus-605231,2026-09-06 11:40:34,208.42,1
venus-605232,2026-09-06 11:40:40,206.65,1
venus-605233,2026-09-06 11:40:46,238.03,1
venus-605234,2026-09-06 11:41:02,210.78,1
venus-605236,2026-09-06 11:43:03,10.47,4
venus-605240,2026-09-06 13:13:35,180.53,1
venus-605246,2026-09-06 14:17:27,4.52,4
venus-605248,2026-09-06 14:24:23,5276.95,4
venus-605251,2026-09-06 14:28:40,15.98,1
venus-605253,2026-09-06 14:37:02,5.97,1
venus-605255,2026-09-06 14:49:50,0.63,1
venus-605256,2026-09-06 14:52:22,0.38,8
venus-605257,2026-09-06 14:52:42,10.92,1
venus-605258,2026-09-06 14:54:12,14.13,16
venus-605259,2026-09-06 15:07:48,0.37,8
venus-605260,2026-09-06 15:08:50,10675.97,16
venus-605261,2026-09-06 15:15:37,58.55,1
venus-605262,2026-09-06 15:20:12,1748.37,16
venus-605263,2026-09-06 15:47:39,10.58,1
venus-605264,2026-09-06 16:22:35,52.65,1
venus-605265,2026-09-06 17:08:59,51.85,1
venus-605267,2026-09-06 17:37:56,2868.33,8
venus-605268,2026-09-06 18:05:43,0.25,2
venus-605269,2026-09-06 18:05:46,46.3,2
venus-605270,2026-09-06 18:05:48,46.02,2
venus-605271,2026-09-06 18:06:19,486.3,2
venus-605272,2026-09-06 18:58:40,454.28,2
venus-605273,2026-09-06 18:58:42,462.85,2
venus-605275,2026-09-06 19:30:33,250.15,1
venus-605276,2026-09-06 20:04:13,205.77,1
venus-605277,2026-09-06 20:15:19,112.53,1
venus-605278,2026-09-06 20:20:42,114.5,1
venus-605279,2026-09-06 20:31:20,211.63,1
venus-605280,2026-09-06 20:35:43,0.83,1
venus-605281,2026-09-06 20:39:58,206.53,1
venus-605282,2026-09-06 20:42:04,2.75,1
venus-605283,2026-09-06 20:50:38,2.87,1
venus-605285,2026-09-06 20:56:36,0.17,1
venus-605286,2026-09-06 20:58:34,3.07,1
venus-605287,2026-09-06 21:04:29,10.45,1
venus-605289,2026-09-06 21:27:51,0.4,1
venus-605290,2026-09-06 21:28:50,0.8,1
venus-605291,2026-09-06 21:33:15,2.22,1
venus-605294,2026-09-06 21:38:03,0.5,2
venus-605295,2026-09-06 21:39:22,516.42,8
venus-605296,2026-09-06 21:41:25,1648.77,8
venus-605297,2026-09-06 21:42:54,1657.5,8
venus-605298,2026-09-06 21:44:23,11.03,1
venus-605299,2026-09-06 21:58:29,2.82,1
venus-605300,2026-09-06 22:02:19,10.95,1
venus-605301,2026-09-06 22:07:49,2.18,1
venus-605302,2026-09-06 22:08:06,49.52,1
venus-605303,2026-09-06 22:10:51,2.88,1
venus-605304,2026-09-06 22:11:45,17.05,1
venus-605305,2026-09-06 22:11:45,17.05,1
venus-605306,2026-09-06 22:28:48,16.7,1
venus-605307,2026-09-06 22:28:48,15.92,1
venus-605308,2026-09-06 22:44:43,16.48,1
venus-605309,2026-09-06 22:45:31,15.68,1
venus-605310,2026-09-06 23:01:12,16.33,1
venus-605311,2026-09-06 23:01:12,16.33,1
venus-605312,2026-09-06 23:16:19,157.65,8
venus-605313,2026-09-06 23:17:32,16.58,1
venus-605314,2026-09-06 23:17:32,16.58,1
venus-605315,2026-09-06 23:29:27,0.25,1
venus-605316,2026-09-06 23:30:22,0.83,1
venus-605317,2026-09-06 23:31:06,0.8,1
venus-605318,2026-09-06 23:31:46,0.83,1
venus-605319,2026-09-06 23:31:59,0.85,1
venus-605320,2026-09-06 23:33:38,1.0,1
venus-605321,2026-09-06 23:33:48,0.83,1
venus-605322,2026-09-06 23:34:05,0.55,1
venus-605323,2026-09-06 23:34:07,17.13,1
venus-605324,2026-09-06 23:34:07,17.13,1
venus-605325,2026-09-06 23:34:43,0.8,1
venus-605326,2026-09-06 23:36:15,0.78,1
venus-605327,2026-09-06 23:36:18,0.73,1
venus-605328,2026-09-06 23:36:27,0.58,1
venus-605329,2026-09-06 23:36:41,0.77,1
venus-605330,2026-09-06 23:38:28,970.77,16
venus-605331,2026-09-06 23:39:53,0.77,1
venus-605332,2026-09-06 23:42:08,0.75,1
venus-605333,2026-09-06 23:44:36,1.03,1
venus-605334,2026-09-06 23:47:15,0.73,1
venus-605335,2026-09-06 23:49:36,0.75,1
venus-605336,2026-09-06 23:51:15,16.72,1
venus-605337,2026-09-06 23:51:15,16.72,1
venus-605338,2026-09-06 23:52:39,2.82,1
venus-605339,2026-09-06 23:54:10,4.65,1
venus-605340,2026-09-06 23:54:20,4.48,1
venus-605341,2026-09-06 23:54:41,4.13,1
venus-605342,2026-09-06 23:55:13,3.62,1
venus-605343,2026-09-06 23:55:44,3.1,1
venus-605344,2026-09-06 23:58:20,3.65,1
venus-605345,2026-09-06 23:58:50,3.15,1
venus-605346,2026-09-06 23:59:55,10.83,1
venus-605347,2026-09-07 00:04:23,12.28,1
venus-605348,2026-09-07 00:04:32,11.88,1
venus-605349,2026-09-07 00:04:41,11.6,1
venus-605350,2026-09-07 00:04:53,11.42,1
venus-605351,2026-09-07 00:05:07,11.27,1
venus-605352,2026-09-07 00:05:36,10.68,1
venus-605353,2026-09-07 00:05:50,10.0,1
venus-605354,2026-09-07 00:06:41,11.38,1
venus-605355,2026-09-07 00:06:53,11.18,1
venus-605356,2026-09-07 00:07:07,10.95,1
venus-605357,2026-09-07 00:07:24,10.67,1
venus-605358,2026-09-07 00:07:58,17.58,1
venus-605359,2026-09-07 00:07:58,17.58,1
venus-605360,2026-09-07 00:09:22,11.93,1
venus-605361,2026-09-07 00:09:32,10.85,1
venus-605362,2026-09-07 00:09:55,1.03,8
venus-605363,2026-09-07 00:10:01,11.28,1
venus-605364,2026-09-07 00:10:15,10.13,1
venus-605365,2026-09-07 00:14:17,7.13,1
venus-605366,2026-09-07 00:16:18,13.67,8
venus-605367,2026-09-07 00:17:01,12.98,8
venus-605368,2026-09-07 00:23:02,11.45,1
venus-605369,2026-09-07 00:23:37,10.87,1
venus-605370,2026-09-07 00:25:33,16.65,1
venus-605371,2026-09-07 00:25:33,16.65,1
venus-605372,2026-09-07 00:30:27,68.85,8
venus-605373,2026-09-07 00:30:30,68.83,8
venus-605374,2026-09-07 00:38:54,11.32,1
venus-605375,2026-09-07 00:39:03,11.18,1
venus-605376,2026-09-07 00:41:40,5.75,8
venus-605377,2026-09-07 00:41:43,0.18,1
venus-605378,2026-09-07 00:42:12,17.07,1
venus-605379,2026-09-07 00:42:12,17.07,1
venus-605380,2026-09-07 00:42:26,0.17,1
venus-605381,2026-09-07 00:45:45,0.17,1
venus-605383,2026-09-07 00:51:05,0.2,4
venus-605384,2026-09-07 00:53:34,10.37,1
venus-605385,2026-09-07 00:59:16,16.95,1
venus-605386,2026-09-07 00:59:16,16.95,1
venus-605387,2026-09-07 01:00:37,0.13,8
venus-605388,2026-09-07 01:04:06,0.13,8
venus-605389,2026-09-07 01:05:34,0.75,8
venus-605390,2026-09-07 01:07:03,37.5,8
venus-605391,2026-09-07 01:07:56,11.05,1
venus-605392,2026-09-07 01:08:21,10.63,1
venus-605393,2026-09-07 01:14:04,10.88,1
venus-605394,2026-09-07 01:16:13,16.67,1
venus-605395,2026-09-07 01:16:13,16.67,1
venus-605396,2026-09-07 01:19:10,458.73,8
venus-605397,2026-09-07 01:20:49,11.87,1
venus-605398,2026-09-07 01:21:06,11.58,1
venus-605399,2026-09-07 01:21:30,11.13,1
venus-605400,2026-09-07 01:21:35,11.05,1
venus-605401,2026-09-07 01:21:43,10.92,1
venus-605402,2026-09-07 01:21:48,10.83,1
venus-605403,2026-09-07 01:22:29,10.58,1
venus-605404,2026-09-07 01:22:36,9.87,1
venus-605405,2026-09-07 01:23:03,11.38,1
venus-605406,2026-09-07 01:23:26,11.18,1
venus-605407,2026-09-07 01:23:35,10.85,1
venus-605408,2026-09-07 01:23:44,10.7,1
venus-605409,2026-09-07 01:24:02,10.42,1
venus-605410,2026-09-07 01:24:41,10.35,1
venus-605411,2026-09-07 01:24:48,10.23,1
venus-605412,2026-09-07 01:24:57,9.48,1
venus-605413,2026-09-07 01:25:26,10.02,1
venus-605414,2026-09-07 01:32:54,17.05,1
venus-605415,2026-09-07 01:32:54,17.05,1
venus-605416,2026-09-07 01:36:02,7.33,8
venus-605417,2026-09-07 01:39:55,6.37,8
venus-605418,2026-09-07 01:39:57,1215.9,8
venus-605419,2026-09-07 01:43:50,0.1,8
venus-605420,2026-09-07 01:45:19,261.95,8
venus-605421,2026-09-07 01:46:30,1214.58,8
venus-605423,2026-09-07 01:49:50,0.1,8
venus-605424,2026-09-07 01:49:57,16.12,1
venus-605425,2026-09-07 01:50:40,0.08,8
venus-605426,2026-09-07 01:52:19,0.1,8
venus-605427,2026-09-07 01:52:44,0.13,8
venus-605428,2026-09-07 01:54:12,0.33,8
venus-605429,2026-09-07 01:55:04,0.42,8
venus-605430,2026-09-07 01:57:36,2.53,8
venus-605431,2026-09-07 02:05:12,2.73,8
venus-605432,2026-09-07 02:09:21,2.73,8
venus-605433,2026-09-07 02:12:55,2.53,8
venus-605434,2026-09-07 02:20:13,2.52,8
venus-605435,2026-09-07 02:26:06,16.45,1
venus-605436,2026-09-07 02:26:47,0.08,8
venus-605437,2026-09-07 02:32:01,0.33,8
venus-605438,2026-09-07 02:33:32,2.53,8
venus-605439,2026-09-07 02:40:58,0.33,8
venus-605440,2026-09-07 02:41:38,0.77,8
venus-605441,2026-09-07 02:43:47,0.5,8
venus-605442,2026-09-07 02:45:55,0.5,8
venus-605443,2026-09-07 02:47:41,0.1,8
venus-605444,2026-09-07 02:48:01,0.52,8
venus-605445,2026-09-07 02:49:37,0.52,8
venus-605446,2026-09-07 02:50:59,1.95,8
venus-605447,2026-09-07 02:55:21,2.35,8
venus-605448,2026-09-07 02:58:37,1.83,8
venus-605449,2026-09-07 03:00:50,1.23,8
venus-605450,2026-09-07 04:07:38,16.47,1
venus-605451,2026-09-07 05:51:11,1.53,8
venus-605452,2026-09-07 08:21:51,0.33,1
venus-605453,2026-09-07 08:42:01,2.17,8
venus-605454,2026-09-07 08:49:15,3.8,8
venus-605455,2026-09-07 08:55:26,3.5,8
venus-605456,2026-09-07 09:02:46,3.65,8
venus-605457,2026-09-07 09:09:41,3.57,8
venus-605458,2026-09-07 09:23:31,3.3,1
venus-605459,2026-09-07 09:42:41,0.38,16
venus-605460,2026-09-07 09:44:33,11.73,1
venus-605461,2026-09-07 09:44:45,11.53,1
venus-605462,2026-09-07 09:44:55,12.87,1
venus-605463,2026-09-07 09:45:02,11.25,1
venus-605464,2026-09-07 09:45:22,0.47,16
venus-605465,2026-09-07 09:45:49,0.42,16
venus-605466,2026-09-07 09:49:48,333.05,16
venus-605467,2026-09-07 09:49:53,0.47,16
venus-605468,2026-09-07 09:54:38,161.1,1
venus-605469,2026-09-07 09:54:51,0.35,8
venus-605470,2026-09-07 09:55:57,3.08,1
venus-605471,2026-09-07 09:57:04,1.27,8
venus-605472,2026-09-07 09:58:04,1209.62,16
venus-605473,2026-09-07 10:28:12,0.53,8
venus-605474,2026-09-07 10:36:35,12.1,1
venus-605475,2026-09-07 10:36:38,12.15,1
venus-605476,2026-09-07 10:36:46,12.02,1
venus-605477,2026-09-07 10:38:27,3.55,1
venus-605478,2026-09-07 10:46:20,1.25,8
venus-605479,2026-09-07 10:50:05,1.07,8
venus-605480,2026-09-07 10:50:09,1972.03,32
venus-605481,2026-09-07 10:50:16,0.88,8
venus-605485,2026-09-07 10:52:29,0.53,2
venus-605486,2026-09-07 10:53:16,0.63,8
venus-605487,2026-09-07 10:54:21,0.6,8
venus-605490,2026-09-07 11:01:35,9.5,8
venus-605491,2026-09-07 11:02:29,257.25,1
venus-605492,2026-09-07 11:11:06,2.13,8
venus-605493,2026-09-07 11:13:20,1.97,8
venus-605494,2026-09-07 11:15:24,1.75,8
venus-605495,2026-09-07 11:18:14,0.9,8
venus-605496,2026-09-07 11:19:09,9.65,8
venus-605497,2026-09-07 11:22:15,0.03,1
venus-605498,2026-09-07 11:28:53,2.88,8
venus-605499,2026-09-07 11:32:45,0.32,8
venus-605500,2026-09-07 11:33:15,153.97,2
venus-605501,2026-09-07 11:33:31,0.32,8
venus-605502,2026-09-07 11:33:54,0.33,8
venus-605503,2026-09-07 11:37:44,0.3,8
venus-605504,2026-09-07 11:39:16,2.63,8
venus-605505,2026-09-07 11:39:49,219.98,1
venus-605506,2026-09-07 11:41:37,218.25,1
venus-605507,2026-09-07 11:42:18,0.68,8
venus-605508,2026-09-07 11:43:47,3.58,8
venus-605509,2026-09-07 11:43:59,3.08,8
venus-605510,2026-09-07 11:47:30,3.43,8
venus-605511,2026-09-07 11:47:40,0.3,8
venus-605512,2026-09-07 11:47:51,3.67,8
venus-605513,2026-09-07 11:48:34,1.1,8
venus-605514,2026-09-07 11:48:49,11.77,8
venus-605515,2026-09-07 11:49:46,0.03,16
venus-605516,2026-09-07 11:49:53,0.27,1
venus-605517,2026-09-07 11:50:11,1.32,16
venus-605518,2026-09-07 11:51:36,2.17,1
venus-605519,2026-09-07 11:52:40,3338.25,2
venus-605520,2026-09-07 11:52:47,5.72,1
venus-605521,2026-09-07 11:53:52,1.28,16
venus-605522,2026-09-07 11:53:55,178.97,1
venus-605523,2026-09-07 11:54:33,3.43,8
venus-605524,2026-09-07 11:55:07,0.22,1
venus-605525,2026-09-07 11:55:23,294.75,1
venus-605526,2026-09-07 11:55:54,0.32,1
venus-605527,2026-09-07 11:58:05,0.33,1
venus-605528,2026-09-07 11:59:17,1951.1,1
venus-605529,2026-09-07 12:00:08,2835.17,16
venus-605530,2026-09-07 12:01:30,5.67,8
venus-605531,2026-09-07 12:03:49,163.68,1
venus-605532,2026-09-07 12:06:39,0.4,1
venus-605533,2026-09-07 12:07:11,1.93,8
venus-605534,2026-09-07 12:09:07,6.53,8
venus-605535,2026-09-07 12:11:00,2.53,2
venus-605536,2026-09-07 12:13:56,0.02,2
venus-605537,2026-09-07 12:14:39,2.9,2
venus-605538,2026-09-07 12:15:34,7.93,8
venus-605539,2026-09-07 12:15:40,5.02,8
venus-605540,2026-09-07 12:20:42,42.25,8
venus-605541,2026-09-07 12:21:27,0.4,1
venus-605542,2026-09-07 12:23:31,1.35,8
venus-605543,2026-09-07 12:23:44,0.4,1
venus-605544,2026-09-07 12:25:01,42.57,8
venus-605545,2026-09-07 12:28:48,0.12,1
venus-605546,2026-09-07 12:31:39,0.37,1
venus-605547,2026-09-07 12:35:36,0.38,1
venus-605548,2026-09-07 12:43:14,0.13,2
venus-605549,2026-09-07 12:44:12,0.13,2
venus-605550,2026-09-07 12:47:10,0.12,8
venus-605551,2026-09-07 12:49:37,3598.3,8
venus-605552,2026-09-07 12:55:25,0.13,2
venus-605553,2026-09-07 12:56:15,0.4,1
venus-605554,2026-09-07 12:57:29,0.4,2
venus-605555,2026-09-07 12:59:36,0.4,2
venus-605556,2026-09-07 13:01:13,0.03,2
venus-605557,2026-09-07 13:01:21,0.43,2
venus-605558,2026-09-07 13:04:10,0.62,8
venus-605559,2026-09-07 13:05:25,0.92,1
venus-605560,2026-09-07 13:05:40,1.92,8
venus-605561,2026-09-07 13:09:20,1.22,8
venus-605562,2026-09-07 13:09:58,0.47,1
venus-605563,2026-09-07 13:11:23,2.75,8
venus-605564,2026-09-07 13:11:37,0.48,1
venus-605565,2026-09-07 13:11:45,128.18,1
venus-605566,2026-09-07 13:13:13,0.4,1
venus-605567,2026-09-07 13:14:10,2.43,8
venus-605568,2026-09-07 13:16:37,11.07,8
venus-605569,2026-09-07 13:18:14,2.03,2
venus-605570,2026-09-07 13:26:47,0.27,2
venus-605571,2026-09-07 13:27:44,13.37,8
venus-605572,2026-09-07 13:27:52,7.22,7
venus-605573,2026-09-07 13:27:57,0.17,2
venus-605574,2026-09-07 13:28:44,0.42,1
venus-605575,2026-09-07 13:28:52,0.1,2
venus-605576,2026-09-07 13:29:12,8.32,2
venus-605577,2026-09-07 13:32:15,0.03,8
venus-605578,2026-09-07 13:32:25,0.37,8
venus-605579,2026-09-07 13:34:39,10.58,1
venus-605580,2026-09-07 13:34:40,1.93,8
venus-605581,2026-09-07 13:35:35,12.4,7
venus-605582,2026-09-07 13:38:28,3.5,1
venus-605583,2026-09-07 13:41:14,1.33,8
venus-605584,2026-09-07 13:42:36,1.58,8
venus-605585,2026-09-07 13:43:42,2.13,1
venus-605586,2026-09-07 13:44:16,8.18,2
venus-605587,2026-09-07 13:48:02,2.25,8
venus-605588,2026-09-07 13:49:16,2.58,1
venus-605589,2026-09-07 13:50:52,0.5,8
venus-605590,2026-09-07 13:51:29,1.05,8
venus-605591,2026-09-07 13:53:07,0.4,8
venus-605592,2026-09-07 13:53:58,0.68,8
venus-605593,2026-09-07 13:55:39,12.03,2
venus-605594,2026-09-07 13:55:48,0.33,8
venus-605595,2026-09-07 13:56:13,1.62,8
venus-605596,2026-09-07 13:57:52,0.4,8
venus-605597,2026-09-07 14:02:00,0.1,8
venus-605598,2026-09-07 14:02:17,12.43,1
venus-605599,2026-09-07 14:02:36,0.4,8
venus-605600,2026-09-07 14:03:51,0.38,8
venus-605601,2026-09-07 14:04:31,3.17,1
venus-605602,2026-09-07 14:04:41,0.2,1
venus-605603,2026-09-07 14:05:29,21.2,1
venus-605604,2026-09-07 14:11:08,68.53,64
venus-605605,2026-09-07 14:11:46,66.47,64
venus-605606,2026-09-07 14:11:55,0.1,8
venus-605607,2026-09-07 14:12:36,1873.03,2
venus-605608,2026-09-07 14:12:49,0.32,8
venus-605609,2026-09-07 14:12:54,12848.5,8
venus-605610,2026-09-07 14:13:06,28.43,32
venus-605611,2026-09-07 14:13:31,1.05,8
venus-605612,2026-09-07 14:15:33,1.32,8
venus-605613,2026-09-07 14:15:50,1.67,8
venus-605615,2026-09-07 14:17:33,2.18,6
venus-605616,2026-09-07 14:17:36,1.93,8
venus-605617,2026-09-07 14:19:38,1.63,8
venus-605618,2026-09-07 14:20:35,7.97,8
venus-605619,2026-09-07 14:20:37,2.68,6
venus-605620,2026-09-07 14:21:21,1.87,8
venus-605621,2026-09-07 14:21:41,11.55,1
venus-605622,2026-09-07 14:23:18,1.67,8
venus-605623,2026-09-07 14:23:31,2.88,6
venus-605624,2026-09-07 14:25:03,1.7,8
venus-605625,2026-09-07 14:26:03,0.42,1
venus-605626,2026-09-07 14:26:42,3.47,6
venus-605627,2026-09-07 14:26:50,2.02,8
venus-605628,2026-09-07 14:28:34,3.32,8
venus-605629,2026-09-07 14:28:56,1.62,8
venus-605630,2026-09-07 14:29:33,0.3,2
venus-605631,2026-09-07 14:29:41,50.33,2
venus-605632,2026-09-07 14:30:28,2.28,6
venus-605633,2026-09-07 14:30:38,1.68,8
venus-605634,2026-09-07 14:31:04,0.42,1
venus-605635,2026-09-07 14:31:49,1878.13,2
venus-605636,2026-09-07 14:31:54,2.75,8
venus-605637,2026-09-07 14:32:24,1.62,8
venus-605638,2026-09-07 14:32:33,0.4,1
venus-605639,2026-09-07 14:32:45,40.25,1
venus-605640,2026-09-07 14:32:47,0.28,2
venus-605641,2026-09-07 14:32:56,1.68,6
venus-605642,2026-09-07 14:33:13,0.02,8
venus-605643,2026-09-07 14:33:25,0.3,2
venus-605645,2026-09-07 14:34:04,6.15,8
venus-605646,2026-09-07 14:34:06,2.37,8
venus-605647,2026-09-07 14:34:39,3.3,8
venus-605648,2026-09-07 14:34:50,1.48,6
venus-605649,2026-09-07 14:35:49,0.45,2
venus-605650,2026-09-07 14:36:32,1.3,6
venus-605651,2026-09-07 14:36:34,1.63,8
venus-605652,2026-09-07 14:36:58,1.67,2
venus-605653,2026-09-07 14:38:14,0.07,6
venus-605654,2026-09-07 14:38:18,1.7,8
venus-605655,2026-09-07 14:38:27,13.32,6
venus-605656,2026-09-07 14:38:40,0.4,1
venus-605657,2026-09-07 14:38:51,0.47,8
venus-605658,2026-09-07 14:39:00,12.0,2
venus-605659,2026-09-07 14:40:05,1.67,8
venus-605660,2026-09-07 14:40:58,0.38,8
venus-605661,2026-09-07 14:41:37,18.55,32
venus-605662,2026-09-07 14:41:51,1.38,8
venus-605663,2026-09-07 14:42:12,0.38,8
venus-605664,2026-09-07 14:42:39,1.0,2
venus-605665,2026-09-07 14:43:16,0.47,1
venus-605666,2026-09-07 14:43:20,1.57,8
venus-605667,2026-09-07 14:43:20,2.83,8
venus-605668,2026-09-07 14:44:59,1.68,8
venus-605669,2026-09-07 14:45:05,7101.47,2
venus-605670,2026-09-07 14:46:00,1.48,2
venus-605671,2026-09-07 14:46:11,0.37,8
venus-605672,2026-09-07 14:46:45,1.62,8
venus-605673,2026-09-07 14:47:54,0.38,8
venus-605674,2026-09-07 14:48:27,1.68,8
venus-605675,2026-09-07 14:49:09,0.47,8
venus-605676,2026-09-07 14:49:50,0.45,8
venus-605677,2026-09-07 14:50:14,1.62,8
venus-605678,2026-09-07 14:51:16,0.62,1
venus-605679,2026-09-07 14:51:38,0.8,2
venus-605680,2026-09-07 14:51:52,5.23,8
venus-605681,2026-09-07 14:51:57,5.2,8
venus-605682,2026-09-07 14:52:28,10.58,4
venus-605684,2026-09-07 14:55:49,6.22,8
venus-605685,2026-09-07 14:55:51,5.48,1
venus-605686,2026-09-07 14:55:59,1.5,1
venus-605688,2026-09-07 14:57:14,1.82,8
venus-605689,2026-09-07 14:57:15,1.48,8
venus-605690,2026-09-07 14:57:42,0.43,1
venus-605692,2026-09-07 14:58:54,2.4,8
venus-605693,2026-09-07 14:59:09,1.63,8
venus-605694,2026-09-07 15:00:15,4.38,32
venus-605695,2026-09-07 15:00:53,1.62,8
venus-605696,2026-09-07 15:01:12,0.42,1
venus-605697,2026-09-07 15:01:23,4.65,8
venus-605698,2026-09-07 15:02:35,1.6,8
venus-605699,2026-09-07 15:03:19,0.48,4
venus-605700,2026-09-07 15:04:16,1.57,8
venus-605701,2026-09-07 15:04:18,0.4,1
venus-605702,2026-09-07 15:04:43,13.07,32
venus-605703,2026-09-07 15:05:30,0.08,2
venus-605704,2026-09-07 15:05:55,2.62,8
venus-605705,2026-09-07 15:06:07,3.47,8
venus-605706,2026-09-07 15:06:38,0.5,1
venus-605707,2026-09-07 15:06:38,97.7,2
venus-605708,2026-09-07 15:07:47,31.42,4
venus-605709,2026-09-07 15:07:48,0.27,1
venus-605710,2026-09-07 15:08:33,30.73,4
venus-605711,2026-09-07 15:09:29,29.5,4
venus-605712,2026-09-07 15:09:40,2.75,8
venus-605714,2026-09-07 15:10:58,28.1,4
venus-605715,2026-09-07 15:12:06,0.22,4
venus-605716,2026-09-07 15:12:34,3.02,8
venus-605717,2026-09-07 15:12:56,0.15,4
venus-605718,2026-09-07 15:13:13,0.17,4
venus-605719,2026-09-07 15:13:50,0.42,1
venus-605720,2026-09-07 15:14:06,0.28,4
venus-605721,2026-09-07 15:15:37,6.15,8
venus-605722,2026-09-07 15:17:52,10.07,32
venus-605723,2026-09-07 15:18:19,245.28,1
venus-605725,2026-09-07 15:18:39,0.18,4
venus-605727,2026-09-07 15:19:32,0.45,1
venus-605728,2026-09-07 15:19:43,0.15,8
venus-605729,2026-09-07 15:19:55,1084.88,4
venus-605731,2026-09-07 15:20:50,1.2,8
venus-605732,2026-09-07 15:21:47,1.38,8
venus-605733,2026-09-07 15:22:04,0.1,8
venus-605734,2026-09-07 15:22:10,0.1,8
venus-605735,2026-09-07 15:22:18,0.07,8
venus-605736,2026-09-07 15:22:20,0.38,1
venus-605737,2026-09-07 15:22:39,92.8,8
venus-605738,2026-09-07 15:23:08,0.32,8
venus-605740,2026-09-07 15:24:13,1.28,8
venus-605742,2026-09-07 15:25:22,12.3,40
venus-605743,2026-09-07 15:26:36,1.42,4
venus-605744,2026-09-07 15:27:01,0.38,1
venus-605745,2026-09-07 15:27:03,3.0,8
venus-605746,2026-09-07 15:28:01,5.52,32
venus-605747,2026-09-07 15:28:02,1.32,4
venus-605748,2026-09-07 15:29:20,7.08,1
venus-605749,2026-09-07 15:29:23,0.62,8
venus-605750,2026-09-07 15:30:02,2.88,8
venus-605751,2026-09-07 15:31:05,3987.82,8
venus-605752,2026-09-07 15:31:19,6.17,8
venus-605753,2026-09-07 15:32:57,11.22,8
venus-605754,2026-09-07 15:33:37,3.02,32
venus-605755,2026-09-07 15:36:43,2.4,32
venus-605756,2026-09-07 15:37:32,2.13,8
venus-605757,2026-09-07 15:37:40,9.55,40
venus-605758,2026-09-07 15:39:44,7.83,8
venus-605759,2026-09-07 15:41:52,0.37,1
venus-605760,2026-09-07 15:42:50,0.38,1
venus-605761,2026-09-07 15:42:53,3.12,104
venus-605762,2026-09-07 15:43:06,0.02,1
venus-605764,2026-09-07 15:44:10,0.4,1
venus-605765,2026-09-07 15:44:12,0.18,4
venus-605766,2026-09-07 15:44:24,0.22,4
venus-605767,2026-09-07 15:44:39,0.1,4
venus-605768,2026-09-07 15:44:46,1.23,4
venus-605769,2026-09-07 15:46:02,1.2,4
venus-605770,2026-09-07 15:46:05,1.17,104
venus-605771,2026-09-07 15:47:13,10.45,8
venus-605772,2026-09-07 15:47:16,1.28,4
venus-605773,2026-09-07 15:47:21,2.43,136
venus-605775,2026-09-07 15:48:35,1.18,4
venus-605776,2026-09-07 15:48:36,0.65,8
venus-605777,2026-09-07 15:49:36,3.08,8
venus-605778,2026-09-07 15:49:49,1.25,4
venus-605779,2026-09-07 15:49:52,7.67,136
venus-605780,2026-09-07 15:50:49,0.38,1
venus-605781,2026-09-07 15:51:05,1.22,4
venus-605782,2026-09-07 15:51:42,99.43,16
venus-605783,2026-09-07 15:52:20,1.52,4
venus-605784,2026-09-07 15:52:42,2.4,8
venus-605786,2026-09-07 15:53:53,2.45,8
venus-605787,2026-09-07 15:55:44,0.25,1
venus-605788,2026-09-07 15:55:47,0.75,8
venus-605789,2026-09-07 15:56:20,0.2,8
venus-605790,2026-09-07 15:56:35,0.93,8
venus-605791,2026-09-07 15:57:04,0.88,16
venus-605792,2026-09-07 15:57:22,0.38,8
venus-605793,2026-09-07 15:57:33,0.15,8
venus-605794,2026-09-07 15:57:37,0.08,136
venus-605795,2026-09-07 15:57:44,2.87,8
venus-605796,2026-09-07 15:57:47,11.18,144
venus-605797,2026-09-07 15:58:04,2353.22,8
venus-605798,2026-09-07 15:58:05,4.45,8
venus-605799,2026-09-07 16:00:37,2.93,8
venus-605800,2026-09-07 16:03:35,2.65,8
venus-605801,2026-09-07 16:03:44,1.73,8
venus-605802,2026-09-07 16:05:30,2.32,8
venus-605803,2026-09-07 16:06:16,2.67,8
venus-605804,2026-09-07 16:08:58,2.63,8
venus-605805,2026-09-07 16:09:03,8.07,144
venus-605806,2026-09-07 16:10:09,2.12,8
venus-605807,2026-09-07 16:11:38,2.72,8
venus-605808,2026-09-07 16:12:20,2.02,8
venus-605809,2026-09-07 16:14:23,2.72,8
venus-605810,2026-09-07 16:15:41,7.95,8
venus-605811,2026-09-07 16:17:08,0.4,8
venus-605812,2026-09-07 16:17:12,0.42,144
venus-605813,2026-09-07 16:17:32,0.03,1
venus-605814,2026-09-07 16:17:42,37.75,152
venus-605815,2026-09-07 16:18:22,16.9,1
venus-605816,2026-09-07 16:18:50,9.75,2
venus-605817,2026-09-07 16:23:56,0.3,8
venus-605818,2026-09-07 16:24:26,2.5,8
venus-605819,2026-09-07 16:27:37,101.57,8
venus-605820,2026-09-07 16:28:16,0.1,1
venus-605821,2026-09-07 16:28:42,15.63,2
venus-605822,2026-09-07 16:29:04,0.22,1
venus-605823,2026-09-07 16:29:48,0.08,1
venus-605824,2026-09-07 16:30:56,0.32,1
venus-605825,2026-09-07 16:32:17,0.6,1
venus-605826,2026-09-07 16:32:24,0.13,4
venus-605827,2026-09-07 16:32:34,1.5,6
venus-605828,2026-09-07 16:34:35,12.75,6
venus-605829,2026-09-07 16:35:16,16.65,1
venus-605830,2026-09-07 16:36:24,0.58,1
venus-605831,2026-09-07 16:37:29,0.32,1
venus-605832,2026-09-07 16:38:00,0.58,1
venus-605835,2026-09-07 16:40:18,0.07,4
venus-605836,2026-09-07 16:41:07,0.1,4
venus-605837,2026-09-07 16:42:10,1.5,1
venus-605838,2026-09-07 16:43:21,1.83,8
venus-605839,2026-09-07 16:43:22,3.85,1
venus-605840,2026-09-07 16:43:34,8333.25,2
venus-605841,2026-09-07 16:43:36,0.1,4
venus-606130,2026-09-07 16:44:55,31.0,2
venus-606151,2026-09-07 16:45:57,1.82,8
venus-606172,2026-09-07 16:46:41,0.08,4
venus-606185,2026-09-07 16:48:15,8.02,1
venus-606186,2026-09-07 16:48:15,0.1,4
venus-606188,2026-09-07 16:48:27,2.45,8
venus-606189,2026-09-07 16:50:29,6.82,1
venus-606190,2026-09-07 16:50:29,0.1,4
venus-606191,2026-09-07 16:50:58,1.72,1
venus-606192,2026-09-07 16:51:29,2.58,8
venus-606193,2026-09-07 16:51:34,0.1,4
venus-606194,2026-09-07 16:51:55,16.92,1
venus-606195,2026-09-07 16:52:26,0.55,1
venus-606196,2026-09-07 16:52:46,0.13,4
venus-606198,2026-09-07 16:53:29,12.17,6
venus-606199,2026-09-07 16:53:31,0.43,4
venus-606200,2026-09-07 16:55:02,2.63,8
venus-606201,2026-09-07 16:55:32,21.42,160
venus-606202,2026-09-07 16:56:34,0.68,4
venus-606203,2026-09-07 16:56:54,0.42,1
venus-606204,2026-09-07 16:57:23,0.8,1
venus-606205,2026-09-07 16:57:37,0.7,4
venus-606207,2026-09-07 16:57:58,0.42,1
venus-606208,2026-09-07 16:58:00,2.28,8
venus-606210,2026-09-07 16:59:17,0.68,4
venus-606215,2026-09-07 17:00:20,2.87,8
venus-606216,2026-09-07 17:00:25,1.18,1
venus-606217,2026-09-07 17:02:00,2.68,1
venus-606219,2026-09-07 17:03:14,0.4,1
venus-606220,2026-09-07 17:03:17,6.67,8
venus-606221,2026-09-07 17:03:27,0.07,8
venus-606222,2026-09-07 17:04:37,3.0,1
venus-606223,2026-09-07 17:04:52,287.35,4
venus-606224,2026-09-07 17:05:12,0.43,1
venus-606225,2026-09-07 17:05:18,2.08,1
venus-606226,2026-09-07 17:05:21,0.68,4
venus-606227,2026-09-07 17:06:43,0.42,1
venus-606228,2026-09-07 17:08:07,4.08,1
venus-606229,2026-09-07 17:08:41,11.95,6
venus-606230,2026-09-07 17:08:46,0.4,1
venus-606231,2026-09-07 17:08:51,16.93,1
venus-606247,2026-09-07 17:11:46,2.28,4
venus-606252,2026-09-07 17:12:42,3.57,8
venus-606253,2026-09-07 17:12:51,0.4,1
venus-606254,2026-09-07 17:13:58,2387.63,8
venus-606256,2026-09-07 17:14:40,2.27,4
venus-606258,2026-09-07 17:17:02,3.28,160
venus-606259,2026-09-07 17:17:21,6.0,8
venus-606260,2026-09-07 17:18:22,1.62,4
venus-606261,2026-09-07 17:20:15,8922.17,160
venus-606269,2026-09-07 17:21:31,48.18,2
venus-606271,2026-09-07 17:21:54,8.88,6
venus-606280,2026-09-07 17:23:23,5.5,8
venus-606285,2026-09-07 17:25:08,2.18,4
venus-606286,2026-09-07 17:25:47,17.1,1
venus-606287,2026-09-07 17:27:17,0.4,1
venus-606288,2026-09-07 17:28:57,7.83,8
venus-606289,2026-09-07 17:30:06,2.42,4
venus-606290,2026-09-07 17:31:49,0.47,1
venus-606291,2026-09-07 17:32:08,36.08,1
venus-606292,2026-09-07 17:32:08,36.05,1
venus-606293,2026-09-07 17:32:08,35.98,1
venus-606294,2026-09-07 17:32:08,36.12,1
venus-606295,2026-09-07 17:32:08,36.02,1
venus-606296,2026-09-07 17:32:08,36.03,1
venus-606297,2026-09-07 17:32:08,35.98,1
venus-606298,2026-09-07 17:32:08,36.02,1
venus-606299,2026-09-07 17:32:14,0.13,6
venus-606300,2026-09-07 17:32:31,99.08,1
venus-606301,2026-09-07 17:32:31,99.08,1
venus-606302,2026-09-07 17:32:31,99.08,1
venus-606303,2026-09-07 17:32:31,99.08,1
venus-606304,2026-09-07 17:32:31,99.08,1
venus-606305,2026-09-07 17:32:31,99.08,1
venus-606306,2026-09-07 17:32:31,99.08,1
venus-606307,2026-09-07 17:32:31,99.08,1
venus-606308,2026-09-07 17:32:34,14.2,6
venus-606310,2026-09-07 17:32:58,0.42,1
venus-606311,2026-09-07 17:33:32,0.05,8
venus-606312,2026-09-07 17:33:58,1047.6,16
venus-606313,2026-09-07 17:34:13,11.1,1
venus-606314,2026-09-07 17:36:27,2.0,4
venus-606315,2026-09-07 17:37:22,9.28,8
venus-606316,2026-09-07 17:37:26,0.03,1
venus-606317,2026-09-07 17:40:58,1.65,4
venus-606318,2026-09-07 17:42:53,17.28,1
venus-606319,2026-09-07 17:43:25,1.0,4
venus-606320,2026-09-07 17:46:41,3.22,8
venus-606322,2026-09-07 17:47:14,1.87,4
venus-606323,2026-09-07 17:48:08,0.42,1
venus-606324,2026-09-07 17:50:18,1.02,4
venus-606325,2026-09-07 17:52:01,2.5,8
venus-606327,2026-09-07 17:55:50,7.3,1
venus-606328,2026-09-07 17:55:54,3.0,1
venus-606329,2026-09-07 17:58:28,13.48,6
venus-606330,2026-09-07 18:00:10,16.73,1
venus-606331,2026-09-07 18:00:19,0.92,4
venus-606332,2026-09-07 18:02:12,2.02,4
venus-606333,2026-09-07 18:02:38,0.63,8
venus-606334,2026-09-07 18:04:09,0.63,8
venus-606335,2026-09-07 18:06:43,0.6,8
venus-606336,2026-09-07 18:08:08,35.78,1
venus-606337,2026-09-07 18:08:08,36.1,1
venus-606338,2026-09-07 18:08:10,35.88,1
venus-606339,2026-09-07 18:08:10,35.92,1
venus-606340,2026-09-07 18:08:11,35.92,1
venus-606341,2026-09-07 18:08:11,35.68,1
venus-606342,2026-09-07 18:08:13,36.02,1
venus-606343,2026-09-07 18:08:15,35.38,1
venus-606344,2026-09-07 18:10:40,3.43,8
venus-606345,2026-09-07 18:10:55,0.62,8
venus-606346,2026-09-07 18:14:05,2.78,1
venus-606347,2026-09-07 18:14:40,3.38,8
venus-606348,2026-09-07 18:15:46,0.22,1
venus-606349,2026-09-07 18:16:54,16.97,1
venus-606350,2026-09-07 18:17:48,0.53,8
venus-606351,2026-09-07 18:18:14,18.4,6
venus-606352,2026-09-07 18:18:31,0.03,8
venus-606353,2026-09-07 18:19:11,3.5,8
venus-606354,2026-09-07 18:21:35,88.47,1
venus-606355,2026-09-07 18:21:36,0.42,1
venus-606356,2026-09-07 18:22:54,2.83,8
venus-606357,2026-09-07 18:23:12,0.05,4
venus-606358,2026-09-07 18:23:48,1.3,4
venus-606359,2026-09-07 18:25:30,2.25,1
venus-606360,2026-09-07 18:26:01,3.43,4
venus-606361,2026-09-07 18:26:36,1.68,8
venus-606363,2026-09-07 18:29:48,2.38,8
venus-606364,2026-09-07 18:32:59,0.62,8
venus-606365,2026-09-07 18:33:52,16.85,1
venus-606366,2026-09-07 18:33:54,37.22,4
venus-606367,2026-09-07 18:34:30,3.83,8
venus-606368,2026-09-07 18:36:39,0.23,8
venus-606369,2026-09-07 18:37:12,0.12,8
venus-606370,2026-09-07 18:38:48,3.73,8
venus-606371,2026-09-07 18:42:33,0.07,8
venus-606372,2026-09-07 18:42:33,5.83,8
venus-606373,2026-09-07 18:43:10,0.1,8
venus-606374,2026-09-07 18:43:37,1.53,8
venus-606375,2026-09-07 18:43:40,21.93,1
venus-606376,2026-09-07 18:43:53,21.87,1
venus-606377,2026-09-07 18:43:55,21.67,1
venus-606378,2026-09-07 18:44:04,21.65,1
venus-606379,2026-09-07 18:44:05,21.6,1
venus-606380,2026-09-07 18:45:10,1.58,8
venus-606381,2026-09-07 18:46:46,0.23,8
venus-606382,2026-09-07 18:47:04,37.1,4
venus-606383,2026-09-07 18:47:57,37.25,4
venus-606384,2026-09-07 18:48:56,7.55,1
venus-606385,2026-09-07 18:49:23,3.77,8
venus-606386,2026-09-07 18:50:44,16.8,1
venus-606387,2026-09-07 18:55:08,2.53,1
venus-606388,2026-09-07 18:57:46,3.53,8
venus-606390,2026-09-07 19:07:32,16.82,1
venus-606391,2026-09-07 19:07:59,9.17,8
venus-606392,2026-09-07 19:08:21,43.25,1
venus-606393,2026-09-07 19:11:36,99.8,1
venus-606394,2026-09-07 19:11:36,96.1,1
venus-606395,2026-09-07 19:11:36,98.05,1
venus-606396,2026-09-07 19:11:36,98.88,1
venus-606397,2026-09-07 19:11:36,99.93,1
venus-606398,2026-09-07 19:11:36,98.33,1
venus-606399,2026-09-07 19:11:36,98.12,1
venus-606400,2026-09-07 19:11:36,99.68,1
venus-606401,2026-09-07 19:12:57,40.53,8
venus-606402,2026-09-07 19:16:56,2.35,1
venus-606403,2026-09-07 19:17:15,3.55,8
venus-606404,2026-09-07 19:23:39,919.2,8
venus-606405,2026-09-07 19:23:53,0.43,8
venus-606406,2026-09-07 19:24:20,0.32,8
venus-606407,2026-09-07 19:24:21,16.78,1
venus-606408,2026-09-07 19:24:39,0.23,8
venus-606409,2026-09-07 19:25:37,1.42,8
venus-606410,2026-09-07 19:25:57,0.02,7
venus-606411,2026-09-07 19:26:10,3.52,8
venus-606412,2026-09-07 19:27:02,2.18,8
venus-606413,2026-09-07 19:29:13,0.27,8
venus-606414,2026-09-07 19:30:03,19.43,8
venus-606415,2026-09-07 19:30:35,3.33,8
venus-606416,2026-09-07 19:33:38,83.47,8
venus-606417,2026-09-07 19:34:18,2.62,8
venus-606418,2026-09-07 19:34:20,929.92,16
venus-606419,2026-09-07 19:37:01,0.87,8
venus-606420,2026-09-07 19:38:13,0.22,8
venus-606421,2026-09-07 19:39:11,1.55,8
venus-606422,2026-09-07 19:40:57,0.87,8
venus-606423,2026-09-07 19:41:08,16.62,1
venus-606424,2026-09-07 19:42:27,1.53,8
venus-606425,2026-09-07 19:44:19,3.53,8
venus-606426,2026-09-07 19:46:31,0.28,8
venus-606427,2026-09-07 19:48:18,1.88,8
venus-606428,2026-09-07 19:49:58,3.37,8
venus-606430,2026-09-07 19:50:16,2.45,1
venus-606431,2026-09-07 19:50:45,2.27,8
venus-606433,2026-09-07 19:54:16,3.63,8
venus-606434,2026-09-07 19:54:17,2.25,4
venus-606435,2026-09-07 19:55:29,1.0,4
venus-606436,2026-09-07 19:57:45,17.08,1
venus-606437,2026-09-07 20:00:05,2.27,1
venus-606438,2026-09-07 20:00:17,131.5,4
venus-606439,2026-09-07 20:00:25,600.62,4
venus-606440,2026-09-07 20:00:29,289.6,4
venus-606441,2026-09-07 20:00:34,233.4,4
venus-606442,2026-09-07 20:02:21,0.05,8
venus-606443,2026-09-07 20:03:44,0.03,8
venus-606444,2026-09-07 20:04:30,0.05,8
venus-606445,2026-09-07 20:05:05,19.25,8
venus-606446,2026-09-07 20:05:28,0.08,8
venus-606447,2026-09-07 20:07:50,1.25,8
venus-606448,2026-09-07 20:09:35,6.62,8
venus-606449,2026-09-07 20:14:48,0.08,8
venus-606450,2026-09-07 20:14:50,16.67,1
venus-606451,2026-09-07 20:15:19,0.12,8
venus-606452,2026-09-07 20:15:42,0.12,8
venus-606453,2026-09-07 20:16:47,2.77,8
venus-606454,2026-09-07 20:17:07,0.23,8
venus-606455,2026-09-07 20:19:48,0.58,8
venus-606458,2026-09-07 20:28:39,0.52,8
venus-606459,2026-09-07 20:29:35,31.97,4
venus-606461,2026-09-07 20:30:23,31.22,4
venus-606462,2026-09-07 20:31:07,0.53,8
venus-606463,2026-09-07 20:31:20,6041.87,8
venus-606464,2026-09-07 20:31:31,16.77,1
venus-606465,2026-09-07 20:31:43,2913.98,16
venus-606466,2026-09-07 20:32:34,0.52,8
venus-606467,2026-09-07 20:32:52,1.7,1
venus-606468,2026-09-07 20:35:53,1.95,8
venus-606469,2026-09-07 20:37:19,158.57,8
venus-606470,2026-09-07 20:38:03,41.28,8
venus-606471,2026-09-07 20:38:27,8.68,8
venus-606472,2026-09-07 20:45:34,0.17,4
venus-606473,2026-09-07 20:47:43,48.15,1
venus-606474,2026-09-07 20:48:18,16.68,1
venus-606475,2026-09-07 20:48:23,0.37,8
venus-606476,2026-09-07 20:48:48,1.03,8
venus-606477,2026-09-07 20:48:57,37.35,4
venus-606478,2026-09-07 20:49:40,44.55,1
venus-606479,2026-09-07 20:49:43,44.45,1
venus-606480,2026-09-07 20:49:56,47.7,1
venus-606481,2026-09-07 20:50:02,3.43,8
venus-606482,2026-09-07 20:50:30,42.95,1
venus-606483,2026-09-07 20:53:30,1.43,8
venus-606484,2026-09-07 20:54:11,39.02,4
venus-606485,2026-09-07 20:55:04,10.27,8
venus-606486,2026-09-07 20:57:38,0.57,8
venus-606487,2026-09-07 20:58:04,366.3,2
venus-606488,2026-09-07 20:58:35,2.25,4
venus-606489,2026-09-07 20:58:39,0.5,8
venus-606490,2026-09-07 21:00:52,2.77,8
venus-606491,2026-09-07 21:05:00,16.8,1
venus-606492,2026-09-07 21:05:21,1.08,8
venus-606493,2026-09-07 21:06:21,539.38,32
venus-606494,2026-09-07 21:06:32,136.37,8
venus-606495,2026-09-07 21:06:58,3.08,4
venus-606496,2026-09-07 21:10:04,3.53,4
venus-606497,2026-09-07 21:10:05,367.6,2
venus-606498,2026-09-07 21:13:38,2.18,4
venus-606499,2026-09-07 21:13:46,1.7,4
venus-606500,2026-09-07 21:13:49,1.6,4
venus-606501,2026-09-07 21:15:58,386.57,4
venus-606502,2026-09-07 21:17:16,1.77,4
venus-606503,2026-09-07 21:17:40,388.83,4
venus-606504,2026-09-07 21:21:49,17.17,1
venus-606505,2026-09-07 21:34:50,15.47,1
venus-606507,2026-09-07 21:38:59,17.43,1
venus-606508,2026-09-07 21:39:42,0.68,4
venus-606509,2026-09-07 21:41:08,0.68,4
venus-606510,2026-09-07 21:47:38,0.7,4
venus-606511,2026-09-07 21:49:08,50.5,4
venus-606512,2026-09-07 21:50:15,49.28,4
venus-606513,2026-09-07 21:55:26,7856.48,56
venus-606514,2026-09-07 21:56:25,18.15,1
venus-606515,2026-09-07 22:00:39,6.57,1
venus-606516,2026-09-07 22:06:20,1695.82,8
venus-606517,2026-09-07 22:07:04,4.1,8
venus-606518,2026-09-07 22:07:46,1697.53,8
venus-606519,2026-09-07 22:08:24,6.22,1
venus-606520,2026-09-07 22:08:54,141.47,1
venus-606522,2026-09-07 22:14:35,16.9,1
venus-606523,2026-09-07 22:20:31,1697.9,8
venus-606524,2026-09-07 22:22:27,1694.02,8
venus-606527,2026-09-07 22:27:23,0.22,1
venus-606528,2026-09-07 22:29:25,0.1,1
venus-606529,2026-09-07 22:30:54,0.18,1
venus-606530,2026-09-07 22:30:59,0.17,1
venus-606531,2026-09-07 22:31:29,16.73,1
venus-606532,2026-09-07 22:32:09,1.6,4
venus-606533,2026-09-07 22:40:03,10841.92,4
venus-606534,2026-09-07 22:40:07,10842.88,4
venus-606535,2026-09-07 22:41:11,0.02,1
venus-606536,2026-09-07 22:41:34,0.02,1
venus-606537,2026-09-07 22:41:59,0.17,1
venus-606538,2026-09-07 22:43:23,0.05,1
venus-606539,2026-09-07 22:47:17,7699.17,2
venus-606540,2026-09-07 22:48:13,17.22,1
venus-606541,2026-09-07 22:50:03,4.6,4
venus-606542,2026-09-07 23:02:08,0.23,1
venus-606543,2026-09-07 23:05:26,17.02,1
venus-606544,2026-09-07 23:08:59,0.02,1
venus-606545,2026-09-07 23:09:16,0.17,1
venus-606546,2026-09-07 23:09:48,0.08,1
venus-606547,2026-09-07 23:11:53,0.18,1
venus-606548,2026-09-07 23:12:11,0.08,1
venus-606549,2026-09-07 23:12:50,0.08,1
venus-606550,2026-09-07 23:13:20,0.08,1
venus-606551,2026-09-07 23:14:09,0.08,1
venus-606552,2026-09-07 23:15:51,0.2,1
venus-606553,2026-09-07 23:16:33,0.08,1
venus-606554,2026-09-07 23:18:32,0.08,1
venus-606555,2026-09-07 23:19:17,0.08,1
venus-606556,2026-09-07 23:19:44,0.08,1
venus-606557,2026-09-07 23:20:05,0.18,1
venus-606558,2026-09-07 23:21:07,0.08,1
venus-606559,2026-09-07 23:22:27,17.33,1
venus-606560,2026-09-07 23:22:56,4.13,8
venus-606561,2026-09-07 23:27:08,0.22,1
venus-606562,2026-09-07 23:27:21,0.38,8
venus-606563,2026-09-07 23:27:51,0.37,8
venus-606564,2026-09-07 23:28:25,0.38,8
venus-606565,2026-09-07 23:29:21,0.97,8
venus-606566,2026-09-07 23:29:36,0.1,1
venus-606567,2026-09-07 23:30:43,4.9,8
venus-606568,2026-09-07 23:30:46,0.4,1
venus-606569,2026-09-07 23:31:56,2.43,1
venus-606570,2026-09-07 23:35:37,0.58,8
venus-606571,2026-09-07 23:36:48,51.52,1
venus-606572,2026-09-07 23:36:54,4.0,8
venus-606574,2026-09-07 23:37:11,0.1,1
venus-606575,2026-09-07 23:37:50,0.1,1
venus-606576,2026-09-07 23:39:48,17.12,1
venus-606577,2026-09-07 23:40:56,2.6,8
venus-606578,2026-09-07 23:43:34,1.65,8
venus-606579,2026-09-07 23:45:07,2.28,1
venus-606580,2026-09-07 23:45:14,1.08,8
venus-606581,2026-09-07 23:46:25,0.12,1
venus-606582,2026-09-07 23:47:12,1.08,8
venus-606583,2026-09-07 23:48:57,2.42,8
venus-606584,2026-09-07 23:51:27,5.0,8
venus-606585,2026-09-07 23:56:33,2.78,8
venus-606586,2026-09-07 23:56:56,17.33,1
venus-606587,2026-09-07 23:59:25,65.93,8
venus-606588,2026-09-08 00:07:56,3.27,1
venus-606589,2026-09-08 00:11:45,0.78,1
venus-606590,2026-09-08 00:14:16,17.37,1
venus-606591,2026-09-08 00:15:07,0.77,1
venus-606592,2026-09-08 00:31:38,17.13,1
venus-606593,2026-09-08 00:48:46,17.35,1
venus-606594,2026-09-08 00:49:24,787.18,6
venus-606595,2026-09-08 01:05:33,1.73,16
venus-606596,2026-09-08 01:06:07,16.72,1
venus-606597,2026-09-08 01:08:15,0.43,16
venus-606598,2026-09-08 01:08:42,1.23,16
venus-606599,2026-09-08 01:10:00,1.72,16
venus-606600,2026-09-08 01:12:25,1.47,16
venus-606601,2026-09-08 01:13:55,1.27,16
venus-606602,2026-09-08 01:15:15,1.73,16
venus-606603,2026-09-08 01:20:46,8.68,16
venus-606604,2026-09-08 01:22:50,16.47,1
venus-606606,2026-09-08 01:30:28,2.18,16
venus-606607,2026-09-08 01:37:21,1.22,16
venus-606608,2026-09-08 01:39:07,569.77,16
venus-606609,2026-09-08 01:39:19,17.43,1
venus-606610,2026-09-08 01:56:45,16.33,1
venus-606611,2026-09-08 02:13:06,16.55,1
venus-606612,2026-09-08 02:29:39,17.05,1
venus-606613,2026-09-08 02:46:42,17.3,1
venus-606614,2026-09-08 03:04:01,17.03,1
venus-606615,2026-09-08 03:21:03,16.88,1
venus-606616,2026-09-08 03:37:56,16.57,1
venus-606617,2026-09-08 03:54:30,17.17,1
venus-606618,2026-09-08 04:11:40,16.73,1
venus-606619,2026-09-08 04:28:24,16.78,1
venus-606620,2026-09-08 04:45:11,16.75,1
venus-606621,2026-09-08 05:01:56,16.7,1
venus-606622,2026-09-08 05:18:38,16.7,1
venus-606623,2026-09-08 05:35:20,16.67,1
venus-606624,2026-09-08 06:06:54,1.72,32
venus-606625,2026-09-08 06:10:31,0.02,32
venus-606626,2026-09-08 06:10:53,4.55,32
venus-606628,2026-09-08 06:28:52,1346.58,32
venus-606630,2026-09-08 06:30:33,100.15,1
venus-606631,2026-09-08 06:30:33,99.77,1
venus-606632,2026-09-08 06:30:33,100.02,1
venus-606633,2026-09-08 06:30:33,98.18,1
venus-606634,2026-09-08 06:30:33,98.0,1
venus-606635,2026-09-08 06:30:33,98.62,1
venus-606636,2026-09-08 06:30:33,98.47,1
venus-606637,2026-09-08 06:30:33,100.37,1
venus-606638,2026-09-08 06:32:01,16.83,1
venus-606639,2026-09-08 07:19:19,2.93,1
venus-606640,2026-09-08 07:23:27,0.23,1
venus-606641,2026-09-08 07:24:24,0.22,1
venus-606642,2026-09-08 07:25:33,5.75,1
venus-606643,2026-09-08 07:41:02,1.53,1
venus-606644,2026-09-08 07:43:28,2.5,1
venus-606645,2026-09-08 07:43:53,17.57,1
venus-606646,2026-09-08 08:08:34,101.13,1
venus-606647,2026-09-08 08:08:44,97.42,1
venus-606648,2026-09-08 08:09:01,98.4,1
venus-606649,2026-09-08 08:09:10,99.35,1
venus-606650,2026-09-08 08:09:25,0.28,1
venus-606651,2026-09-08 08:10:20,99.77,1
venus-606652,2026-09-08 08:10:35,100.53,1
venus-606653,2026-09-08 08:10:42,97.5,1
venus-606654,2026-09-08 08:10:55,98.02,1
venus-606655,2026-09-08 08:11:03,0.28,1
venus-606656,2026-09-08 08:43:12,2.35,1
venus-606657,2026-09-08 08:49:56,0.12,1
venus-606658,2026-09-08 08:52:23,56.43,1
venus-606659,2026-09-08 09:05:18,0.12,1
venus-606660,2026-09-08 09:06:54,73.43,1
venus-606661,2026-09-08 09:13:35,1.1,4
venus-606662,2026-09-08 09:14:46,71.63,1
venus-606663,2026-09-08 09:15:01,1.12,4
venus-606664,2026-09-08 09:31:04,1.2,4
venus-606665,2026-09-08 09:32:35,1.35,4
venus-606666,2026-09-08 09:46:09,60.78,1
venus-606667,2026-09-08 09:47:26,60.43,1
venus-606668,2026-09-08 09:48:13,59.9,1
venus-606669,2026-09-08 09:48:31,59.72,1
venus-606670,2026-09-08 09:48:57,59.33,1
venus-606671,2026-09-08 09:56:54,0.2,4
venus-606674,2026-09-08 10:05:10,88.63,1
venus-606675,2026-09-08 10:09:54,2.12,1
venus-606676,2026-09-08 10:22:33,20.25,8
venus-606677,2026-09-08 10:25:56,7.95,8
venus-606678,2026-09-08 10:27:58,7.97,8
venus-606679,2026-09-08 10:28:27,8.5,8
venus-606681,2026-09-08 10:30:17,0.12,8
venus-606682,2026-09-08 10:30:35,8.72,8
venus-606683,2026-09-08 10:32:08,2.8,1
venus-606684,2026-09-08 10:32:29,3.08,1
venus-606685,2026-09-08 10:32:34,0.27,8
venus-606688,2026-09-08 10:40:23,8.72,8
venus-606690,2026-09-08 10:41:06,0.03,1
venus-606692,2026-09-08 10:41:11,33.63,1
venus-606693,2026-09-08 10:41:15,73.13,1
venus-606694,2026-09-08 10:41:16,8.78,8
venus-606697,2026-09-08 10:45:24,0.32,1
venus-606698,2026-09-08 10:46:42,0.18,1
venus-606699,2026-09-08 10:47:13,0.28,1
venus-606701,2026-09-08 10:48:47,0.28,1
venus-606702,2026-09-08 10:55:00,0.28,1
venus-606703,2026-09-08 10:56:12,0.28,1
venus-606704,2026-09-08 10:56:55,7.1,1
venus-606705,2026-09-08 10:57:44,7.18,8
venus-606707,2026-09-08 11:02:46,1.0,8
venus-606708,2026-09-08 11:04:20,1.22,16
venus-606709,2026-09-08 11:05:23,0.15,1
venus-606710,2026-09-08 11:05:59,23.67,1
venus-606711,2026-09-08 11:06:59,2.1,16
venus-606712,2026-09-08 11:08:16,1.2,8
venus-606713,2026-09-08 11:08:29,318.68,1
venus-606714,2026-09-08 11:08:39,3462.98,1
venus-606715,2026-09-08 11:08:46,9.93,1
venus-606717,2026-09-08 11:09:21,2.2,8
venus-606718,2026-09-08 11:09:22,951.4,16
venus-606719,2026-09-08 11:09:22,0.18,4
venus-606720,2026-09-08 11:10:14,1.73,8
venus-606721,2026-09-08 11:11:34,0.48,8
venus-606722,2026-09-08 11:12:27,1.6,8
venus-606723,2026-09-08 11:14:04,0.53,8
venus-606724,2026-09-08 11:14:38,1.98,8
venus-606725,2026-09-08 11:15:27,1.73,8
venus-606726,2026-09-08 11:15:46,0.87,1
venus-606727,2026-09-08 11:15:48,1.7,8
venus-606728,2026-09-08 11:16:38,1.88,8
venus-606729,2026-09-08 11:16:59,3.85,1
venus-606730,2026-09-08 11:17:12,1.6,8
venus-606731,2026-09-08 11:18:32,0.27,8
venus-606732,2026-09-08 11:18:49,0.23,8
venus-606733,2026-09-08 11:18:49,1.68,8
venus-606734,2026-09-08 11:19:05,0.23,8
venus-606735,2026-09-08 11:19:26,1.72,8
venus-606736,2026-09-08 11:20:30,1.67,8
venus-606737,2026-09-08 11:21:11,2.05,1
venus-606738,2026-09-08 11:21:18,0.15,16
venus-606739,2026-09-08 11:22:10,0.25,8
venus-606761,2026-09-08 11:23:07,1.85,16
venus-606762,2026-09-08 11:23:46,0.15,1
venus-606763,2026-09-08 11:23:55,1.73,8
venus-606764,2026-09-08 11:24:59,0.02,16
venus-606765,2026-09-08 11:25:00,0.03,16
venus-606770,2026-09-08 11:25:02,0.02,16
venus-606771,2026-09-08 11:25:03,1.48,16
venus-606772,2026-09-08 11:25:34,2.03,1
venus-606773,2026-09-08 11:25:44,7.27,1
venus-606775,2026-09-08 11:26:32,0.02,16
venus-606777,2026-09-08 11:26:33,0.02,16
venus-606779,2026-09-08 11:26:34,0.02,16
venus-606782,2026-09-08 11:26:35,0.02,16
venus-606786,2026-09-08 11:26:36,0.02,16
venus-606789,2026-09-08 11:28:58,1.72,8
venus-606790,2026-09-08 11:31:42,32.52,1
venus-606791,2026-09-08 11:32:13,1.7,8
venus-606792,2026-09-08 11:33:27,18.15,1
venus-606793,2026-09-08 11:36:16,1.9,8
venus-606794,2026-09-08 11:37:31,1.47,16
venus-606795,2026-09-08 11:38:59,0.02,16
venus-606796,2026-09-08 11:39:00,0.02,16
venus-606797,2026-09-08 11:39:01,0.02,16
venus-606799,2026-09-08 11:39:02,0.02,16
venus-606803,2026-09-08 11:39:04,0.02,16
venus-606805,2026-09-08 11:39:05,0.02,16
venus-606806,2026-09-08 11:39:06,0.02,16
venus-606807,2026-09-08 11:39:07,1.23,16
venus-606808,2026-09-08 11:39:15,910.98,4
venus-606810,2026-09-08 11:40:22,0.02,16
venus-606811,2026-09-08 11:40:23,0.02,16
venus-606814,2026-09-08 11:40:24,0.02,16
venus-606816,2026-09-08 11:40:25,0.02,16
venus-606817,2026-09-08 11:43:41,1.7,16
venus-606818,2026-09-08 11:45:24,0.02,16
venus-606819,2026-09-08 11:45:25,0.02,16
venus-606824,2026-09-08 11:45:26,0.02,16
venus-606829,2026-09-08 11:45:27,0.02,16
venus-606834,2026-09-08 11:45:28,0.02,16
venus-606839,2026-09-08 11:45:29,0.02,16
venus-606841,2026-09-08 11:45:32,0.78,16
venus-606842,2026-09-08 11:46:19,1.57,16
venus-606846,2026-09-08 11:47:53,0.02,16
venus-606851,2026-09-08 11:47:54,0.02,16
venus-606856,2026-09-08 11:47:55,0.02,16
venus-606860,2026-09-08 11:47:56,0.02,16
venus-606864,2026-09-08 11:48:01,0.33,16
venus-606866,2026-09-08 11:48:21,0.02,16
venus-606868,2026-09-08 11:48:22,0.02,16
venus-606870,2026-09-08 11:48:23,0.02,16
venus-606873,2026-09-08 11:48:24,0.02,16
venus-606874,2026-09-08 11:48:25,0.3,16
venus-606875,2026-09-08 11:51:52,0.05,1
venus-606876,2026-09-08 11:52:09,59.0,1
venus-606877,2026-09-08 11:52:59,422.15,16
venus-606878,2026-09-08 11:58:39,303.55,2
venus-606879,2026-09-08 11:59:27,0.32,16
venus-606881,2026-09-08 12:00:21,9.5,8
venus-606882,2026-09-08 12:00:30,2.05,16
venus-606887,2026-09-08 12:04:30,23.2,16
venus-606891,2026-09-08 12:05:38,0.02,1
venus-606892,2026-09-08 12:06:01,0.62,1
venus-606896,2026-09-08 12:09:04,2.4,1
venus-606897,2026-09-08 12:11:40,0.82,1
venus-606898,2026-09-08 12:12:58,1389.18,8
venus-606899,2026-09-08 12:13:57,0.25,1
venus-606900,2026-09-08 12:15:48,0.38,1
venus-606901,2026-09-08 12:16:29,0.35,1
venus-606902,2026-09-08 12:20:06,0.4,1
venus-606903,2026-09-08 12:22:10,0.37,1
venus-606904,2026-09-08 12:23:27,0.47,1
venus-606905,2026-09-08 12:26:26,0.37,1
venus-606906,2026-09-08 12:27:24,6.27,1
venus-606907,2026-09-08 12:40:29,59.93,1
venus-606909,2026-09-08 12:57:54,12.7,16
venus-606910,2026-09-08 13:01:18,93.72,1
venus-606912,2026-09-08 13:09:16,125.93,1
venus-606915,2026-09-08 13:32:47,0.78,8
venus-606916,2026-09-08 13:34:07,0.83,8
venus-606917,2026-09-08 13:35:34,0.7,8
venus-606918,2026-09-08 13:36:35,3.78,8
venus-606919,2026-09-08 13:40:29,2.78,16
venus-606920,2026-09-08 13:41:12,1301.88,8
venus-606921,2026-09-08 13:45:30,15.6,16
venus-606922,2026-09-08 13:51:55,0.05,1
venus-606923,2026-09-08 13:52:03,1.35,4
venus-606924,2026-09-08 13:54:09,1533.52,4
venus-606925,2026-09-08 13:58:30,1163.05,6
venus-606929,2026-09-08 14:20:27,18.77,16
venus-606930,2026-09-08 14:27:31,3.1,8
venus-606933,2026-09-08 14:39:18,12.35,16
venus-606934,2026-09-08 14:44:11,46.8,1
venus-606935,2026-09-08 14:46:03,11.9,1
venus-606936,2026-09-08 14:47:58,1.72,8
venus-606937,2026-09-08 14:51:21,1.52,1
venus-606938,2026-09-08 14:51:30,1.73,8
venus-606939,2026-09-08 14:52:21,16.32,16
venus-606940,2026-09-08 14:52:49,2.65,1
venus-606943,2026-09-08 14:53:42,1.52,1
venus-606944,2026-09-08 14:54:17,1.2,8
venus-606945,2026-09-08 14:55:38,1.75,8
venus-606946,2026-09-08 14:58:16,1.78,8
venus-606947,2026-09-08 14:59:17,29.7,1
venus-606948,2026-09-08 15:00:05,1.9,8
venus-606949,2026-09-08 15:02:08,2.3,8
venus-606950,2026-09-08 15:04:12,9.82,1
venus-606951,2026-09-08 15:04:57,2.33,8
venus-606954,2026-09-08 15:06:45,0.27,16
venus-606955,2026-09-08 15:07:29,2.43,8
venus-606957,2026-09-08 15:08:58,97.78,16
venus-606958,2026-09-08 15:09:37,0.15,16
venus-606959,2026-09-08 15:10:07,2.57,8
venus-606960,2026-09-08 15:12:46,2.75,8
venus-606962,2026-09-08 15:14:15,20.5,4
venus-606964,2026-09-08 15:17:19,213.43,1
venus-606966,2026-09-08 15:17:50,0.45,16
venus-606968,2026-09-08 15:18:55,0.48,16
venus-606969,2026-09-08 15:19:40,0.13,4
venus-606970,2026-09-08 15:20:11,7.65,16
venus-606973,2026-09-08 15:27:53,11.33,16
venus-606976,2026-09-08 15:31:25,5523.32,1
venus-606981,2026-09-08 15:36:29,0.03,1
venus-606982,2026-09-08 15:36:39,7.35,1
venus-606983,2026-09-08 15:38:26,26.35,1
venus-606984,2026-09-08 15:39:58,11.0,16
venus-606985,2026-09-08 15:44:27,17.0,1
venus-606986,2026-09-08 15:49:19,159.57,1
venus-606987,2026-09-08 15:51:21,21.08,16
venus-606988,2026-09-08 15:54:21,197.02,1
venus-606991,2026-09-08 16:01:40,0.02,1
venus-606993,2026-09-08 16:01:53,15.32,1
venus-606995,2026-09-08 16:02:12,0.62,8
venus-606997,2026-09-08 16:03:27,43.48,8
venus-606998,2026-09-08 16:03:56,0.02,1
venus-607000,2026-09-08 16:05:34,22.98,1
venus-607002,2026-09-08 16:07:51,3.42,1
venus-607003,2026-09-08 16:09:17,20160.42,1
venus-607004,2026-09-08 16:10:10,1.7,8
venus-607005,2026-09-08 16:12:36,3.18,1
venus-607006,2026-09-08 16:12:39,13.52,1
venus-607007,2026-09-08 16:12:56,5600.63,8
venus-607008,2026-09-08 16:15:33,213.8,1
venus-607009,2026-09-08 16:16:23,52.15,16
venus-607010,2026-09-08 16:16:34,1.53,8
venus-607011,2026-09-08 16:17:23,9.92,1
venus-607012,2026-09-08 16:18:44,5595.7,8
venus-607013,2026-09-08 16:19:17,1.1,1
venus-607014,2026-09-08 16:22:28,1.13,1
venus-607016,2026-09-08 16:24:36,1.92,1
venus-607017,2026-09-08 16:24:50,0.32,1
venus-607018,2026-09-08 16:27:41,53.58,1
venus-607019,2026-09-08 16:28:06,5.65,1
venus-607020,2026-09-08 16:28:59,1.57,8
venus-607021,2026-09-08 16:29:18,59.83,1
venus-607022,2026-09-08 16:31:11,216.75,1
venus-607023,2026-09-08 16:31:21,200.17,1
venus-607024,2026-09-08 16:32:14,0.27,1
venus-607025,2026-09-08 16:32:29,5607.45,8
venus-607026,2026-09-08 16:32:56,0.28,1
venus-607027,2026-09-08 16:34:15,2.75,1
venus-607029,2026-09-08 16:38:37,6.18,1
venus-607030,2026-09-08 16:41:46,0.3,1
venus-607031,2026-09-08 16:43:12,0.3,1
venus-607032,2026-09-08 16:44:19,0.3,1
venus-607033,2026-09-08 16:47:08,0.3,1
venus-607034,2026-09-08 16:47:14,1.57,16
venus-607035,2026-09-08 16:47:18,3.9,1
venus-607036,2026-09-08 16:48:50,0.3,1
venus-607038,2026-09-08 16:50:50,0.28,1
venus-607039,2026-09-08 16:51:09,0.43,1
venus-607040,2026-09-08 16:51:47,0.4,16
venus-607041,2026-09-08 16:52:24,0.3,1
venus-607043,2026-09-08 16:52:39,0.55,1
venus-607044,2026-09-08 16:52:43,0.33,16
venus-607045,2026-09-08 16:52:50,5.07,2
venus-607046,2026-09-08 16:53:06,17.55,16
venus-607047,2026-09-08 16:53:33,0.32,1
venus-607051,2026-09-08 16:54:47,0.3,1
venus-607056,2026-09-08 16:55:49,0.88,1
venus-607057,2026-09-08 16:55:59,0.3,1
venus-607058,2026-09-08 16:56:15,44.55,1
venus-607059,2026-09-08 16:59:03,1.53,1
venus-607060,2026-09-08 16:59:10,3.45,1
venus-607061,2026-09-08 17:00:54,1.53,1
venus-607062,2026-09-08 17:02:59,3.47,1
venus-607063,2026-09-08 17:05:26,0.28,1
venus-607064,2026-09-08 17:06:14,0.3,1
venus-607065,2026-09-08 17:06:38,0.02,2
venus-607067,2026-09-08 17:08:03,1.95,4
venus-607068,2026-09-08 17:08:13,0.08,2
venus-607069,2026-09-08 17:08:36,10.57,16
venus-607070,2026-09-08 17:08:40,0.1,2
venus-607071,2026-09-08 17:09:35,0.33,1
venus-607072,2026-09-08 17:10:06,0.07,1
venus-607073,2026-09-08 17:10:36,32.78,1
venus-607074,2026-09-08 17:10:42,0.12,2
venus-607075,2026-09-08 17:10:59,2.05,16
venus-607076,2026-09-08 17:11:25,5.22,2
venus-607077,2026-09-08 17:12:06,469.63,2
venus-607080,2026-09-08 17:14:23,135.5,16
venus-607081,2026-09-08 17:14:28,1.22,1
venus-607082,2026-09-08 17:16:40,0.32,1
venus-607083,2026-09-08 17:17:34,0.33,1
venus-607084,2026-09-08 17:19:06,0.32,1
venus-607086,2026-09-08 17:19:41,0.48,16
venus-607087,2026-09-08 17:20:33,21.83,16
venus-607088,2026-09-08 17:22:28,1.23,1
venus-607089,2026-09-08 17:22:53,0.02,1
venus-607090,2026-09-08 17:23:09,3.1,1
venus-607091,2026-09-08 17:23:38,0.02,2
venus-607092,2026-09-08 17:24:02,422.43,2
venus-607093,2026-09-08 17:24:05,22.13,1
venus-607094,2026-09-08 17:25:04,0.05,1
venus-607095,2026-09-08 17:25:15,60.03,1
venus-607096,2026-09-08 17:25:55,3132.12,8
venus-607097,2026-09-08 17:33:18,0.48,2
venus-607098,2026-09-08 17:34:38,421.73,2
venus-607099,2026-09-08 17:36:47,0.13,1
venus-607100,2026-09-08 17:37:57,0.13,1
venus-607101,2026-09-08 17:38:35,0.13,1
venus-607102,2026-09-08 17:39:58,0.13,1
venus-607103,2026-09-08 17:41:29,38.52,1
venus-607104,2026-09-08 17:42:25,9.92,16
venus-607105,2026-09-08 17:51:27,0.13,1
venus-607106,2026-09-08 17:52:26,140.42,1
venus-607107,2026-09-08 17:58:17,7.7,16
venus-607108,2026-09-08 18:05:39,18485.38,1
venus-607109,2026-09-08 18:06:09,1.98,16
venus-607110,2026-09-08 18:06:21,92.42,2
venus-607111,2026-09-08 18:10:19,0.47,16
venus-607112,2026-09-08 18:24:16,2.25,16
venus-607113,2026-09-08 18:24:37,17.53,16
venus-607114,2026-09-08 18:27:41,0.17,1
venus-607115,2026-09-08 18:28:11,0.12,1
venus-607116,2026-09-08 18:29:10,0.13,1
venus-607117,2026-09-08 18:29:47,0.18,1
venus-607118,2026-09-08 18:30:08,0.48,1
venus-607119,2026-09-08 18:30:53,0.42,1
venus-607120,2026-09-08 18:32:54,0.12,1
venus-607121,2026-09-08 18:34:37,0.07,1
venus-607123,2026-09-08 18:36:03,0.48,1
venus-607124,2026-09-08 18:36:19,0.08,1
venus-607125,2026-09-08 18:36:56,0.08,1
venus-607126,2026-09-08 18:37:32,0.48,1
venus-607127,2026-09-08 18:38:09,0.08,1
venus-607128,2026-09-08 18:38:25,0.48,1
venus-607129,2026-09-08 18:39:46,0.5,1
venus-607131,2026-09-08 18:40:29,2.28,16
venus-607132,2026-09-08 18:41:01,0.03,1
venus-607133,2026-09-08 18:41:05,0.75,1
venus-607134,2026-09-08 18:41:06,0.08,1
venus-607135,2026-09-08 18:42:11,4.72,16
venus-607137,2026-09-08 18:42:58,0.85,1
venus-607139,2026-09-08 18:44:12,0.52,1
venus-607140,2026-09-08 18:45:14,0.23,1
venus-607141,2026-09-08 18:45:56,0.18,1
venus-607142,2026-09-08 18:46:17,0.17,1
venus-607143,2026-09-08 18:47:01,11.43,16
venus-607144,2026-09-08 18:47:02,0.55,1
venus-607145,2026-09-08 18:48:14,0.18,1
venus-607146,2026-09-08 18:49:10,0.27,1
venus-607147,2026-09-08 18:50:11,1.22,1
venus-607148,2026-09-08 18:50:15,2.27,16
venus-607149,2026-09-08 18:54:33,0.03,1
venus-607150,2026-09-08 18:54:37,0.02,1
venus-607151,2026-09-08 18:55:02,0.12,1
venus-607152,2026-09-08 18:55:08,123.6,16
venus-607153,2026-09-08 18:55:55,0.42,1
venus-607154,2026-09-08 18:56:18,2.42,1
venus-607155,2026-09-08 18:57:09,0.57,1
venus-607156,2026-09-08 18:58:32,8.53,16
venus-607157,2026-09-08 18:59:33,0.35,1
venus-607158,2026-09-08 18:59:58,0.57,1
venus-607159,2026-09-08 19:01:04,0.57,1
venus-607160,2026-09-08 19:01:58,0.95,1
venus-607161,2026-09-08 19:02:06,38.12,16
venus-607162,2026-09-08 19:03:29,0.08,1
venus-607163,2026-09-08 19:03:41,0.32,1
venus-607164,2026-09-08 19:06:16,0.38,1
venus-607167,2026-09-08 19:07:01,0.38,1
venus-607168,2026-09-08 19:07:10,384.13,16
venus-607169,2026-09-08 19:07:33,0.42,1
venus-607170,2026-09-08 19:07:58,0.72,1
venus-607172,2026-09-08 19:09:03,0.85,1
venus-607173,2026-09-08 19:10:08,0.02,1
venus-607174,2026-09-08 19:10:11,0.93,1
venus-607177,2026-09-08 19:10:53,1.33,1
venus-607180,2026-09-08 19:12:12,0.38,1
venus-607182,2026-09-08 19:13:15,0.53,1
venus-607184,2026-09-08 19:14:03,0.08,1
venus-607185,2026-09-08 19:14:14,0.38,1
venus-607186,2026-09-08 19:14:53,0.33,1
venus-607187,2026-09-08 19:14:56,0.4,1
venus-607188,2026-09-08 19:15:22,0.8,1
venus-607189,2026-09-08 19:15:22,0.3,1
venus-607190,2026-09-08 19:16:05,1.95,1
venus-607191,2026-09-08 19:22:28,0.77,1
venus-607192,2026-09-08 19:23:19,2.73,1
venus-607193,2026-09-08 19:25:50,1.9,1
venus-607194,2026-09-08 19:27:57,0.08,1
venus-607195,2026-09-08 19:28:57,7.25,1
venus-607196,2026-09-08 19:30:06,0.07,1
venus-607197,2026-09-08 19:30:55,1.18,16
venus-607198,2026-09-08 19:32:19,8.6,16
venus-607199,2026-09-08 19:34:09,3667.63,32
venus-607200,2026-09-08 19:34:22,0.75,1
venus-607201,2026-09-08 19:36:43,6.32,1
venus-607202,2026-09-08 19:37:14,0.77,1
venus-607203,2026-09-08 19:38:12,776.48,4
venus-607205,2026-09-08 19:38:55,13.35,2
venus-607208,2026-09-08 19:41:28,27.08,16
venus-607209,2026-09-08 19:43:17,3.03,1
venus-607211,2026-09-08 19:44:11,2.25,1
venus-607212,2026-09-08 19:44:33,8.63,2
venus-607213,2026-09-08 19:46:46,68.03,1
venus-607214,2026-09-08 19:47:13,3.23,1
venus-607215,2026-09-08 19:47:14,3.2,1
venus-607216,2026-09-08 19:50:57,7.03,1
venus-607217,2026-09-08 19:50:59,6.78,1
venus-607220,2026-09-08 19:53:52,83.1,2
venus-607221,2026-09-08 19:54:09,7.72,8
venus-607222,2026-09-08 19:57:13,2.83,2
venus-607223,2026-09-08 20:00:55,0.02,1
venus-607224,2026-09-08 20:01:10,0.73,1
venus-607225,2026-09-08 20:01:43,6.47,1
venus-607226,2026-09-08 20:01:46,7.07,1
venus-607227,2026-09-08 20:01:52,7.18,8
venus-607228,2026-09-08 20:01:54,2.33,2
venus-607229,2026-09-08 20:04:08,0.55,1
venus-607230,2026-09-08 20:07:46,2.42,2
venus-607231,2026-09-08 20:07:56,32.85,1
venus-607232,2026-09-08 20:08:50,3.5,16
venus-607233,2026-09-08 20:09:04,565.47,8
venus-607234,2026-09-08 20:09:57,5.87,1
venus-607235,2026-09-08 20:09:59,5.83,1
venus-607236,2026-09-08 20:12:39,15.72,16
venus-607241,2026-09-08 20:23:46,9.92,1
venus-607243,2026-09-08 20:25:14,229.08,16
venus-607244,2026-09-08 20:27:46,2.47,2
venus-607245,2026-09-08 20:29:30,31.25,1
venus-607246,2026-09-08 20:31:24,5.83,1
venus-607247,2026-09-08 20:32:25,0.53,1
venus-607248,2026-09-08 20:32:27,0.48,1
venus-607249,2026-09-08 20:34:10,0.87,16
venus-607250,2026-09-08 20:35:15,2.38,16
venus-607251,2026-09-08 20:40:19,5.83,1
venus-607252,2026-09-08 20:42:23,0.07,1
venus-607253,2026-09-08 20:42:26,0.03,1
venus-607254,2026-09-08 20:42:29,2.22,1
venus-607255,2026-09-08 20:42:56,5.27,1
venus-607256,2026-09-08 20:42:58,5.23,1
venus-607257,2026-09-08 20:47:22,3.33,1
venus-607258,2026-09-08 20:47:26,28.57,16
venus-607259,2026-09-08 20:50:26,5864.03,1
venus-607260,2026-09-08 20:50:28,5863.87,1
venus-607261,2026-09-08 20:50:43,6.55,1
venus-607262,2026-09-08 20:50:54,1.22,1
venus-607263,2026-09-08 20:52:44,5.45,1
venus-607264,2026-09-08 21:01:14,32.3,1
venus-607265,2026-09-08 21:01:38,5852.55,1
venus-607266,2026-09-08 21:02:18,1.5,1
venus-607267,2026-09-08 21:04:00,1033.1,1
venus-607268,2026-09-08 21:05:42,33.48,1
venus-607269,2026-09-08 21:07:05,0.17,1
venus-607270,2026-09-08 21:10:47,9.0,1
venus-607271,2026-09-08 21:13:11,5.15,1
venus-607272,2026-09-08 21:16:14,0.45,16
venus-607273,2026-09-08 21:16:49,0.63,16
venus-607274,2026-09-08 21:17:44,0.62,16
venus-607275,2026-09-08 21:18:13,115.8,2
venus-607276,2026-09-08 21:19:15,21.62,16
venus-607278,2026-09-08 21:20:25,0.48,8
venus-607279,2026-09-08 21:21:36,0.47,8
venus-607280,2026-09-08 21:28:32,15484.33,2
venus-607282,2026-09-08 21:31:01,3785.88,1
venus-607283,2026-09-08 21:33:18,30.93,1
venus-607284,2026-09-08 21:37:53,1006.42,1
venus-607285,2026-09-08 21:40:57,0.6,16
venus-607286,2026-09-08 21:42:11,0.58,16
venus-607287,2026-09-08 21:42:47,0.6,16
venus-607288,2026-09-08 21:43:37,0.67,16
venus-607292,2026-09-08 21:44:18,1.95,16
venus-607301,2026-09-08 21:45:16,0.12,1
venus-607305,2026-09-08 21:45:53,0.43,1
venus-607306,2026-09-08 21:46:19,5.87,16
venus-607307,2026-09-08 21:46:25,9.55,16
venus-607308,2026-09-08 21:46:57,0.95,1
venus-607309,2026-09-08 21:48:22,2.18,1
venus-607310,2026-09-08 21:52:11,17.38,16
venus-607311,2026-09-08 21:52:12,0.17,1
venus-607312,2026-09-08 21:52:28,0.22,1
venus-607313,2026-09-08 21:53:00,5.77,1
venus-607314,2026-09-08 21:53:43,982.5,8
venus-607337,2026-09-08 21:55:08,170.03,8
venus-607338,2026-09-08 21:55:59,0.08,16
venus-607339,2026-09-08 21:56:06,0.03,16
venus-607341,2026-09-08 21:56:09,0.02,16
venus-607342,2026-09-08 21:56:10,0.02,16
venus-607343,2026-09-08 21:56:11,0.02,16
venus-607345,2026-09-08 21:56:12,0.02,16
venus-607346,2026-09-08 21:56:13,0.15,16
venus-607348,2026-09-08 21:56:22,0.02,16
venus-607349,2026-09-08 21:56:23,0.02,16
venus-607350,2026-09-08 21:56:24,0.02,16
venus-607351,2026-09-08 21:56:25,0.02,16
venus-607352,2026-09-08 21:56:26,0.02,16
venus-607353,2026-09-08 21:56:27,0.03,16
venus-607355,2026-09-08 21:56:29,0.02,16
venus-607356,2026-09-08 21:56:30,0.02,16
venus-607357,2026-09-08 21:56:31,0.03,16
venus-607358,2026-09-08 21:56:35,541.72,16
venus-607359,2026-09-08 22:01:08,8.17,1
venus-607360,2026-09-08 22:01:12,61.55,1
venus-607361,2026-09-08 22:04:25,697.62,2
venus-607362,2026-09-08 22:08:13,2.08,1
venus-607363,2026-09-08 22:09:35,1.95,16
venus-607364,2026-09-08 22:11:33,32.78,16
venus-607365,2026-09-08 22:32:06,0.05,1
venus-607366,2026-09-08 22:32:21,7.18,1
venus-607370,2026-09-08 22:46:18,9.08,1
venus-607371,2026-09-08 22:48:04,5.03,1
venus-607372,2026-09-08 22:50:55,2.87,1
venus-607373,2026-09-08 22:54:20,1.5,1
venus-607380,2026-09-08 22:56:07,4.43,1
venus-607382,2026-09-08 23:00:57,4.98,1
venus-607384,2026-09-08 23:01:21,11.02,8
venus-607385,2026-09-08 23:03:30,0.45,1
venus-607386,2026-09-08 23:03:38,1686.28,8
venus-607387,2026-09-08 23:04:13,4.03,1
venus-607388,2026-09-08 23:04:14,1697.43,8
venus-607389,2026-09-08 23:05:57,2.78,1
venus-607390,2026-09-08 23:06:31,0.17,1
venus-607391,2026-09-08 23:11:43,0.98,1
venus-607392,2026-09-08 23:13:39,838.67,8
venus-607393,2026-09-08 23:14:22,841.93,8
venus-607394,2026-09-08 23:20:34,8.98,1
venus-607395,2026-09-08 23:24:20,0.6,1
venus-607396,2026-09-08 23:33:01,10.93,1
venus-607397,2026-09-08 23:40:50,0.17,1
venus-607398,2026-09-08 23:49:58,198.83,1
venus-607399,2026-09-09 00:03:21,8.98,1
venus-607400,2026-09-09 00:03:40,0.18,1
venus-607401,2026-09-09 00:04:45,0.12,1
venus-607402,2026-09-09 00:08:17,0.05,1
venus-607403,2026-09-09 00:10:47,0.13,1
venus-607404,2026-09-09 00:19:04,2.03,1
venus-607405,2026-09-09 00:24:05,0.23,1
venus-607406,2026-09-09 00:28:06,0.02,1
venus-607407,2026-09-09 00:28:06,0.23,1
venus-607408,2026-09-09 00:28:29,10.37,1
venus-607409,2026-09-09 00:37:20,0.22,1
venus-607410,2026-09-09 00:38:40,0.3,1
venus-607411,2026-09-09 00:39:45,0.25,1
venus-607412,2026-09-09 00:40:51,0.25,1
venus-607413,2026-09-09 00:42:04,0.25,1
venus-607414,2026-09-09 00:45:10,198.15,8
venus-607415,2026-09-09 00:46:43,5.15,1
venus-607416,2026-09-09 00:47:28,5627.0,1
venus-607417,2026-09-09 00:50:02,0.6,16
venus-607418,2026-09-09 00:51:26,0.58,16
venus-607419,2026-09-09 00:53:21,0.57,16
venus-607420,2026-09-09 00:54:45,0.58,16
venus-607421,2026-09-09 00:55:41,0.63,16
venus-607422,2026-09-09 00:57:28,0.6,16
venus-607423,2026-09-09 01:08:05,2.52,16
venus-607424,2026-09-09 01:10:41,0.43,16
venus-607425,2026-09-09 01:14:54,0.35,16
venus-607426,2026-09-09 01:15:56,3.02,16
venus-607427,2026-09-09 01:19:02,10.32,16
venus-607428,2026-09-09 01:29:23,2.13,16
venus-607429,2026-09-09 01:31:32,0.33,16
venus-607430,2026-09-09 01:32:15,1.3,16
venus-607431,2026-09-09 01:33:46,3.35,16
venus-607432,2026-09-09 01:38:06,0.65,16
venus-607433,2026-09-09 01:38:56,15.8,16
venus-607434,2026-09-09 01:55:02,3.47,32
venus-607435,2026-09-09 01:58:34,8.2,32
venus-607436,2026-09-09 02:07:40,10.83,32
venus-607437,2026-09-09 02:18:40,18.6,32
venus-607438,2026-09-09 02:37:31,6311.98,32
venus-607439,2026-09-09 04:03:20,172.38,8
venus-607440,2026-09-09 05:34:32,1.78,4
venus-607441,2026-09-09 05:35:59,1.27,8
venus-607442,2026-09-09 05:36:21,3.57,8
venus-607443,2026-09-09 05:39:55,1.42,8
venus-607444,2026-09-09 05:40:25,1.23,8
venus-607445,2026-09-09 05:41:20,1.45,4
venus-607446,2026-09-09 05:42:50,2.08,8
venus-607447,2026-09-09 05:44:55,0.87,8
venus-607448,2026-09-09 05:45:47,92.9,8
venus-607449,2026-09-09 05:47:50,3.9,16
venus-607450,2026-09-09 05:52:13,1466.12,16
venus-607451,2026-09-09 05:56:51,1461.35,16
venus-607452,2026-09-09 06:19:23,0.47,8
venus-607456,2026-09-09 06:55:43,168.28,8
venus-607457,2026-09-09 06:58:18,115.7,16
venus-607458,2026-09-09 07:18:43,49.62,8
venus-607459,2026-09-09 07:42:55,0.38,8
venus-607460,2026-09-09 08:03:21,0.4,8
venus-607461,2026-09-09 08:08:20,1.92,8
venus-607462,2026-09-09 08:09:02,0.25,1
venus-607463,2026-09-09 08:10:10,37.7,1
venus-607464,2026-09-09 08:10:15,37.6,8
venus-607465,2026-09-09 08:28:36,2.02,1
venus-607466,2026-09-09 08:30:44,48.4,1
venus-607467,2026-09-09 08:36:13,2.32,1
venus-607469,2026-09-09 08:45:32,10.37,4
venus-607470,2026-09-09 08:47:51,10.57,8
venus-607471,2026-09-09 08:54:01,115.77,16
venus-607472,2026-09-09 08:57:15,2.42,1
venus-607473,2026-09-09 09:03:09,0.47,8
venus-607474,2026-09-09 09:04:43,1.53,8
venus-607475,2026-09-09 09:16:59,1.28,1
venus-607476,2026-09-09 09:18:34,1.28,1
venus-607477,2026-09-09 09:20:21,6.33,1
venus-607478,2026-09-09 09:22:43,37.57,1
venus-607479,2026-09-09 09:23:44,1912.42,6
venus-607481,2026-09-09 09:26:52,8.7,1
venus-607483,2026-09-09 09:35:52,27.98,1
venus-607484,2026-09-09 09:35:56,2.53,1
venus-607485,2026-09-09 09:38:33,391.08,2
venus-607486,2026-09-09 09:41:44,4176.48,4
venus-607487,2026-09-09 09:44:01,5.02,8
venus-607488,2026-09-09 09:49:02,0.02,8
venus-607489,2026-09-09 09:49:03,0.03,8
venus-607490,2026-09-09 09:49:05,0.02,8
venus-607491,2026-09-09 09:49:11,268.02,24
venus-607492,2026-09-09 09:53:24,0.97,4
venus-607493,2026-09-09 09:53:38,0.68,4
venus-607494,2026-09-09 09:54:58,4174.28,4
venus-607495,2026-09-09 09:55:29,0.6,4
venus-607496,2026-09-09 09:56:20,1.93,8
venus-607497,2026-09-09 09:57:16,3476.05,8
venus-607498,2026-09-09 09:57:47,32.53,8
venus-607500,2026-09-09 09:59:09,2.0,8
venus-607501,2026-09-09 10:03:53,1.3,1
venus-607502,2026-09-09 10:04:48,0.2,8
venus-607503,2026-09-09 10:05:20,2.33,1
venus-607504,2026-09-09 10:05:52,0.2,8
venus-607505,2026-09-09 10:07:42,5.67,1
venus-607506,2026-09-09 10:08:13,1.22,1
venus-607507,2026-09-09 10:08:25,0.07,1
venus-607508,2026-09-09 10:09:02,19.32,1
venus-607509,2026-09-09 10:09:05,0.23,8
venus-607510,2026-09-09 10:10:30,44.4,16
venus-607511,2026-09-09 10:10:41,0.47,8
venus-607512,2026-09-09 10:11:16,102.53,8
venus-607513,2026-09-09 10:11:33,1.27,1
venus-607514,2026-09-09 10:12:17,2.4,8
venus-607516,2026-09-09 10:13:28,1.28,1
venus-607519,2026-09-09 10:14:50,0.12,1
venus-607520,2026-09-09 10:14:55,7.92,1
venus-607521,2026-09-09 10:16:48,0.12,1
venus-607522,2026-09-09 10:17:27,0.2,1
venus-607523,2026-09-09 10:20:15,3.05,1
venus-607524,2026-09-09 10:21:48,0.2,1
venus-607525,2026-09-09 10:23:02,21.17,1
venus-607526,2026-09-09 10:24:16,2.85,1
venus-607528,2026-09-09 10:27:57,0.02,1
venus-607529,2026-09-09 10:28:02,1.57,1
venus-607530,2026-09-09 10:28:23,0.82,1
venus-607531,2026-09-09 10:29:13,0.47,1
venus-607532,2026-09-09 10:29:48,2.65,1
venus-607533,2026-09-09 10:30:25,1.0,1
venus-607534,2026-09-09 10:32:35,0.22,1
venus-607535,2026-09-09 10:33:04,2.68,1
venus-607536,2026-09-09 10:33:18,4.53,2
venus-607537,2026-09-09 10:33:32,0.33,1
venus-607538,2026-09-09 10:34:26,0.25,8
venus-607539,2026-09-09 10:35:30,0.18,1
venus-607540,2026-09-09 10:35:42,0.1,1
venus-607541,2026-09-09 10:38:03,0.65,1
venus-607542,2026-09-09 10:38:53,226.5,1
venus-607543,2026-09-09 10:38:55,0.23,8
venus-607544,2026-09-09 10:40:16,13.1,1
venus-607545,2026-09-09 10:41:17,0.23,8
venus-607546,2026-09-09 10:42:43,0.22,8
venus-607547,2026-09-09 10:43:32,2.43,1
venus-607548,2026-09-09 10:44:04,14838.13,2
venus-607549,2026-09-09 10:44:21,20.38,1
venus-607550,2026-09-09 10:44:50,21.08,1
venus-607551,2026-09-09 10:45:49,0.23,8
venus-607552,2026-09-09 10:46:28,20.28,1
venus-607554,2026-09-09 10:46:56,4512.47,8
venus-607555,2026-09-09 10:47:14,0.28,1
venus-607556,2026-09-09 10:48:09,0.97,1
venus-607557,2026-09-09 10:48:52,1.82,1
venus-607558,2026-09-09 10:49:33,35.12,1
venus-607559,2026-09-09 10:49:47,34.55,16
venus-607560,2026-09-09 10:50:19,1.43,1
venus-607561,2026-09-09 10:51:44,0.65,1
venus-607562,2026-09-09 10:51:47,0.62,1
venus-607563,2026-09-09 10:52:18,158.2,2
venus-607564,2026-09-09 10:52:56,0.62,1
venus-607565,2026-09-09 10:53:23,7.03,1
venus-607566,2026-09-09 10:53:42,0.47,1
venus-607567,2026-09-09 10:53:52,0.72,1
venus-607568,2026-09-09 10:53:53,271.22,1
venus-607569,2026-09-09 10:54:09,0.62,1
venus-607570,2026-09-09 10:54:53,0.62,1
venus-607571,2026-09-09 10:55:45,2.23,1
venus-607572,2026-09-09 10:55:52,0.72,1
venus-607573,2026-09-09 10:56:53,0.9,1
venus-607574,2026-09-09 10:56:54,6.17,16
venus-607575,2026-09-09 10:57:49,0.4,1
venus-607576,2026-09-09 10:58:04,0.6,1
venus-607577,2026-09-09 11:00:27,2.65,1
venus-607578,2026-09-09 11:03:07,5.93,1
venus-607580,2026-09-09 11:05:36,0.25,4
venus-607581,2026-09-09 11:07:08,1.15,16
venus-607586,2026-09-09 11:08:50,0.45,8
venus-607587,2026-09-09 11:09:04,6.37,1
venus-607588,2026-09-09 11:09:23,1803.62,8
venus-607589,2026-09-09 11:12:51,0.98,1
venus-607590,2026-09-09 11:15:27,5.05,1
venus-607591,2026-09-09 11:20:31,2.88,1
venus-607592,2026-09-09 11:20:47,3.35,8
venus-607593,2026-09-09 11:22:08,2.83,16
venus-607594,2026-09-09 11:22:41,0.2,16
venus-607595,2026-09-09 11:23:19,15.43,1
venus-607596,2026-09-09 11:24:17,2.75,1
venus-607597,2026-09-09 11:24:20,33.05,16
venus-607598,2026-09-09 11:28:33,0.62,1
venus-607599,2026-09-09 11:29:02,0.02,16
venus-607601,2026-09-09 11:30:34,2.75,1
venus-607602,2026-09-09 11:31:19,0.2,16
venus-607603,2026-09-09 11:35:55,2.5,1
venus-607604,2026-09-09 11:36:22,143.52,4
venus-607605,2026-09-09 11:36:59,5.47,8
venus-607606,2026-09-09 11:38:46,1.68,1
venus-607607,2026-09-09 11:38:51,20.4,16
venus-607608,2026-09-09 11:40:31,124.45,1
venus-607609,2026-09-09 11:42:05,2.52,1
venus-607610,2026-09-09 11:43:20,62.18,1
venus-607611,2026-09-09 11:43:48,0.02,1
venus-607612,2026-09-09 11:43:56,6.63,1
venus-607613,2026-09-09 11:44:54,3.65,8
venus-607614,2026-09-09 11:45:19,2.78,1
venus-607615,2026-09-09 11:46:00,850.92,8
venus-607616,2026-09-09 11:50:48,2.45,1
venus-607617,2026-09-09 11:51:32,389.38,16
venus-607618,2026-09-09 11:51:59,336.87,16
venus-607619,2026-09-09 11:55:51,0.2,16
venus-607620,2026-09-09 11:57:27,31.98,16
venus-607622,2026-09-09 11:59:07,58.62,4
venus-607623,2026-09-09 11:59:22,41.33,16
venus-607624,2026-09-09 12:02:04,0.2,16
venus-607625,2026-09-09 12:03:49,3.23,1
venus-607626,2026-09-09 12:03:51,0.18,16
venus-607627,2026-09-09 12:04:29,0.18,16
venus-607628,2026-09-09 12:04:55,0.18,16
venus-607629,2026-09-09 12:05:24,1.28,1
venus-607630,2026-09-09 12:06:44,0.6,1
venus-607631,2026-09-09 12:07:38,1.42,8
venus-607632,2026-09-09 12:08:10,0.62,1
venus-607633,2026-09-09 12:10:49,1003.52,8
venus-607634,2026-09-09 12:12:51,2.92,1
venus-607635,2026-09-09 12:16:11,0.63,1
venus-607636,2026-09-09 12:20:40,1.47,1
venus-607637,2026-09-09 12:24:00,1.85,1
venus-607638,2026-09-09 12:24:40,1269.3,8
venus-607639,2026-09-09 12:29:26,30.45,16
venus-607640,2026-09-09 12:35:34,3.0,1
venus-607641,2026-09-09 12:39:40,1.85,1
venus-607642,2026-09-09 12:41:29,0.12,16
venus-607643,2026-09-09 12:41:50,1.83,1
venus-607644,2026-09-09 12:42:32,2116.88,16
venus-607645,2026-09-09 12:54:21,0.57,1
venus-607646,2026-09-09 12:58:57,545.78,1
venus-607648,2026-09-09 12:59:53,29.22,16
venus-607650,2026-09-09 13:07:07,3.18,8
venus-607651,2026-09-09 13:17:49,149.4,1
venus-607652,2026-09-09 13:17:58,45.68,1
venus-607653,2026-09-09 13:18:16,281.07,1
venus-607654,2026-09-09 13:25:59,0.8,1
venus-607655,2026-09-09 13:29:07,89.67,16
venus-607656,2026-09-09 13:30:36,15.05,2
venus-607657,2026-09-09 13:32:19,0.2,1
venus-607658,2026-09-09 13:33:23,2.52,1
venus-607659,2026-09-09 13:33:27,0.38,16
venus-607660,2026-09-09 13:37:12,2.33,1
venus-607661,2026-09-09 13:37:21,4.32,1
venus-607665,2026-09-09 13:40:59,14.88,1
venus-607668,2026-09-09 13:42:44,0.35,16
venus-607669,2026-09-09 13:45:47,72.13,1
venus-607670,2026-09-09 13:54:16,1.15,16
venus-607671,2026-09-09 13:56:01,43.72,4
venus-607672,2026-09-09 13:56:13,0.28,16
venus-607676,2026-09-09 14:04:21,0.03,1
venus-607678,2026-09-09 14:14:28,3.5,8
venus-607682,2026-09-09 14:17:07,2779.72,1
venus-607683,2026-09-09 14:17:12,275.58,24
venus-607684,2026-09-09 14:20:27,8.5,6
venus-607685,2026-09-09 14:22:02,12.33,2
venus-607686,2026-09-09 14:29:51,3.82,8
venus-607687,2026-09-09 14:33:51,2.28,8
venus-607688,2026-09-09 14:38:22,0.12,1
venus-607689,2026-09-09 14:39:40,0.15,1
venus-607690,2026-09-09 14:39:51,2.3,8
venus-607691,2026-09-09 14:44:00,0.3,16
venus-607692,2026-09-09 14:44:13,2752.77,1
venus-607693,2026-09-09 14:44:57,0.28,16
venus-607694,2026-09-09 14:45:12,2.25,8
venus-607696,2026-09-09 14:47:26,4.9,1
venus-607697,2026-09-09 14:50:02,2.53,8
venus-607699,2026-09-09 14:51:33,4.52,1
venus-607700,2026-09-09 14:53:12,2.05,16
venus-607701,2026-09-09 14:54:26,2.28,8
venus-607702,2026-09-09 14:57:23,2.18,16
venus-607703,2026-09-09 14:58:05,301.32,2
venus-607704,2026-09-09 14:58:47,88.88,16
venus-607706,2026-09-09 14:59:27,1.63,6
venus-607707,2026-09-09 15:00:03,5.82,16
venus-607708,2026-09-09 15:00:34,14.45,1
venus-607709,2026-09-09 15:01:32,2.8,8
venus-607710,2026-09-09 15:01:54,2.58,8
venus-607711,2026-09-09 15:04:52,26.33,8
venus-607712,2026-09-09 15:05:32,3059.27,8
venus-607713,2026-09-09 15:06:14,2.87,16
venus-607714,2026-09-09 15:06:17,2565.62,16
venus-607715,2026-09-09 15:09:22,1.62,16
venus-607716,2026-09-09 15:13:39,3.32,8
venus-607717,2026-09-09 15:14:36,2952.97,16
venus-607718,2026-09-09 15:16:12,211.07,4
venus-607719,2026-09-09 15:17:14,238.47,4
venus-607721,2026-09-09 15:20:52,16113.5,8
venus-607722,2026-09-09 15:21:17,0.2,8
venus-607723,2026-09-09 15:21:30,2.88,8
venus-607724,2026-09-09 15:22:34,1.18,1
venus-607725,2026-09-09 15:23:46,0.78,1
venus-607726,2026-09-09 15:24:23,62.28,1
venus-607727,2026-09-09 15:24:34,0.27,1
venus-607728,2026-09-09 15:24:52,0.17,1
venus-607729,2026-09-09 15:25:03,3.95,1
venus-607730,2026-09-09 15:28:35,3.47,8
venus-607731,2026-09-09 15:28:49,0.12,1
venus-607732,2026-09-09 15:29:08,0.82,1
venus-607733,2026-09-09 15:29:15,0.23,1
venus-607734,2026-09-09 15:29:51,0.22,1
venus-607735,2026-09-09 15:30:17,16.92,1
venus-607736,2026-09-09 15:31:20,17.57,8
venus-607737,2026-09-09 15:32:47,14.4,2
venus-607739,2026-09-09 15:49:10,291.75,2
venus-607740,2026-09-09 15:50:15,0.12,1
venus-607741,2026-09-09 15:50:29,0.63,1
venus-607742,2026-09-09 15:50:46,1.63,1
venus-607743,2026-09-09 15:54:59,400.6,2
venus-607744,2026-09-09 15:55:07,2.72,1
venus-607745,2026-09-09 15:57:51,0.65,1
venus-607746,2026-09-09 15:59:12,0.65,1
venus-607747,2026-09-09 15:59:59,18.28,1
venus-607749,2026-09-09 16:09:50,517.27,4
venus-607751,2026-09-09 16:19:51,7.22,1
venus-607752,2026-09-09 16:25:15,2.98,8
venus-607753,2026-09-09 16:27:41,89.8,16
venus-607754,2026-09-09 16:30:48,15.98,1
venus-607755,2026-09-09 16:31:46,18.52,1
venus-607756,2026-09-09 16:48:32,11.45,1
venus-607757,2026-09-09 16:52:10,7.2,1
venus-607758,2026-09-09 16:56:07,0.38,1
venus-607759,2026-09-09 16:56:38,0.47,1
venus-607760,2026-09-09 16:57:12,26.88,1
venus-607761,2026-09-09 17:01:32,0.15,1
venus-607762,2026-09-09 17:03:07,0.15,1
venus-607763,2026-09-09 17:03:29,34.22,1
venus-607764,2026-09-09 17:05:57,0.2,1
venus-607765,2026-09-09 17:06:15,0.15,1
venus-607766,2026-09-09 17:06:16,14.65,1
venus-607767,2026-09-09 17:09:11,27.07,1
venus-607768,2026-09-09 17:09:27,33.48,1
venus-607769,2026-09-09 17:09:52,14.43,1
venus-607770,2026-09-09 17:15:18,9.65,1
venus-607771,2026-09-09 17:19:14,0.15,1
venus-607772,2026-09-09 17:20:31,32.22,1
venus-607773,2026-09-09 17:24:34,22.9,1
venus-607774,2026-09-09 17:24:52,14.93,1
venus-607775,2026-09-09 17:25:05,21.78,1
venus-607776,2026-09-09 17:25:59,60.48,1
venus-607783,2026-09-09 17:38:33,11.15,1
venus-607784,2026-09-09 17:42:46,2.42,16
venus-607785,2026-09-09 17:44:54,0.32,1
venus-607786,2026-09-09 17:45:20,0.33,1
venus-607787,2026-09-09 17:45:32,80.98,1
venus-607788,2026-09-09 17:45:39,88.27,1
venus-607789,2026-09-09 17:45:48,159.22,1
venus-607790,2026-09-09 17:46:09,311.17,1
venus-607791,2026-09-09 17:46:41,14.53,1
venus-607792,2026-09-09 17:47:24,67.72,1
venus-607793,2026-09-09 17:47:42,28.43,1
venus-607794,2026-09-09 17:48:48,0.55,16
venus-607796,2026-09-09 17:50:35,13.67,16
venus-607797,2026-09-09 17:51:34,11406.03,8
venus-607798,2026-09-09 17:57:29,92.37,16
venus-607799,2026-09-09 18:03:08,9.02,16
venus-607800,2026-09-09 18:05:22,3.02,8
venus-607801,2026-09-09 18:11:51,0.02,16
venus-607802,2026-09-09 18:11:56,5267.02,16
venus-607803,2026-09-09 18:12:26,0.02,16
venus-607804,2026-09-09 18:13:34,5265.33,16
venus-607805,2026-09-09 18:16:18,0.05,1
venus-607806,2026-09-09 18:16:33,0.12,1
venus-607807,2026-09-09 18:20:04,0.23,1
venus-607808,2026-09-09 18:20:50,0.8,1
venus-607809,2026-09-09 18:21:26,15.9,1
venus-607810,2026-09-09 18:24:53,2.27,1
venus-607811,2026-09-09 18:27:43,43.87,1
venus-607812,2026-09-09 18:30:59,105.77,16
venus-607813,2026-09-09 18:31:36,2.6,24
venus-607814,2026-09-09 18:40:00,5261.15,1
venus-607815,2026-09-09 18:52:47,0.52,24
venus-607816,2026-09-09 18:54:57,2.47,1
venus-607817,2026-09-09 18:55:00,1.23,1
venus-607818,2026-09-09 18:57:23,32.43,1
venus-607819,2026-09-09 18:57:34,9.98,1
venus-607820,2026-09-09 19:00:58,643.9,16
venus-607821,2026-09-09 19:04:12,3.0,8
venus-607822,2026-09-09 19:04:28,15.42,1
venus-607823,2026-09-09 19:06:57,2.95,1
venus-607824,2026-09-09 19:10:27,0.13,1
venus-607825,2026-09-09 19:11:31,184.28,1
venus-607826,2026-09-09 19:15:48,0.07,1
venus-607828,2026-09-09 19:18:20,0.08,1
venus-607829,2026-09-09 19:18:56,0.13,1
venus-607830,2026-09-09 19:20:12,0.05,1
venus-607831,2026-09-09 19:20:23,26.47,1
venus-607832,2026-09-09 19:22:50,8870.38,8
venus-607833,2026-09-09 19:29:46,18.33,8
venus-607834,2026-09-09 19:29:51,89.73,16
venus-607835,2026-09-09 19:31:43,74.15,1
venus-607837,2026-09-09 19:45:12,0.18,8
venus-607838,2026-09-09 19:46:38,6.35,8
venus-607839,2026-09-09 19:47:21,0.03,1
venus-607840,2026-09-09 19:47:32,7.35,1
venus-607841,2026-09-09 19:49:09,2.63,1
venus-607842,2026-09-09 19:52:24,1.3,2
venus-607843,2026-09-09 19:55:19,14.22,1
venus-607844,2026-09-09 19:55:33,0.27,8
venus-607845,2026-09-09 19:56:07,0.73,8
venus-607846,2026-09-09 20:00:15,0.75,8
venus-607847,2026-09-09 20:02:59,7.15,1
venus-607848,2026-09-09 20:04:22,0.15,1
venus-607849,2026-09-09 20:05:29,0.7,8
venus-607850,2026-09-09 20:06:00,20.63,1
venus-607851,2026-09-09 20:06:33,0.72,8
venus-607852,2026-09-09 20:08:52,200.98,4
venus-607853,2026-09-09 20:13:19,8.4,1
venus-607861,2026-09-09 20:22:10,14116.38,1
venus-607863,2026-09-09 20:25:13,295.0,4
venus-607864,2026-09-09 20:25:34,299.7,4
venus-607867,2026-09-09 20:32:56,1027.32,4
venus-607869,2026-09-09 20:34:34,0.43,1
venus-607870,2026-09-09 20:39:08,0.43,1
venus-607871,2026-09-09 20:41:03,0.48,1
venus-607872,2026-09-09 20:42:13,0.3,24
venus-607873,2026-09-09 20:43:51,0.4,1
venus-607874,2026-09-09 20:45:51,2.95,8
venus-607875,2026-09-09 20:55:54,0.7,8
venus-607876,2026-09-09 20:56:12,0.48,1
venus-607877,2026-09-09 20:59:58,0.77,8
venus-607878,2026-09-09 21:00:01,89.63,16
venus-607879,2026-09-09 21:01:28,1.03,8
venus-607880,2026-09-09 21:03:01,0.47,8
venus-607881,2026-09-09 21:03:30,1.9,8
venus-607882,2026-09-09 21:06:29,1369.58,16
venus-607883,2026-09-09 21:27:39,2.75,8
venus-607884,2026-09-09 21:36:48,0.2,1
venus-607885,2026-09-09 21:37:18,0.2,1
venus-607886,2026-09-09 21:38:08,4.75,1
venus-607888,2026-09-09 22:17:56,0.02,1
venus-607890,2026-09-09 22:18:08,0.02,4
venus-607891,2026-09-09 22:28:27,245.03,4
venus-607892,2026-09-09 22:28:39,6.48,8
venus-607893,2026-09-09 22:29:05,0.4,1
venus-607894,2026-09-09 22:29:39,0.25,16
venus-607895,2026-09-09 22:29:54,0.1,16
venus-607896,2026-09-09 22:29:55,5.23,8
venus-607897,2026-09-09 22:30:18,0.37,1
venus-607898,2026-09-09 22:31:18,0.25,8
venus-607899,2026-09-09 22:32:58,2.23,8
venus-607900,2026-09-09 22:34:55,1.32,1
venus-607901,2026-09-09 22:36:04,47.42,8
venus-607902,2026-09-09 22:36:09,47.35,8
venus-607903,2026-09-09 22:36:37,1.13,1
venus-607904,2026-09-09 22:36:59,27.73,8
venus-607907,2026-09-09 22:38:31,12.23,1
venus-607908,2026-09-09 22:39:47,27.13,1
venus-607909,2026-09-09 22:44:40,2.22,1
venus-607910,2026-09-09 22:47:02,3.68,1
venus-607911,2026-09-09 22:47:54,842.08,8
venus-607912,2026-09-09 22:52:18,0.13,1
venus-607914,2026-09-09 22:53:31,16.13,1
venus-607915,2026-09-09 22:54:24,1.37,1
venus-607916,2026-09-09 22:54:56,6.35,1
venus-607917,2026-09-09 22:56:39,11.52,1
venus-607920,2026-09-09 23:03:17,12.68,1
venus-607921,2026-09-09 23:03:30,12.47,1
venus-607924,2026-09-09 23:05:32,0.02,4
venus-607925,2026-09-09 23:05:33,0.02,4
venus-607926,2026-09-09 23:09:30,0.02,4
venus-607927,2026-09-09 23:09:31,0.02,4
venus-607928,2026-09-09 23:10:00,18.15,2
venus-607929,2026-09-09 23:15:26,2.18,1
venus-607933,2026-09-09 23:20:16,89.92,1
venus-607934,2026-09-09 23:20:28,89.47,1
venus-607935,2026-09-09 23:20:49,87.62,1
venus-607936,2026-09-09 23:21:43,27.1,1
venus-607937,2026-09-09 23:23:26,0.02,1
venus-607938,2026-09-09 23:23:28,0.02,1
venus-607941,2026-09-09 23:23:38,0.02,1
venus-607943,2026-09-09 23:23:43,0.02,1
venus-607945,2026-09-09 23:23:48,0.02,1
venus-607946,2026-09-09 23:23:51,0.02,1
venus-607947,2026-09-09 23:23:53,1056.72,8
venus-607949,2026-09-09 23:23:56,1042.3,8
venus-607950,2026-09-09 23:23:56,0.02,1
venus-607952,2026-09-09 23:24:00,660.92,8
venus-607953,2026-09-09 23:24:01,0.02,1
venus-607955,2026-09-09 23:24:06,0.02,1
venus-607956,2026-09-09 23:24:09,0.02,1
venus-607958,2026-09-09 23:24:14,0.02,1
venus-607960,2026-09-09 23:24:19,0.02,1
venus-607962,2026-09-09 23:24:24,0.02,1
venus-607964,2026-09-09 23:24:29,0.02,1
venus-607965,2026-09-09 23:24:32,0.02,1
venus-607967,2026-09-09 23:24:37,0.02,1
venus-607969,2026-09-09 23:24:42,0.02,1
venus-607972,2026-09-09 23:24:50,0.02,1
venus-607974,2026-09-09 23:24:55,0.02,1
venus-607976,2026-09-09 23:25:00,0.02,1
venus-607979,2026-09-09 23:25:08,0.02,1
venus-607981,2026-09-09 23:25:13,0.02,1
venus-607982,2026-09-09 23:25:16,0.02,1
venus-607984,2026-09-09 23:25:21,0.02,1
venus-607986,2026-09-09 23:25:26,0.02,1
venus-607988,2026-09-09 23:25:31,0.02,1
venus-607989,2026-09-09 23:25:34,0.02,1
venus-607991,2026-09-09 23:25:39,0.02,1
venus-607993,2026-09-09 23:25:44,0.02,1
venus-607994,2026-09-09 23:25:47,0.02,1
venus-607996,2026-09-09 23:25:52,0.02,1
venus-607998,2026-09-09 23:25:57,0.02,1
venus-608000,2026-09-09 23:26:02,0.02,1
venus-608002,2026-09-09 23:26:07,0.02,1
venus-608003,2026-09-09 23:26:10,0.02,1
venus-608005,2026-09-09 23:26:15,0.02,1
venus-608007,2026-09-09 23:26:20,0.02,1
venus-608009,2026-09-09 23:26:25,0.02,1
venus-608012,2026-09-09 23:26:33,0.02,1
venus-608014,2026-09-09 23:26:38,0.02,1
venus-608016,2026-09-09 23:26:43,0.02,1
venus-608018,2026-09-09 23:26:48,0.02,1
venus-608019,2026-09-09 23:26:51,0.02,1
venus-608020,2026-09-09 23:26:54,0.02,1
venus-608021,2026-09-09 23:26:57,0.02,1
venus-608023,2026-09-09 23:27:02,0.02,1
venus-608024,2026-09-09 23:27:05,0.02,1
venus-608026,2026-09-09 23:27:10,0.02,1
venus-608027,2026-09-09 23:27:13,0.02,1
venus-608029,2026-09-09 23:27:18,0.02,1
venus-608031,2026-09-09 23:27:23,0.02,1
venus-608032,2026-09-09 23:27:26,0.02,1
venus-608033,2026-09-09 23:27:29,0.02,1
venus-608034,2026-09-09 23:27:32,0.02,1
venus-608036,2026-09-09 23:27:37,0.02,1
venus-608037,2026-09-09 23:27:40,0.02,1
venus-608039,2026-09-09 23:27:45,0.02,1
venus-608041,2026-09-09 23:27:50,0.02,1
venus-608043,2026-09-09 23:27:55,0.02,1
venus-608046,2026-09-09 23:28:03,0.02,1
venus-608048,2026-09-09 23:28:08,0.02,1
venus-608049,2026-09-09 23:28:11,0.02,1
venus-608051,2026-09-09 23:28:16,0.02,1
venus-608052,2026-09-09 23:28:19,0.02,1
venus-608054,2026-09-09 23:28:24,0.02,1
venus-608056,2026-09-09 23:29:11,0.08,4
venus-608057,2026-09-09 23:29:29,194.07,4
venus-608058,2026-09-09 23:31:27,133.87,1
venus-608059,2026-09-09 23:31:47,113.67,1
venus-608060,2026-09-09 23:32:26,144.55,1
venus-608066,2026-09-09 23:38:02,1.87,1
venus-608067,2026-09-09 23:38:37,136.02,32
venus-608068,2026-09-09 23:41:09,8.1,1
venus-608072,2026-09-09 23:49:18,2.35,1
venus-608073,2026-09-09 23:50:38,28.95,1
venus-608074,2026-09-09 23:51:40,1.27,1
venus-608075,2026-09-09 23:53:27,4.73,1
venus-608076,2026-09-09 23:59:24,1.35,1
venus-608077,2026-09-10 00:02:15,670.55,1
venus-608078,2026-09-10 01:51:54,5.03,1
venus-608079,2026-09-10 01:57:24,0.02,1
venus-608080,2026-09-10 01:57:37,4.92,1
venus-608084,2026-09-10 02:03:02,783.05,1
venus-608087,2026-09-10 02:49:34,3.32,1
venus-608089,2026-09-10 03:12:46,3.83,1
venus-608090,2026-09-10 03:19:01,3.57,1
venus-608091,2026-09-10 03:23:24,3.05,1
venus-608092,2026-09-10 03:26:52,4.4,1
venus-608093,2026-09-10 03:32:04,5.28,1
venus-608094,2026-09-10 06:23:50,314.95,16
venus-608095,2026-09-10 06:25:25,4.38,16
venus-608096,2026-09-10 06:50:53,0.23,8
venus-608097,2026-09-10 06:51:29,0.23,8
venus-608098,2026-09-10 08:14:54,0.28,1
venus-608100,2026-09-10 08:17:21,0.5,1
venus-608101,2026-09-10 08:19:54,0.18,8
venus-608102,2026-09-10 08:21:26,266.58,8
venus-608103,2026-09-10 08:59:38,11.03,1
venus-608104,2026-09-10 09:12:28,45.32,1
venus-608105,2026-09-10 09:30:17,0.15,8
venus-608106,2026-09-10 09:31:02,2.2,8
venus-608107,2026-09-10 09:34:21,76.75,8
venus-608108,2026-09-10 09:39:11,0.05,8
venus-608109,2026-09-10 10:04:59,0.83,8
venus-608110,2026-09-10 10:06:38,1.2,8
venus-608112,2026-09-10 10:10:02,1.6,8
venus-608113,2026-09-10 10:12:13,1.62,8
venus-608114,2026-09-10 10:15:38,4.37,8
venus-608116,2026-09-10 10:23:05,197.02,8
venus-608117,2026-09-10 10:27:17,0.85,8
venus-608119,2026-09-10 10:31:16,3.45,4
venus-608121,2026-09-10 10:37:46,21.9,1
venus-608123,2026-09-10 10:41:33,0.42,4
venus-608124,2026-09-10 10:42:43,32.32,1
venus-608125,2026-09-10 10:45:37,0.4,4
venus-608126,2026-09-10 10:46:45,0.48,4
venus-608127,2026-09-10 10:47:44,11.83,4
venus-608128,2026-09-10 10:54:48,156.03,1
venus-608129,2026-09-10 10:58:58,154.6,1
venus-608130,2026-09-10 11:02:29,136.23,1
venus-608131,2026-09-10 11:02:48,221.2,1
venus-608132,2026-09-10 11:03:09,1.7,1
venus-608133,2026-09-10 11:04:55,26.4,1
venus-608134,2026-09-10 11:11:34,0.02,1
venus-608137,2026-09-10 11:12:50,40.85,1
venus-608138,2026-09-10 11:13:01,18.43,1
venus-608139,2026-09-10 11:23:27,11.58,4
venus-608140,2026-09-10 11:31:21,368.28,1
venus-608141,2026-09-10 11:31:28,296.03,1
venus-608142,2026-09-10 11:31:40,57.2,1
venus-608143,2026-09-10 11:34:15,150.52,1
venus-608144,2026-09-10 11:34:35,126.28,1
venus-608145,2026-09-10 11:46:39,11.48,4
venus-608146,2026-09-10 12:01:13,11.68,4
venus-608147,2026-09-10 12:02:51,43.32,1
venus-608151,2026-09-10 12:32:32,131.5,1
venus-608152,2026-09-10 12:46:33,0.02,4
venus-608153,2026-09-10 12:48:18,11.52,4
venus-608155,2026-09-10 12:55:08,57.62,4
venus-608156,2026-09-10 13:16:17,3.1,8
venus-608161,2026-09-10 13:39:44,2379.53,8
venus-608167,2026-09-10 13:53:10,0.02,1
venus-608168,2026-09-10 13:53:40,9.85,1
venus-608169,2026-09-10 13:54:42,1057.85,8
venus-608180,2026-09-10 14:00:41,3.93,4
venus-608181,2026-09-10 14:04:36,4.82,1
venus-608184,2026-09-10 14:08:01,6.15,8
venus-608185,2026-09-10 14:08:14,0.75,8
venus-608186,2026-09-10 14:09:50,3.88,1
venus-608188,2026-09-10 14:12:05,3953.0,1
venus-608189,2026-09-10 14:14:12,4.0,1
venus-608190,2026-09-10 14:14:21,5.32,8
venus-608191,2026-09-10 14:17:59,0.03,4
venus-608192,2026-09-10 14:18:58,2.58,1
venus-608195,2026-09-10 14:19:43,4.0,4
venus-608196,2026-09-10 14:19:48,7.5,8
venus-608197,2026-09-10 14:20:32,120.28,1
venus-608198,2026-09-10 14:20:35,7.92,8
venus-608199,2026-09-10 14:21:57,3.7,1
venus-608202,2026-09-10 14:26:34,3736.37,8
venus-608203,2026-09-10 14:27:03,0.02,4
venus-608204,2026-09-10 14:27:05,0.02,4
venus-608205,2026-09-10 14:28:06,172.67,4
venus-608206,2026-09-10 14:28:31,11.75,4
venus-608210,2026-09-10 14:36:55,2793.25,16
venus-608211,2026-09-10 14:37:53,1.55,8
venus-608212,2026-09-10 14:40:19,7.6,8
venus-608213,2026-09-10 14:42:16,11.5,4
venus-608214,2026-09-10 14:43:14,6.82,1
venus-608215,2026-09-10 14:44:54,338.38,8
venus-608216,2026-09-10 14:48:31,0.75,8
venus-608217,2026-09-10 14:50:24,6.02,8
venus-608218,2026-09-10 14:51:26,7.75,1
venus-608223,2026-09-10 15:02:20,5.83,1
venus-608224,2026-09-10 15:02:35,7.28,1
venus-608225,2026-09-10 15:03:49,2.08,8
venus-608226,2026-09-10 15:07:21,523.63,8
venus-608227,2026-09-10 15:07:56,7.98,4
venus-608228,2026-09-10 15:11:37,4.98,1
venus-608230,2026-09-10 15:15:40,0.12,8
venus-608231,2026-09-10 15:16:17,34.12,1
venus-608232,2026-09-10 15:16:29,3.87,4
venus-608233,2026-09-10 15:20:14,6.07,1
venus-608234,2026-09-10 15:23:34,0.02,4
venus-608235,2026-09-10 15:28:09,6.23,1
venus-608236,2026-09-10 15:30:21,2.38,16
venus-608237,2026-09-10 15:38:55,6.13,1
venus-608238,2026-09-10 15:45:27,113.0,1
venus-608239,2026-09-10 15:49:15,2.27,16
venus-608240,2026-09-10 15:51:48,4.2,1
venus-608241,2026-09-10 16:00:10,3.08,1
venus-608242,2026-09-10 16:05:35,2.27,16
venus-608243,2026-09-10 16:07:06,870.17,4
venus-608244,2026-09-10 16:07:35,7.57,1
venus-608245,2026-09-10 16:11:50,0.73,16
venus-608246,2026-09-10 16:12:54,2.93,1
venus-608247,2026-09-10 16:13:17,36.62,16
venus-608248,2026-09-10 16:15:10,1.12,1
venus-608249,2026-09-10 16:17:34,4.88,1
venus-608250,2026-09-10 16:18:44,8.12,1
venus-608251,2026-09-10 16:23:32,3.47,1
venus-608252,2026-09-10 16:28:25,3.08,1
venus-608253,2026-09-10 16:28:50,5.02,1
venus-608254,2026-09-10 16:34:37,2.93,1
venus-608256,2026-09-10 16:36:14,1.23,1
venus-608259,2026-09-10 16:37:29,29.12,1
venus-608261,2026-09-10 16:38:21,2.88,1
venus-608262,2026-09-10 16:43:42,4.7,1
venus-608263,2026-09-10 16:48:48,98.78,8
venus-608264,2026-09-10 16:48:50,5.75,1
venus-608265,2026-09-10 16:49:06,0.02,4
venus-608266,2026-09-10 16:50:35,4.03,16
venus-608267,2026-09-10 16:52:41,2.55,1
venus-608268,2026-09-10 16:55:37,8.3,16
venus-608269,2026-09-10 17:03:41,0.2,16
venus-608270,2026-09-10 17:04:19,2.65,1
venus-608271,2026-09-10 17:06:37,1.25,1
venus-608272,2026-09-10 17:07:26,3.1,1
venus-608273,2026-09-10 17:07:52,0.2,16
venus-608274,2026-09-10 17:09:04,2.05,1
venus-608275,2026-09-10 17:11:09,6.3,1
venus-608276,2026-09-10 17:11:10,2.58,1
venus-608277,2026-09-10 17:11:24,2.8,1
venus-608278,2026-09-10 17:12:55,0.02,4
venus-608279,2026-09-10 17:14:05,7219.52,16
venus-608280,2026-09-10 17:15:16,3.38,1
venus-608281,2026-09-10 17:16:36,81.65,6
venus-608282,2026-09-10 17:17:54,17.27,1
venus-608283,2026-09-10 17:18:16,316.6,1
venus-608284,2026-09-10 17:18:32,80.25,1
venus-608285,2026-09-10 17:18:44,24.75,1
venus-608288,2026-09-10 17:19:09,146.0,1
venus-608290,2026-09-10 17:20:10,0.98,4
venus-608292,2026-09-10 17:21:11,0.17,4
venus-608293,2026-09-10 17:21:32,590.25,7
venus-608294,2026-09-10 17:21:55,76.22,4
venus-608295,2026-09-10 17:25:52,84.18,1
venus-608296,2026-09-10 17:30:35,84.08,1
venus-608297,2026-09-10 17:32:57,188.53,1
venus-608298,2026-09-10 17:33:22,85.33,1
venus-608299,2026-09-10 17:35:11,3.07,1
venus-608300,2026-09-10 17:38:22,100.25,1
venus-608301,2026-09-10 17:40:19,137.85,1
venus-608302,2026-09-10 17:41:20,2.67,1
venus-608303,2026-09-10 17:49:54,215.72,1
venus-608304,2026-09-10 18:31:20,2.32,8
venus-608305,2026-09-10 18:39:40,471.83,6
venus-608306,2026-09-10 18:41:35,2.07,2
venus-608307,2026-09-10 18:45:59,2.0,2
venus-608308,2026-09-10 18:50:26,2.0,2
venus-608309,2026-09-10 18:53:36,0.45,8
venus-608310,2026-09-10 18:54:17,35.55,8
venus-608311,2026-09-10 18:58:54,2703.7,16
venus-608313,2026-09-10 19:00:19,36.5,1
venus-608314,2026-09-10 19:00:19,37.0,1
venus-608315,2026-09-10 19:00:19,36.78,1
venus-608316,2026-09-10 19:00:19,37.1,1
venus-608317,2026-09-10 19:00:19,36.0,1
venus-608318,2026-09-10 19:00:19,36.78,1
venus-608319,2026-09-10 19:00:19,36.78,1
venus-608320,2026-09-10 19:00:19,36.68,1
venus-608321,2026-09-10 19:21:49,0.02,1
venus-608322,2026-09-10 19:21:59,0.05,1
venus-608323,2026-09-10 19:22:05,1.05,1
venus-608324,2026-09-10 19:23:44,0.03,1
venus-608325,2026-09-10 19:24:32,2.2,1
venus-608326,2026-09-10 19:26:45,1.98,1
venus-608327,2026-09-10 19:26:51,0.68,1
venus-608328,2026-09-10 19:28:45,2.57,1
venus-608329,2026-09-10 19:30:38,0.63,1
venus-608330,2026-09-10 19:31:14,1.8,8
venus-608331,2026-09-10 19:31:49,4.08,1
venus-608332,2026-09-10 19:36:37,4.03,1
venus-608333,2026-09-10 19:36:50,0.67,1
venus-608334,2026-09-10 19:40:59,816.42,1
venus-608335,2026-09-10 19:50:58,40.65,8
venus-608336,2026-09-10 19:58:01,1114.3,1
venus-608337,2026-09-10 20:04:29,0.67,1
venus-608338,2026-09-10 20:10:27,0.63,1
venus-608339,2026-09-10 20:13:23,0.93,1
venus-608340,2026-09-10 20:15:08,0.75,1
venus-608341,2026-09-10 20:17:31,0.75,1
venus-608342,2026-09-10 20:27:35,1.02,1
venus-608343,2026-09-10 20:29:33,1.02,1
venus-608344,2026-09-10 20:29:56,1460.37,16
venus-608345,2026-09-10 20:32:24,0.08,1
venus-608346,2026-09-10 20:42:29,258.2,8
venus-608347,2026-09-10 20:45:58,0.2,1
venus-608348,2026-09-10 20:46:42,0.2,1
venus-608349,2026-09-10 20:47:30,4.3,1
venus-608350,2026-09-10 20:54:13,137.58,1
venus-608351,2026-09-10 20:54:22,137.45,1
venus-608352,2026-09-10 20:54:32,137.28,1
venus-608353,2026-09-10 20:55:32,136.28,1
venus-608354,2026-09-10 20:56:07,135.7,1
venus-608355,2026-09-10 20:57:27,134.38,1
venus-608356,2026-09-10 21:03:30,3.65,1
venus-608357,2026-09-10 22:27:39,3.87,1
venus-608358,2026-09-10 22:32:36,3.82,1
venus-608359,2026-09-10 22:42:18,3.83,1
venus-608360,2026-09-10 22:52:50,1.9,8
venus-608361,2026-09-10 22:54:44,1.42,8
venus-608362,2026-09-10 22:56:09,460.85,8
venus-608363,2026-09-10 23:15:29,32.0,1
venus-608364,2026-09-10 23:15:59,31.8,1
venus-608365,2026-09-10 23:16:10,32.7,1
venus-608366,2026-09-10 23:16:16,31.92,1
venus-608367,2026-09-10 23:16:16,11.98,1
venus-608368,2026-09-10 23:16:16,11.87,1
venus-608369,2026-09-10 23:16:29,32.17,1
venus-608370,2026-09-10 23:16:35,32.0,1
venus-608376,2026-09-10 23:21:57,2985.37,8
venus-608377,2026-09-10 23:22:20,1.35,1
venus-608378,2026-09-10 23:22:23,0.42,4
venus-608379,2026-09-10 23:23:36,1.13,8
venus-608380,2026-09-10 23:24:04,1.58,8
venus-608381,2026-09-10 23:24:20,1.88,1
venus-608382,2026-09-10 23:28:08,28.47,1
venus-608383,2026-09-10 23:28:09,1.43,8
venus-608384,2026-09-10 23:28:15,28.38,1
venus-608385,2026-09-10 23:30:22,1.45,8
venus-608386,2026-09-10 23:32:13,0.02,1
venus-608387,2026-09-10 23:32:14,0.03,1
venus-608389,2026-09-10 23:32:16,0.02,1
venus-608391,2026-09-10 23:32:17,0.03,1
venus-608392,2026-09-10 23:32:25,1.15,1
venus-608393,2026-09-10 23:33:34,0.13,1
venus-608395,2026-09-10 23:33:42,0.02,1
venus-608397,2026-09-10 23:33:43,0.02,1
venus-608398,2026-09-10 23:33:45,1.9,1
venus-608399,2026-09-10 23:34:29,1.52,8
venus-608400,2026-09-10 23:35:39,1.88,1
venus-608401,2026-09-10 23:37:32,0.8,1
venus-608402,2026-09-10 23:38:20,0.03,1
venus-608403,2026-09-10 23:38:22,0.02,1
venus-608405,2026-09-10 23:40:52,1.65,8
venus-608406,2026-09-10 23:42:56,6.5,1
venus-608407,2026-09-10 23:43:03,1.8,8
venus-608408,2026-09-10 23:43:28,4.33,1
venus-608409,2026-09-10 23:47:30,15.3,1
venus-608410,2026-09-10 23:47:47,15.35,1
venus-608411,2026-09-10 23:49:26,6.38,1
venus-608412,2026-09-10 23:51:58,3.92,1
venus-608413,2026-09-10 23:53:45,41.78,8
venus-608416,2026-09-10 23:55:49,6.3,1
venus-608417,2026-09-10 23:57:02,753.28,1
venus-608418,2026-09-10 23:58:10,3.85,1
venus-608419,2026-09-10 23:59:47,48.73,1
venus-608420,2026-09-11 00:02:07,6.37,1
venus-608422,2026-09-11 00:06:19,376.47,1
venus-608423,2026-09-11 00:06:59,499.25,1
venus-608424,2026-09-11 00:07:14,14.98,1
venus-608425,2026-09-11 00:07:32,246.78,1
venus-608426,2026-09-11 00:08:29,6.43,1
venus-608427,2026-09-11 00:14:55,6.53,1
venus-608428,2026-09-11 00:22:59,6.45,1
venus-608429,2026-09-11 00:23:57,3.9,1
venus-608430,2026-09-11 00:29:26,6.35,1
venus-608431,2026-09-11 00:34:53,4.7,1
venus-608432,2026-09-11 00:35:47,0.92,1
venus-608433,2026-09-11 00:36:42,0.2,1
venus-608434,2026-09-11 00:37:01,1.97,1
venus-608438,2026-09-11 00:38:59,1.93,1
venus-608445,2026-09-11 00:40:55,6.38,1
venus-608454,2026-09-11 00:47:18,11.23,1
venus-608456,2026-09-11 00:48:02,2478.77,1
venus-608462,2026-09-11 00:58:32,10.03,1
venus-608464,2026-09-11 01:01:47,38.82,8
venus-608467,2026-09-11 01:08:34,8.67,1
venus-608470,2026-09-11 02:32:33,479.35,6
venus-608471,2026-09-11 05:49:30,102.72,1
venus-608472,2026-09-11 05:49:30,100.73,1
venus-608473,2026-09-11 05:49:30,100.73,1
venus-608474,2026-09-11 05:49:30,102.07,1
venus-608475,2026-09-11 05:49:30,100.73,1
venus-608476,2026-09-11 05:49:30,100.73,1
venus-608477,2026-09-11 05:49:30,102.25,1
venus-608478,2026-09-11 05:49:30,102.35,1
venus-608485,2026-09-11 06:37:00,1.02,4
venus-608486,2026-09-11 06:38:03,1.78,8
venus-608487,2026-09-11 06:39:50,1.4,8
venus-608488,2026-09-11 06:41:14,1.32,4
venus-608489,2026-09-11 06:42:34,1.43,8
venus-608490,2026-09-11 06:44:01,1.42,8
venus-608491,2026-09-11 06:45:26,450.52,8
venus-608492,2026-09-11 06:48:18,6.93,1
venus-608493,2026-09-11 06:55:14,6.77,1
venus-608494,2026-09-11 07:02:00,6.58,1
venus-608495,2026-09-11 07:08:35,6.72,1
venus-608496,2026-09-11 07:15:18,6.92,1
venus-608497,2026-09-11 07:22:13,6.75,1
venus-608498,2026-09-11 07:30:14,100.38,1
venus-608499,2026-09-11 07:30:14,101.75,1
venus-608500,2026-09-11 07:30:14,101.05,1
venus-608501,2026-09-11 07:30:14,102.65,1
venus-608502,2026-09-11 07:31:34,100.43,1
venus-608503,2026-09-11 07:31:45,100.6,1
venus-608504,2026-09-11 07:31:51,102.87,1
venus-608505,2026-09-11 07:32:13,100.87,1
venus-608506,2026-09-11 07:44:56,6.83,1
venus-608507,2026-09-11 07:51:46,6.78,1
venus-608508,2026-09-11 07:58:34,6.48,1
venus-608509,2026-09-11 08:05:03,6.63,1
venus-608510,2026-09-11 08:11:41,6.82,1
venus-608511,2026-09-11 08:14:47,0.87,8
venus-608512,2026-09-11 08:18:30,6.77,1
venus-608513,2026-09-11 08:19:05,32.17,1
venus-608514,2026-09-11 08:55:09,0.45,1
venus-608515,2026-09-11 09:00:26,9.57,8
venus-608516,2026-09-11 09:06:10,0.45,1
venus-608517,2026-09-11 09:10:37,50.03,1
venus-608518,2026-09-11 09:10:40,0.45,1
venus-608519,2026-09-11 09:10:43,2.17,1
venus-608520,2026-09-11 09:11:18,49.65,1
venus-608521,2026-09-11 09:11:59,49.47,1
venus-608522,2026-09-11 09:12:00,49.33,1
venus-608523,2026-09-11 09:13:31,5.58,1
venus-608524,2026-09-11 09:13:52,0.43,1
venus-608525,2026-09-11 09:15:52,0.37,1
venus-608526,2026-09-11 09:17:54,0.42,1
venus-608527,2026-09-11 09:19:11,2.3,1
venus-608528,2026-09-11 09:21:32,2.45,1
venus-608529,2026-09-11 09:22:17,0.42,1
venus-608530,2026-09-11 09:23:37,36.28,1
venus-608531,2026-09-11 09:24:03,2.2,1
venus-608532,2026-09-11 09:24:56,47.1,1
venus-608533,2026-09-11 09:26:43,3.15,1
venus-608534,2026-09-11 09:26:45,0.4,1
venus-608535,2026-09-11 09:27:51,0.42,1
venus-608536,2026-09-11 09:28:41,0.43,1
venus-608537,2026-09-11 09:29:47,0.52,1
venus-608538,2026-09-11 09:29:55,2.35,1
venus-608539,2026-09-11 09:30:45,0.45,1
venus-608540,2026-09-11 09:32:00,0.5,1
venus-608541,2026-09-11 09:32:49,0.47,1
venus-608542,2026-09-11 09:33:44,0.4,1
venus-608543,2026-09-11 09:34:43,0.53,1
venus-608544,2026-09-11 09:35:47,2.27,1
venus-608545,2026-09-11 09:35:49,0.47,1
venus-608546,2026-09-11 09:36:46,0.42,1
venus-608547,2026-09-11 09:38:28,2.27,1
venus-608548,2026-09-11 09:40:54,2.22,1
venus-608549,2026-09-11 09:43:23,3.35,1
venus-608550,2026-09-11 09:46:58,0.05,1
venus-608551,2026-09-11 09:47:35,2.23,1
venus-608552,2026-09-11 09:49:00,242.62,1
venus-608553,2026-09-11 09:49:47,242.67,1
venus-608554,2026-09-11 09:50:15,0.28,1
venus-608555,2026-09-11 09:50:32,0.08,1
venus-608558,2026-09-11 09:50:37,0.02,1
venus-608563,2026-09-11 09:50:38,0.02,1
venus-608564,2026-09-11 09:50:39,0.02,1
venus-608565,2026-09-11 09:50:40,0.02,1
venus-608568,2026-09-11 09:50:41,0.02,1
venus-608571,2026-09-11 09:50:42,0.02,1
venus-608574,2026-09-11 09:50:43,0.02,1
venus-608577,2026-09-11 09:50:44,0.02,1
venus-608580,2026-09-11 09:50:45,0.02,1
venus-608583,2026-09-11 09:50:46,0.02,1
venus-608585,2026-09-11 09:50:47,0.02,1
venus-608588,2026-09-11 09:50:48,0.02,1
venus-608591,2026-09-11 09:50:49,0.08,1
venus-608592,2026-09-11 09:50:54,0.08,1
venus-608593,2026-09-11 09:50:55,241.9,1
venus-608594,2026-09-11 09:51:12,0.67,1
venus-608595,2026-09-11 09:52:52,578.15,1
venus-608596,2026-09-11 09:53:24,0.37,1
venus-608597,2026-09-11 09:53:46,0.17,1
venus-608598,2026-09-11 09:53:56,0.1,1
venus-608599,2026-09-11 09:54:02,0.1,1
venus-608600,2026-09-11 09:54:08,0.1,1
venus-608601,2026-09-11 09:54:14,0.13,1
venus-608602,2026-09-11 09:54:22,0.1,1
venus-608603,2026-09-11 09:54:28,0.1,1
venus-608604,2026-09-11 09:54:34,0.08,1
venus-608605,2026-09-11 09:54:39,0.12,1
venus-608606,2026-09-11 09:54:46,0.1,1
venus-608607,2026-09-11 09:54:47,5.13,1
venus-608608,2026-09-11 09:54:52,0.12,1
venus-608609,2026-09-11 09:54:59,0.12,1
venus-608610,2026-09-11 09:55:06,0.1,1
venus-608611,2026-09-11 09:55:12,0.1,1
venus-608612,2026-09-11 09:55:18,0.1,1
venus-608613,2026-09-11 09:55:24,0.1,1
venus-608614,2026-09-11 09:55:30,0.08,1
venus-608615,2026-09-11 09:55:35,0.08,1
venus-608616,2026-09-11 09:55:40,0.08,1
venus-608617,2026-09-11 09:55:45,0.08,1
venus-608618,2026-09-11 09:55:50,0.08,1
venus-608619,2026-09-11 09:55:55,0.08,1
venus-608620,2026-09-11 09:56:00,0.08,1
venus-608621,2026-09-11 09:56:05,0.08,1
venus-608622,2026-09-11 09:56:10,0.07,1
venus-608623,2026-09-11 09:56:14,0.08,1
venus-608624,2026-09-11 09:56:19,0.08,1
venus-608625,2026-09-11 09:56:24,0.07,1
venus-608626,2026-09-11 09:56:29,0.07,1
venus-608627,2026-09-11 09:56:33,0.08,1
venus-608628,2026-09-11 09:56:38,0.08,1
venus-608629,2026-09-11 09:56:43,0.07,1
venus-608630,2026-09-11 09:56:47,0.08,1
venus-608631,2026-09-11 09:56:52,0.08,1
venus-608632,2026-09-11 09:56:57,0.07,1
venus-608633,2026-09-11 09:57:01,0.08,1
venus-608634,2026-09-11 09:57:06,0.08,1
venus-608635,2026-09-11 09:57:11,0.07,1
venus-608636,2026-09-11 10:01:12,2.17,1
venus-608638,2026-09-11 10:03:09,337.57,1
venus-608639,2026-09-11 10:03:50,3.85,1
venus-608640,2026-09-11 10:05:45,176.98,1
venus-608641,2026-09-11 10:06:14,227.52,1
venus-608642,2026-09-11 10:06:32,227.3,1
venus-608643,2026-09-11 10:07:28,0.1,1
venus-608645,2026-09-11 10:07:34,0.07,1
venus-608649,2026-09-11 10:07:38,0.02,1
venus-608655,2026-09-11 10:07:39,0.02,1
venus-608661,2026-09-11 10:07:40,0.02,1
venus-608662,2026-09-11 10:07:41,0.27,1
venus-608663,2026-09-11 10:07:48,3.32,1
venus-608664,2026-09-11 10:07:57,0.13,1
venus-608666,2026-09-11 10:08:05,0.02,1
venus-608668,2026-09-11 10:08:06,0.02,1
venus-608677,2026-09-11 10:08:08,0.02,1
venus-608682,2026-09-11 10:08:09,0.02,1
venus-608683,2026-09-11 10:12:47,5.88,1
venus-608684,2026-09-11 10:14:13,0.93,1
venus-608685,2026-09-11 10:16:50,1.35,1
venus-608686,2026-09-11 10:18:49,2.12,1
venus-608687,2026-09-11 10:21:32,1.3,1
venus-608688,2026-09-11 10:21:52,2.03,1
venus-608689,2026-09-11 10:22:56,1.28,1
venus-608690,2026-09-11 10:24:10,3.73,1
venus-608691,2026-09-11 10:26:25,1.35,1
venus-608692,2026-09-11 10:28:35,2.15,1
venus-608693,2026-09-11 10:31:49,3.42,8
venus-608694,2026-09-11 10:32:10,308.68,6
venus-608695,2026-09-11 10:34:54,237.08,1
venus-608696,2026-09-11 10:36:49,61.68,8
venus-608697,2026-09-11 10:43:58,116.72,1
venus-608698,2026-09-11 11:23:26,7.9,1
venus-608703,2026-09-11 11:26:58,0.2,1
venus-608706,2026-09-11 11:28:46,1.75,1
venus-608707,2026-09-11 11:28:53,33.2,1
venus-608708,2026-09-11 11:30:51,0.37,2
venus-608709,2026-09-11 11:31:11,1.42,1
venus-608710,2026-09-11 11:31:26,7.1,2
venus-608711,2026-09-11 11:32:31,0.15,1
venus-608712,2026-09-11 11:32:52,0.15,1
venus-608718,2026-09-11 11:35:28,0.2,1
venus-608719,2026-09-11 11:36:35,3.15,1
venus-608720,2026-09-11 11:39:05,459.83,1
venus-608721,2026-09-11 11:39:07,17.52,8
venus-608722,2026-09-11 12:01:58,0.12,8
venus-608723,2026-09-11 12:03:01,8.65,8
venus-608724,2026-09-11 12:10:41,0.08,1
venus-608725,2026-09-11 12:11:54,43.13,8
venus-608726,2026-09-11 12:31:41,0.35,1
venus-608727,2026-09-11 12:40:03,0.88,1
venus-608730,2026-09-11 12:42:39,5.83,1
venus-608732,2026-09-11 12:59:45,0.4,1
venus-608733,2026-09-11 13:00:30,8.25,1
venus-608737,2026-09-11 13:07:52,0.4,1
venus-608738,2026-09-11 13:13:18,0.37,1
venus-608739,2026-09-11 13:18:43,0.38,1
venus-608740,2026-09-11 13:29:31,7.5,8
venus-608741,2026-09-11 13:36:34,0.33,1
venus-608742,2026-09-11 13:37:58,0.47,1
venus-608743,2026-09-11 13:40:04,7.38,8
venus-608744,2026-09-11 13:40:27,0.58,1
venus-608746,2026-09-11 13:43:45,0.37,1
venus-608747,2026-09-11 13:44:20,38.77,1
venus-608748,2026-09-11 13:44:42,1.08,1
venus-608749,2026-09-11 13:52:58,33.17,1
venus-608750,2026-09-11 14:00:13,286.65,1
venus-608751,2026-09-11 14:00:56,298.63,1
venus-608752,2026-09-11 14:01:04,307.95,1
venus-608753,2026-09-11 14:01:10,313.05,1
venus-608754,2026-09-11 14:06:09,1.63,1
venus-608755,2026-09-11 14:06:54,138.55,8
venus-608756,2026-09-11 14:11:16,0.97,1
venus-608757,2026-09-11 14:15:57,91.95,8
venus-608758,2026-09-11 14:22:06,1.33,1
venus-608759,2026-09-11 14:23:42,15.12,4
venus-608760,2026-09-11 14:31:03,860.07,4
venus-608761,2026-09-11 14:35:12,0.02,4
venus-608762,2026-09-11 14:42:44,7740.17,4
venus-608763,2026-09-11 14:51:03,1.05,1
venus-608764,2026-09-11 14:51:49,76.98,1
venus-608765,2026-09-11 14:52:36,4.28,1
venus-608770,2026-09-11 14:57:54,18.75,1
venus-608773,2026-09-11 15:09:36,30.08,4
venus-608778,2026-09-11 15:16:40,4.8,1
venus-608780,2026-09-11 15:21:54,45.1,1
venus-608788,2026-09-11 15:28:39,0.05,1
venus-608789,2026-09-11 15:29:12,4.8,1
venus-608790,2026-09-11 15:33:25,24.82,1
venus-608791,2026-09-11 15:34:48,0.05,1
venus-608793,2026-09-11 15:36:40,0.05,1
venus-608794,2026-09-11 15:37:23,0.08,1
venus-608796,2026-09-11 15:41:26,0.02,1
venus-608797,2026-09-11 15:41:35,1163.38,4
venus-608798,2026-09-11 15:42:01,3025.08,6
venus-608799,2026-09-11 15:42:15,5.03,1
venus-608800,2026-09-11 15:43:14,1.25,8
venus-608801,2026-09-11 15:44:58,3.05,8
venus-608802,2026-09-11 15:47:56,49.58,8
venus-608803,2026-09-11 15:49:19,0.75,8
venus-608804,2026-09-11 15:50:05,3.42,8
venus-608805,2026-09-11 15:50:57,1.17,1
venus-608806,2026-09-11 15:52:55,1.53,1
venus-608807,2026-09-11 15:53:02,0.02,8
venus-608808,2026-09-11 15:53:33,0.2,8
venus-608809,2026-09-11 15:55:03,5.5,1
venus-608810,2026-09-11 15:55:12,0.6,8
venus-608811,2026-09-11 15:56:27,0.2,8
venus-608812,2026-09-11 15:57:07,0.57,8
venus-608813,2026-09-11 15:58:32,0.18,8
venus-608814,2026-09-11 16:00:58,6.03,8
venus-608815,2026-09-11 16:03:18,0.08,1
venus-608816,2026-09-11 16:03:40,3.27,8
venus-608817,2026-09-11 16:05:37,0.42,1
venus-608818,2026-09-11 16:05:46,1.52,1
venus-608819,2026-09-11 16:07:50,3.97,1
venus-608820,2026-09-11 16:08:07,1.75,1
venus-608821,2026-09-11 16:11:50,17.52,1
venus-608823,2026-09-11 16:12:25,1.27,1
venus-608824,2026-09-11 16:12:44,24.78,1
venus-608825,2026-09-11 16:17:40,7.4,1
venus-608826,2026-09-11 16:25:36,0.42,8
venus-608827,2026-09-11 16:26:09,1805.02,8
venus-608828,2026-09-11 16:28:22,3.13,8
venus-608829,2026-09-11 16:29:22,12.42,1
venus-608830,2026-09-11 16:31:44,3.07,8
venus-608832,2026-09-11 16:33:58,5.55,1
venus-608833,2026-09-11 16:35:46,2.25,8
venus-608834,2026-09-11 16:38:06,3.03,8
venus-608835,2026-09-11 16:41:48,4.22,1
venus-608836,2026-09-11 16:44:49,0.13,1
venus-608837,2026-09-11 16:45:14,13.08,1
venus-608838,2026-09-11 16:45:47,0.15,8
venus-608839,2026-09-11 16:47:47,2.87,8
venus-608840,2026-09-11 16:47:55,16.72,1
venus-608841,2026-09-11 16:56:20,3.03,8
venus-608842,2026-09-11 16:59:12,3.32,8
venus-608843,2026-09-11 17:03:13,0.67,1
venus-608844,2026-09-11 17:03:30,8.3,8
venus-608845,2026-09-11 17:06:43,4.48,1
venus-608846,2026-09-11 17:07:47,0.13,1
venus-608847,2026-09-11 17:11:45,3.17,1
venus-608848,2026-09-11 17:12:52,0.12,8
venus-608849,2026-09-11 17:13:03,231.25,8
venus-608850,2026-09-11 17:14:10,3.2,1
venus-608851,2026-09-11 17:16:24,12.02,1
venus-608852,2026-09-11 17:20:35,2.62,1
venus-608853,2026-09-11 17:21:24,140.37,8
venus-608854,2026-09-11 17:23:23,0.9,8
venus-608855,2026-09-11 17:24:53,156.07,8
venus-608856,2026-09-11 17:26:11,0.1,4
venus-608857,2026-09-11 17:27:50,0.08,1
venus-608858,2026-09-11 17:28:45,0.1,1
venus-608859,2026-09-11 17:29:33,3.17,8
venus-608860,2026-09-11 17:32:13,0.2,8
venus-608861,2026-09-11 17:34:09,1.98,1
venus-608862,2026-09-11 17:36:14,5.18,1
venus-608863,2026-09-11 17:36:23,0.03,4
venus-608864,2026-09-11 17:36:31,4.18,4
venus-608865,2026-09-11 17:36:58,0.02,1
venus-608866,2026-09-11 17:37:12,4.22,1
venus-608867,2026-09-11 17:37:20,4.32,1
venus-608868,2026-09-11 17:37:58,5.57,1
venus-608869,2026-09-11 17:41:41,10.78,1
venus-608870,2026-09-11 17:41:45,2.07,4
venus-608871,2026-09-11 17:42:07,0.08,2
venus-608872,2026-09-11 17:43:30,0.28,4
venus-608873,2026-09-11 17:44:10,0.13,1
venus-608874,2026-09-11 17:44:39,5.08,1
venus-608875,2026-09-11 17:44:42,2.13,4
venus-608876,2026-09-11 17:46:42,3.9,1
venus-608877,2026-09-11 17:46:44,3.87,1
venus-608878,2026-09-11 17:47:38,261.83,4
venus-608879,2026-09-11 17:48:45,10.17,2
venus-608880,2026-09-11 17:52:30,1.67,1
venus-608881,2026-09-11 17:54:48,4.27,1
venus-608882,2026-09-11 17:54:51,4.22,1
venus-608883,2026-09-11 17:54:54,4.87,1
venus-608885,2026-09-11 17:59:11,0.45,1
venus-608886,2026-09-11 17:59:47,5.53,1
venus-608887,2026-09-11 18:00:18,8.18,1
venus-608888,2026-09-11 18:00:56,5.32,1
venus-608889,2026-09-11 18:00:57,5.3,1
venus-608890,2026-09-11 18:02:32,0.72,1
venus-608891,2026-09-11 18:04:01,4.33,1
venus-608892,2026-09-11 18:08:37,6.18,1
venus-608894,2026-09-11 18:09:20,8.73,1
venus-608896,2026-09-11 18:11:59,5.0,1
venus-608897,2026-09-11 18:12:02,4.95,1
venus-608898,2026-09-11 18:13:14,2.98,1
venus-608899,2026-09-11 18:16:19,1.27,1
venus-608900,2026-09-11 18:16:34,3.63,1
venus-608901,2026-09-11 18:20:20,922.37,1
venus-608902,2026-09-11 18:20:30,875.55,1
venus-608903,2026-09-11 18:21:45,0.62,1
venus-608905,2026-09-11 18:22:45,8.93,1
venus-608906,2026-09-11 18:23:44,1.2,1
venus-608907,2026-09-11 18:28:06,2.17,4
venus-608908,2026-09-11 18:29:34,3.05,1
venus-608909,2026-09-11 18:32:14,4.8,1
venus-608910,2026-09-11 18:32:34,6.03,1
venus-608911,2026-09-11 18:34:00,11.28,1
venus-608912,2026-09-11 18:38:57,1.0,1
venus-608913,2026-09-11 18:40:36,0.52,1
venus-608914,2026-09-11 18:44:10,0.47,1
venus-608915,2026-09-11 18:45:01,0.05,1
venus-608916,2026-09-11 18:45:07,2.78,16
venus-608917,2026-09-11 18:45:18,3.32,1
venus-608920,2026-09-11 18:47:54,8.82,16
venus-608922,2026-09-11 18:49:34,5.18,1
venus-608923,2026-09-11 18:49:52,0.05,8
venus-608924,2026-09-11 18:50:01,0.3,8
venus-608925,2026-09-11 18:50:10,13.05,8
venus-608926,2026-09-11 18:55:52,2.88,1
venus-608927,2026-09-11 18:57:16,3.12,1
venus-608928,2026-09-11 18:59:25,3.37,1
venus-608929,2026-09-11 19:03:20,3.53,1
venus-608930,2026-09-11 19:04:43,2.13,1
venus-608931,2026-09-11 19:07:05,0.53,8
venus-608933,2026-09-11 19:08:18,135.33,2
venus-608934,2026-09-11 19:16:26,0.02,1
venus-608938,2026-09-11 19:23:25,14.35,8
venus-608939,2026-09-11 19:27:03,3934.45,24
venus-608940,2026-09-11 19:27:21,324.57,1
venus-608941,2026-09-11 19:27:40,379.38,1
venus-608942,2026-09-11 19:27:48,462.65,1
venus-608943,2026-09-11 19:28:06,745.1,1
venus-608944,2026-09-11 19:30:42,24.78,1
venus-608945,2026-09-11 19:37:50,7.42,8
venus-608946,2026-09-11 19:37:56,1.9,8
venus-608947,2026-09-11 19:39:07,319.48,1
venus-608948,2026-09-11 19:39:50,12.18,8
venus-608949,2026-09-11 19:39:57,78.07,1
venus-608950,2026-09-11 19:40:10,22.45,1
venus-608951,2026-09-11 19:40:47,140.12,1
venus-608952,2026-09-11 19:45:27,0.05,8
venus-608953,2026-09-11 19:45:33,3983.22,16
venus-608954,2026-09-11 19:46:02,3.55,8
venus-608955,2026-09-11 19:59:22,0.17,8
venus-608956,2026-09-11 20:08:52,12.17,8
venus-608957,2026-09-11 20:14:16,0.98,1
venus-608958,2026-09-11 20:14:50,0.27,1
venus-608959,2026-09-11 20:15:02,0.22,24
venus-608960,2026-09-11 20:15:28,2889.18,24
venus-608962,2026-09-11 20:16:37,264.43,1
venus-608963,2026-09-11 20:21:07,133.3,8
venus-608964,2026-09-11 20:54:16,2.75,16
venus-608965,2026-09-11 20:57:14,2.03,8
venus-608966,2026-09-11 21:00:05,3.37,8
venus-608967,2026-09-11 21:03:13,0.13,8
venus-608968,2026-09-11 21:03:48,0.02,8
venus-608969,2026-09-11 21:04:00,1.8,8
venus-608970,2026-09-11 21:05:40,18.95,8
venus-608971,2026-09-11 21:06:46,1.77,8
venus-608972,2026-09-11 21:09:40,2.0,8
venus-608973,2026-09-11 21:12:59,0.22,1
venus-608975,2026-09-11 21:19:49,675.25,1
venus-608976,2026-09-11 21:20:14,674.97,1
venus-608978,2026-09-11 21:25:06,0.02,1
venus-608979,2026-09-11 21:25:08,1.22,8
venus-608980,2026-09-11 21:25:28,4.85,1
venus-608981,2026-09-11 21:29:52,1.2,8
venus-608982,2026-09-11 21:32:31,0.2,8
venus-608983,2026-09-11 21:32:46,1.65,8
venus-608984,2026-09-11 21:33:26,3.4,1
venus-608985,2026-09-11 21:36:37,1.73,8
venus-608986,2026-09-11 21:37:03,3.4,1
venus-608987,2026-09-11 21:40:45,3.58,1
venus-608988,2026-09-11 21:40:54,2.03,8
venus-608989,2026-09-11 21:42:59,2.07,8
venus-608990,2026-09-11 21:45:12,1.83,8
venus-608991,2026-09-11 21:46:23,3.37,1
venus-608992,2026-09-11 21:47:31,2.27,8
venus-608993,2026-09-11 21:50:16,2.42,8
venus-608994,2026-09-11 21:52:08,0.02,4
venus-608997,2026-09-11 21:52:45,2.58,8
venus-608998,2026-09-11 21:52:52,3.93,2
venus-609000,2026-09-11 21:55:43,1.03,8
venus-609001,2026-09-11 21:56:21,7.47,1
venus-609002,2026-09-11 21:56:50,2.68,8
venus-609003,2026-09-11 21:57:30,45.73,2
venus-609004,2026-09-11 22:00:02,1.73,8
venus-609005,2026-09-11 22:01:51,1.75,8
venus-609006,2026-09-11 22:02:48,0.12,1
venus-609008,2026-09-11 22:02:55,0.02,1
venus-609009,2026-09-11 22:03:26,0.37,1
venus-609010,2026-09-11 22:03:40,1.92,8
venus-609011,2026-09-11 22:03:48,0.33,1
venus-609012,2026-09-11 22:04:08,0.33,1
venus-609013,2026-09-11 22:05:34,1.75,8
venus-609014,2026-09-11 22:05:40,2.1,8
venus-609015,2026-09-11 22:07:55,2.28,8
venus-609016,2026-09-11 22:08:34,1.72,8
venus-609017,2026-09-11 22:10:18,2.43,8
venus-609018,2026-09-11 22:12:20,1.82,8
venus-609019,2026-09-11 22:12:46,2.55,8
venus-609020,2026-09-11 22:14:30,1.82,8
venus-609021,2026-09-11 22:15:33,2.73,8
venus-609022,2026-09-11 22:18:25,1.73,8
venus-609028,2026-09-11 22:20:16,1.97,8
venus-609029,2026-09-11 22:21:47,354.8,4
venus-609030,2026-09-11 22:22:28,1.92,8
venus-609031,2026-09-11 22:24:35,2.13,8
venus-609032,2026-09-11 22:24:42,1.5,8
venus-609033,2026-09-11 22:25:02,0.22,1
venus-609034,2026-09-11 22:26:05,6.52,1
venus-609035,2026-09-11 22:26:32,1.62,8
venus-609036,2026-09-11 22:26:54,2.3,8
venus-609037,2026-09-11 22:29:18,2.45,8
venus-609038,2026-09-11 22:29:30,1.53,8
venus-609039,2026-09-11 22:30:57,0.37,1
venus-609040,2026-09-11 22:31:19,0.32,1
venus-609041,2026-09-11 22:31:38,0.33,1
venus-609042,2026-09-11 22:31:55,2.85,8
venus-609043,2026-09-11 22:34:11,0.13,8
venus-609044,2026-09-11 22:34:36,0.13,8
venus-609045,2026-09-11 22:34:47,2.77,8
venus-609046,2026-09-11 22:35:02,1.95,8
venus-609047,2026-09-11 22:36:01,3.58,1
venus-609048,2026-09-11 22:37:11,1.85,8
venus-609049,2026-09-11 22:39:10,1.25,8
venus-609050,2026-09-11 22:39:36,0.47,1
venus-609051,2026-09-11 22:40:33,0.68,1
venus-609052,2026-09-11 22:40:54,1.25,8
venus-609053,2026-09-11 22:41:14,0.45,1
venus-609054,2026-09-11 22:41:41,0.45,1
venus-609055,2026-09-11 22:42:58,1.17,8
venus-609056,2026-09-11 22:44:13,0.08,1
venus-609057,2026-09-11 22:44:22,0.45,8
venus-609059,2026-09-11 22:45:38,0.87,1
venus-609060,2026-09-11 22:45:43,8.8,1
venus-609061,2026-09-11 22:46:31,0.45,1
venus-609062,2026-09-11 22:46:36,1.85,8
venus-609063,2026-09-11 22:46:58,0.17,1
venus-609064,2026-09-11 22:47:34,96.18,1
venus-609065,2026-09-11 22:48:47,1.27,8
venus-609066,2026-09-11 22:50:47,1.5,16
venus-609067,2026-09-11 22:53:58,0.15,1
venus-609068,2026-09-11 22:54:04,0.02,16
venus-609069,2026-09-11 22:54:07,0.57,8
venus-609070,2026-09-11 22:54:31,9.02,1
venus-609071,2026-09-11 22:54:52,2.9,16
venus-609072,2026-09-11 22:55:31,0.02,1
venus-609073,2026-09-11 22:56:08,0.9,1
venus-609074,2026-09-11 22:57:48,1.45,8
venus-609075,2026-09-11 22:59:42,1.45,8
venus-609076,2026-09-11 23:02:02,1.4,8
venus-609077,2026-09-11 23:03:45,308.62,1
venus-609078,2026-09-11 23:04:28,1.48,8
venus-609079,2026-09-11 23:06:14,0.07,16
venus-609080,2026-09-11 23:06:26,15.85,16
venus-609081,2026-09-11 23:27:14,28.27,8
venus-609082,2026-09-11 23:32:45,0.22,1
venus-609083,2026-09-11 23:34:33,0.2,1
venus-609084,2026-09-11 23:36:39,0.2,1
venus-609085,2026-09-11 23:38:04,0.18,1
venus-609086,2026-09-11 23:44:14,0.15,1
venus-609087,2026-09-11 23:44:45,0.83,1
venus-609088,2026-09-11 23:53:30,28.07,8
venus-609089,2026-09-11 23:55:41,1278.72,16
venus-609090,2026-09-12 00:06:53,17472.2,8
venus-609091,2026-09-12 00:16:32,26.88,8
venus-609092,2026-09-12 00:23:45,239.07,1
venus-609093,2026-09-12 00:30:49,1536.48,8
venus-609094,2026-09-12 00:47:05,1536.48,8
venus-609095,2026-09-12 00:50:07,1.4,8
venus-609096,2026-09-12 00:51:56,1481.68,8
venus-609097,2026-09-12 00:53:34,4.2,1
venus-609098,2026-09-12 00:53:34,4.28,1
venus-609099,2026-09-12 00:58:27,6.78,1
venus-609100,2026-09-12 00:58:42,3.18,1
venus-609101,2026-09-12 01:05:17,293.65,1
venus-609102,2026-09-12 01:05:17,290.73,1
venus-609103,2026-09-12 04:16:23,0.02,8
venus-609104,2026-09-12 04:16:54,15.72,8
venus-609109,2026-09-12 04:18:39,293.55,8
venus-609117,2026-09-12 04:22:49,242.93,1
venus-609130,2026-09-12 04:42:03,0.02,4
venus-609133,2026-09-12 04:44:00,0.02,4
venus-609135,2026-09-12 04:45:03,0.05,4
venus-609136,2026-09-12 04:45:14,9.02,4
venus-609144,2026-09-12 04:55:54,128.47,4
venus-609147,2026-09-12 05:54:54,0.02,8
venus-609148,2026-09-12 05:55:01,0.02,8
venus-609149,2026-09-12 05:56:01,281.58,1
venus-609150,2026-09-12 05:58:56,289.83,1
venus-609151,2026-09-12 06:04:23,0.02,8
venus-609152,2026-09-12 07:04:37,21.68,8
venus-609153,2026-09-12 07:33:34,4.08,8
venus-609154,2026-09-12 07:38:59,4.78,8
venus-609155,2026-09-12 07:44:07,0.02,1
venus-609156,2026-09-12 07:44:37,5.9,1
venus-609157,2026-09-12 07:53:21,3.7,8
venus-609158,2026-09-12 07:57:32,4.23,1
venus-609159,2026-09-12 08:03:38,5.02,8
venus-609160,2026-09-12 08:04:35,3.08,1
venus-609161,2026-09-12 08:09:40,2.97,8
venus-609162,2026-09-12 08:13:04,4.83,8
venus-609163,2026-09-12 08:13:46,0.4,8
venus-609164,2026-09-12 08:15:37,33.28,8
venus-609165,2026-09-12 08:17:27,3.28,1
venus-609166,2026-09-12 08:21:40,3.28,1
venus-609167,2026-09-12 08:22:11,2.75,1
venus-609168,2026-09-12 08:29:27,0.23,1
venus-609169,2026-09-12 08:30:22,0.23,1
venus-609170,2026-09-12 08:31:05,2.82,1
venus-609171,2026-09-12 08:31:20,3.65,1
venus-609172,2026-09-12 08:31:38,1.55,1
venus-609173,2026-09-12 08:36:36,1.68,1
venus-609174,2026-09-12 08:39:24,4.07,8
venus-609175,2026-09-12 08:41:40,10.53,8
venus-609176,2026-09-12 08:44:09,3.03,8
venus-609177,2026-09-12 08:49:12,3.05,8
venus-609178,2026-09-12 08:49:42,9.98,8
venus-609179,2026-09-12 08:55:01,0.05,8
venus-609180,2026-09-12 08:55:22,0.6,8
venus-609181,2026-09-12 08:56:04,0.05,8
venus-609182,2026-09-12 08:56:20,0.02,8
venus-609183,2026-09-12 08:56:28,0.75,8
venus-609184,2026-09-12 08:56:50,0.57,8
venus-609185,2026-09-12 08:57:39,7.83,8
venus-609186,2026-09-12 08:58:10,89.87,1
venus-609187,2026-09-12 08:58:13,7.8,8
venus-609188,2026-09-12 09:00:16,400.13,8
venus-609189,2026-09-12 09:04:30,0.02,4
venus-609190,2026-09-12 09:04:48,0.02,4
venus-609220,2026-09-12 09:06:29,2.35,1
venus-609283,2026-09-12 09:09:55,175.63,1
venus-609284,2026-09-12 09:10:38,174.93,1
venus-609285,2026-09-12 09:10:59,174.62,1
venus-609286,2026-09-12 09:11:20,174.28,1
venus-609287,2026-09-12 09:11:48,173.83,1
venus-609288,2026-09-12 09:12:11,2.33,1
venus-609289,2026-09-12 09:14:14,1.03,1
venus-609290,2026-09-12 09:14:51,2.28,1
venus-609291,2026-09-12 09:18:01,229.62,8
venus-609292,2026-09-12 09:18:42,2.65,1
venus-609293,2026-09-12 09:18:58,183.95,1
venus-609294,2026-09-12 09:22:05,2.3,1
venus-609295,2026-09-12 09:27:13,0.32,4
venus-609296,2026-09-12 09:27:45,3.3,4
venus-609297,2026-09-12 09:29:21,9.33,1
venus-609299,2026-09-12 09:30:13,37.67,8
venus-609333,2026-09-12 09:31:40,3.0,4
venus-609347,2026-09-12 09:32:16,2.37,1
venus-609420,2026-09-12 09:35:25,0.15,1
venus-609427,2026-09-12 09:35:41,2.93,4
venus-609447,2026-09-12 09:36:30,24.47,1
venus-609511,2026-09-12 09:39:15,548.28,4
venus-609805,2026-09-12 09:51:59,0.35,1
venus-609814,2026-09-12 09:52:21,3.42,1
venus-610850,2026-09-12 10:37:37,281.87,1
venus-611105,2026-09-12 10:48:46,292.9,1
venus-611341,2026-09-12 10:59:00,1.5,1
venus-611366,2026-09-12 11:00:02,0.72,1
venus-611410,2026-09-12 11:01:55,422.6,1
venus-611413,2026-09-12 11:01:58,184.38,4
venus-611414,2026-09-12 11:02:00,20.9,1
venus-611527,2026-09-12 11:06:55,3.08,8
venus-611600,2026-09-12 11:10:04,2.73,8
venus-611624,2026-09-12 11:11:03,1.52,4
venus-611695,2026-09-12 11:14:05,3.02,8
venus-611779,2026-09-12 11:17:43,19.1,8
venus-611862,2026-09-12 11:21:18,0.38,2
venus-611874,2026-09-12 11:21:50,0.17,2
venus-611900,2026-09-12 11:22:56,1.53,1
venus-611902,2026-09-12 11:22:59,0.2,2
venus-611931,2026-09-12 11:24:11,1.35,2
venus-611942,2026-09-12 11:24:40,1.53,1
venus-611986,2026-09-12 11:26:34,48.8,1
venus-612012,2026-09-12 11:27:41,1.77,4
venus-612067,2026-09-12 11:30:05,1.45,4
venus-612072,2026-09-12 11:30:13,1.58,4
venus-612111,2026-09-12 11:31:55,713.97,8
venus-612221,2026-09-12 11:36:41,0.35,1
venus-612272,2026-09-12 11:38:55,64.8,1
venus-612308,2026-09-12 11:40:26,244.2,1
venus-612411,2026-09-12 11:44:56,10.55,4
venus-612480,2026-09-12 11:47:57,109.1,4
venus-612515,2026-09-12 11:49:26,0.1,4
venus-612524,2026-09-12 11:49:46,0.07,4
venus-612547,2026-09-12 11:50:46,0.25,4
venus-612592,2026-09-12 11:52:39,0.25,4
venus-612688,2026-09-12 11:56:49,5.67,1
venus-612731,2026-09-12 11:58:36,28.8,4
venus-612945,2026-09-12 12:07:52,0.05,4
venus-612956,2026-09-12 12:08:18,2.25,1
venus-612968,2026-09-12 12:08:49,1.85,1
venus-612972,2026-09-12 12:08:55,1.83,1
venus-612976,2026-09-12 12:09:04,1.77,1
venus-612982,2026-09-12 12:09:16,1.65,1
venus-613041,2026-09-12 12:11:50,290.6,1
venus-613045,2026-09-12 12:11:57,261.27,1
venus-613049,2026-09-12 12:12:04,235.78,1
venus-613053,2026-09-12 12:12:12,218.08,1
venus-613059,2026-09-12 12:12:24,198.25,1
venus-613155,2026-09-12 12:16:34,1.55,4
venus-613303,2026-09-12 12:23:01,2.03,1
venus-613397,2026-09-12 12:27:03,3.05,8
venus-613402,2026-09-12 12:27:14,666.57,1
venus-613535,2026-09-12 12:33:00,46.8,1
venus-613989,2026-09-12 12:52:51,0.13,4
venus-614005,2026-09-12 12:53:56,0.2,4
venus-614006,2026-09-12 12:54:34,6.85,1
venus-614007,2026-09-12 13:04:49,28.88,4
venus-614008,2026-09-12 13:10:31,2.58,16
venus-614009,2026-09-12 13:14:22,3.42,16
venus-614010,2026-09-12 13:20:02,2.38,16
venus-614011,2026-09-12 13:20:10,2.37,8
venus-614012,2026-09-12 13:24:00,4.17,16
venus-614013,2026-09-12 13:29:01,0.03,16
venus-614014,2026-09-12 13:29:13,2.0,16
venus-614015,2026-09-12 13:33:51,2.13,16
venus-614016,2026-09-12 13:37:52,2.58,8
venus-614017,2026-09-12 13:38:46,4581.55,2
venus-614018,2026-09-12 13:41:49,3.35,8
venus-614019,2026-09-12 13:55:07,642.98,1
venus-614020,2026-09-12 13:56:22,4.97,2
venus-614021,2026-09-12 14:05:46,4694.33,2
venus-614022,2026-09-12 14:33:46,4913.48,4
venus-614023,2026-09-12 14:35:52,56.5,4
venus-614024,2026-09-12 14:39:42,4895.38,4
venus-614025,2026-09-12 14:42:54,4912.72,4
venus-614029,2026-09-12 14:55:48,1.05,4
venus-614031,2026-09-12 15:11:48,1.42,8
venus-614032,2026-09-12 15:14:36,26.75,8
venus-614035,2026-09-12 15:18:52,10.48,8
venus-614036,2026-09-12 15:31:54,1.8,8
venus-614037,2026-09-12 15:32:52,2.8,8
venus-614038,2026-09-12 15:33:42,493.27,8
venus-614039,2026-09-12 15:34:49,1.05,1
venus-614040,2026-09-12 15:35:56,931.67,8
venus-614041,2026-09-12 15:41:31,88.52,1
venus-614042,2026-09-12 15:50:15,1463.0,8
venus-614044,2026-09-12 16:07:18,1.63,1
venus-614045,2026-09-12 16:10:07,2.27,1
venus-614046,2026-09-12 16:13:45,66.35,1
venus-614047,2026-09-12 16:14:28,1035.52,8
venus-614048,2026-09-12 16:24:04,7.4,1
venus-614049,2026-09-12 16:32:06,1.62,1
venus-614050,2026-09-12 16:33:44,1.7,1
venus-614051,2026-09-12 16:38:01,0.97,1
venus-614052,2026-09-12 16:39:34,2.17,8
venus-614053,2026-09-12 16:43:04,3.75,1
venus-614054,2026-09-12 16:47:11,3.67,1
venus-614055,2026-09-12 16:48:00,2.27,8
venus-614056,2026-09-12 16:48:15,40.03,1
venus-614057,2026-09-12 16:48:15,40.13,1
venus-614058,2026-09-12 16:48:15,40.1,1
venus-614059,2026-09-12 16:48:15,39.9,1
venus-614060,2026-09-12 16:48:15,40.25,1
venus-614061,2026-09-12 16:48:15,40.2,1
venus-614062,2026-09-12 16:48:15,39.92,1
venus-614063,2026-09-12 16:48:15,41.17,1
venus-614064,2026-09-12 16:48:45,110.52,1
venus-614065,2026-09-12 16:48:45,108.7,1
venus-614066,2026-09-12 16:48:45,108.55,1
venus-614067,2026-09-12 16:48:45,108.27,1
venus-614068,2026-09-12 16:48:45,108.37,1
venus-614069,2026-09-12 16:48:45,108.35,1
venus-614070,2026-09-12 16:48:45,108.97,1
venus-614071,2026-09-12 16:48:45,110.53,1
venus-614072,2026-09-12 16:51:15,7.68,1
venus-614073,2026-09-12 16:51:40,1357.18,8
venus-614074,2026-09-12 16:53:54,2.27,1
venus-614075,2026-09-12 16:56:27,2.13,1
venus-614076,2026-09-12 16:58:59,10.5,1
venus-614077,2026-09-12 16:59:49,11.13,1
venus-614078,2026-09-12 16:59:56,11.02,1
venus-614079,2026-09-12 17:00:42,34.07,1
venus-614080,2026-09-12 17:10:07,2.35,1
venus-614081,2026-09-12 17:13:03,2.23,1
venus-614082,2026-09-12 17:16:41,2.57,1
venus-614083,2026-09-12 17:19:01,11.37,1
venus-614084,2026-09-12 17:19:14,11.15,1
venus-614085,2026-09-12 17:19:54,7.68,1
venus-614086,2026-09-12 17:27:41,5.88,1
venus-614087,2026-09-12 17:28:09,39.62,1
venus-614088,2026-09-12 17:28:10,41.55,1
venus-614089,2026-09-12 17:28:13,3.73,1
venus-614090,2026-09-12 17:28:17,39.98,1
venus-614091,2026-09-12 17:28:21,39.45,1
venus-614092,2026-09-12 17:28:22,3.65,1
venus-614093,2026-09-12 17:28:23,39.93,1
venus-614094,2026-09-12 17:28:27,39.58,1
venus-614095,2026-09-12 17:28:30,40.28,1
venus-614096,2026-09-12 17:29:25,39.92,1
venus-614097,2026-09-12 17:33:53,6.2,1
venus-614098,2026-09-12 17:36:44,162.1,1
venus-614099,2026-09-12 17:36:55,161.9,1
venus-614100,2026-09-12 17:37:15,161.58,1
venus-614101,2026-09-12 17:37:26,161.4,1
venus-614102,2026-09-12 17:40:06,52.7,1
venus-614103,2026-09-12 17:57:53,0.3,1
venus-614104,2026-09-12 17:58:56,1.33,1
venus-614105,2026-09-12 18:01:05,0.45,1
venus-614106,2026-09-12 18:03:41,0.53,1
venus-614107,2026-09-12 18:05:27,2.07,1
venus-614108,2026-09-12 18:07:46,26.72,1
venus-614109,2026-09-12 18:07:48,26.8,1
venus-614110,2026-09-12 18:08:02,26.78,1
venus-614111,2026-09-12 18:08:17,27.4,1
venus-614113,2026-09-12 18:09:53,0.02,8
venus-614114,2026-09-12 18:10:07,0.03,1
venus-614115,2026-09-12 18:10:12,5.7,1
venus-614116,2026-09-12 18:15:56,293.63,1
venus-614117,2026-09-12 18:17:19,5.95,8
venus-614119,2026-09-12 18:23:36,4.45,8
venus-614120,2026-09-12 18:28:37,268.1,4
venus-614121,2026-09-12 18:28:47,4.47,8
venus-614123,2026-09-12 18:33:00,21.47,1
venus-614128,2026-09-12 18:37:01,107.87,1
venus-614129,2026-09-12 18:37:06,109.78,1
venus-614130,2026-09-12 18:37:07,108.98,1
venus-614131,2026-09-12 18:37:18,108.8,1
venus-614132,2026-09-12 18:37:22,0.03,1
venus-614133,2026-09-12 18:37:27,108.27,1
venus-614134,2026-09-12 18:37:29,3.5,8
venus-614135,2026-09-12 18:37:43,110.1,1
venus-614136,2026-09-12 18:39:16,109.3,1
venus-614137,2026-09-12 18:39:17,109.75,1
venus-614138,2026-09-12 18:41:51,4.58,8
venus-614139,2026-09-12 18:48:15,4.52,4
venus-614140,2026-09-12 18:53:14,17434.32,4
venus-614141,2026-09-12 18:54:58,28.52,1
venus-614142,2026-09-12 18:58:04,3.77,24
venus-614144,2026-09-12 19:05:14,10.45,1
venus-614145,2026-09-12 19:05:38,4.97,8
venus-614146,2026-09-12 19:10:57,0.02,1
venus-614147,2026-09-12 19:11:22,0.22,1
venus-614148,2026-09-12 19:12:44,7.92,1
venus-614149,2026-09-12 19:14:36,0.68,8
venus-614150,2026-09-12 19:15:30,7.38,8
venus-614151,2026-09-12 19:15:42,16.63,1
venus-614152,2026-09-12 19:24:29,0.03,1
venus-614153,2026-09-12 19:24:44,29.1,1
venus-614156,2026-09-12 19:31:47,0.1,1
venus-614157,2026-09-12 19:32:03,5.0,8
venus-614158,2026-09-12 19:32:29,0.13,1
venus-614159,2026-09-12 19:32:33,0.05,1
venus-614160,2026-09-12 19:32:44,3.78,1
venus-614161,2026-09-12 19:33:25,0.3,1
venus-614162,2026-09-12 19:34:34,2.12,8
venus-614164,2026-09-12 19:36:52,8.95,1
venus-614165,2026-09-12 19:40:20,4.6,8
venus-614166,2026-09-12 19:40:34,0.55,1
venus-614167,2026-09-12 19:46:32,66.53,1
venus-614168,2026-09-12 19:46:45,6.98,1
venus-614169,2026-09-12 19:54:27,33.43,1
venus-614170,2026-09-12 19:55:48,0.88,8
venus-614171,2026-09-12 19:59:59,1.73,8
venus-614172,2026-09-12 20:04:20,1.62,8
venus-614173,2026-09-12 20:04:39,14.48,1
venus-614175,2026-09-12 20:12:25,12.05,16
venus-614176,2026-09-12 20:12:43,0.13,1
venus-614177,2026-09-12 20:13:46,0.15,1
venus-614179,2026-09-12 20:17:02,0.17,1
venus-614180,2026-09-12 20:20:08,0.65,1
venus-614181,2026-09-12 20:20:58,7.53,1
venus-614182,2026-09-12 20:21:01,1.73,8
venus-614183,2026-09-12 20:24:53,71.08,1
venus-614184,2026-09-12 20:25:43,70.35,1
venus-614185,2026-09-12 20:26:06,69.92,1
venus-614186,2026-09-12 20:26:06,69.87,1
venus-614187,2026-09-12 20:28:31,13.85,1
venus-614188,2026-09-12 20:34:09,2.02,8
venus-614189,2026-09-12 20:35:07,6.08,1
venus-614190,2026-09-12 20:38:31,1.73,8
venus-614193,2026-09-12 20:41:06,0.17,1
venus-614194,2026-09-12 20:43:16,6.98,1
venus-614196,2026-09-12 20:49:27,1.2,1
venus-614197,2026-09-12 20:49:37,0.97,1
venus-614198,2026-09-12 20:50:29,55.17,1
venus-614199,2026-09-12 20:52:09,0.67,1
venus-614200,2026-09-12 20:55:29,0.3,1
venus-614201,2026-09-12 20:57:42,0.42,1
venus-614202,2026-09-12 20:58:25,52.88,1
venus-614203,2026-09-12 21:11:42,0.82,8
venus-614204,2026-09-12 21:15:24,7.53,1
venus-614205,2026-09-12 21:15:47,4053.73,16
venus-614206,2026-09-12 21:19:45,309.57,1
venus-614207,2026-09-12 21:20:15,307.52,1
venus-614208,2026-09-12 21:20:24,307.37,1
venus-614209,2026-09-12 21:20:45,356.37,1
venus-614210,2026-09-12 21:26:57,500.22,1
venus-614211,2026-09-12 21:27:36,130.65,1
venus-614212,2026-09-12 21:27:46,36.03,1
venus-614213,2026-09-12 21:28:14,225.0,1
venus-614215,2026-09-12 21:46:42,167.43,16
venus-614216,2026-09-12 21:47:47,1.97,16
venus-614217,2026-09-12 22:05:19,0.1,1
venus-614218,2026-09-12 22:06:10,38.43,1
venus-614219,2026-09-12 22:11:48,33.02,1
venus-614220,2026-09-12 22:12:49,32.15,1
venus-614221,2026-09-12 22:13:44,31.35,1
venus-614222,2026-09-12 22:16:34,28.73,1
venus-614223,2026-09-12 22:17:37,0.1,1
venus-614224,2026-09-12 22:18:01,0.35,8
venus-614225,2026-09-12 22:18:10,27.25,1
venus-614226,2026-09-12 22:19:46,7.47,8
venus-614227,2026-09-12 22:23:05,22.53,1
venus-614228,2026-09-12 22:24:30,21.25,1
venus-614229,2026-09-12 22:28:25,7.8,8
venus-614230,2026-09-12 22:30:08,0.05,1
venus-614231,2026-09-12 22:30:36,0.72,1
venus-614232,2026-09-12 22:33:21,1.13,1
venus-614233,2026-09-12 22:33:50,1.47,1
venus-614234,2026-09-12 22:36:14,1.08,1
venus-614235,2026-09-12 22:39:11,39.05,8
venus-614236,2026-09-12 22:43:08,0.18,1
venus-614237,2026-09-12 22:44:20,2.0,1
venus-614238,2026-09-12 22:47:48,1.97,1
venus-614239,2026-09-12 22:50:26,890.02,1
venus-614240,2026-09-12 22:50:56,1.95,1
venus-614241,2026-09-12 22:51:50,1341.53,1
venus-614242,2026-09-12 22:52:09,981.57,1
venus-614243,2026-09-12 22:52:18,0.58,1
venus-614244,2026-09-12 22:52:34,1003.07,1
venus-614245,2026-09-12 22:52:48,534.7,1
venus-614246,2026-09-12 22:53:07,982.07,1
venus-614247,2026-09-12 22:53:21,1130.52,1
venus-614248,2026-09-12 22:53:55,503.6,1
venus-614249,2026-09-12 22:54:45,2.32,1
venus-614251,2026-09-12 22:55:29,0.12,1
venus-614254,2026-09-12 22:57:38,1274.22,8
venus-614255,2026-09-12 22:58:17,1.08,1
venus-614256,2026-09-12 22:59:42,2.57,1
venus-614257,2026-09-12 23:02:24,1.98,1
venus-614259,2026-09-12 23:04:55,1.03,1
venus-614260,2026-09-12 23:06:38,1.05,1
venus-614262,2026-09-12 23:08:22,0.15,1
venus-614263,2026-09-12 23:08:32,4.32,1
venus-614264,2026-09-12 23:09:18,1.83,1
venus-614265,2026-09-12 23:13:05,0.1,1
venus-614266,2026-09-12 23:13:40,0.12,4
venus-614267,2026-09-12 23:13:55,4.37,1
venus-614269,2026-09-12 23:14:26,0.12,4
venus-614270,2026-09-12 23:15:11,0.52,4
venus-614271,2026-09-12 23:15:26,0.02,1
venus-614272,2026-09-12 23:15:58,977.93,8
venus-614273,2026-09-12 23:16:11,2.25,1
venus-614274,2026-09-12 23:23:35,0.1,1
venus-614275,2026-09-12 23:25:48,222.8,1
venus-614276,2026-09-12 23:26:06,27.95,4
venus-614277,2026-09-12 23:26:31,128.4,1
venus-614278,2026-09-12 23:28:42,244.77,1
venus-614279,2026-09-12 23:29:22,2.97,1
venus-614280,2026-09-12 23:30:19,169.22,1
venus-614281,2026-09-12 23:31:10,69.0,1
venus-614282,2026-09-12 23:32:05,103.07,1
venus-614283,2026-09-12 23:32:40,0.13,1
venus-614284,2026-09-12 23:33:08,91.55,1
venus-614285,2026-09-12 23:34:53,95.57,1
venus-614286,2026-09-12 23:40:54,9.35,1
venus-614287,2026-09-12 23:41:58,0.13,1
venus-614288,2026-09-12 23:43:08,874.17,1
venus-614289,2026-09-12 23:44:04,267.23,1
venus-614290,2026-09-12 23:45:08,1320.07,1
venus-614291,2026-09-12 23:45:41,0.03,1
venus-614292,2026-09-12 23:45:53,280.9,1
venus-614293,2026-09-12 23:46:23,1323.23,1
venus-614295,2026-09-12 23:46:58,0.97,4
venus-614296,2026-09-12 23:47:13,211.47,1
venus-614298,2026-09-12 23:48:14,405.63,1
venus-614299,2026-09-12 23:48:43,0.12,1
venus-614300,2026-09-12 23:51:19,1.98,1
venus-614301,2026-09-12 23:53:21,1324.92,1
venus-614302,2026-09-12 23:54:24,2.1,1
venus-614303,2026-09-12 23:55:19,202.98,1
venus-614304,2026-09-12 23:55:51,444.78,1
venus-614305,2026-09-12 23:56:16,201.57,1
venus-614306,2026-09-12 23:57:46,593.23,1
venus-614307,2026-09-12 23:58:14,256.38,1
venus-614308,2026-09-12 23:59:09,390.53,1
venus-614310,2026-09-13 00:01:26,0.02,1
venus-614311,2026-09-13 00:01:40,3.28,1
venus-614312,2026-09-13 00:01:46,379.33,1
venus-614313,2026-09-13 00:02:10,355.92,1
venus-614314,2026-09-13 00:05:09,1.7,1
venus-614315,2026-09-13 00:10:08,1.97,8
venus-614317,2026-09-13 00:11:44,22.05,16
venus-614318,2026-09-13 00:11:58,45.5,1
venus-614319,2026-09-13 00:12:58,2.12,8
venus-614320,2026-09-13 00:14:22,689.2,1
venus-614321,2026-09-13 00:15:21,4.13,8
venus-614322,2026-09-13 00:28:51,0.18,16
venus-614323,2026-09-13 00:29:32,3.92,8
venus-614324,2026-09-13 00:29:47,2196.6,8
venus-614326,2026-09-13 00:35:07,0.18,16
venus-614327,2026-09-13 00:38:05,0.92,8
venus-614328,2026-09-13 00:39:04,1.72,8
venus-614329,2026-09-13 00:39:31,242.1,4
venus-614330,2026-09-13 00:40:00,12.83,8
venus-614331,2026-09-13 00:41:24,2.18,8
venus-614332,2026-09-13 00:41:32,2.8,8
venus-614333,2026-09-13 00:42:09,3.55,4
venus-614334,2026-09-13 00:43:27,2.1,4
venus-614335,2026-09-13 00:43:31,3.22,1
venus-614336,2026-09-13 00:44:27,0.18,16
venus-614337,2026-09-13 00:44:45,9.68,8
venus-614338,2026-09-13 00:46:02,497.62,4
venus-614339,2026-09-13 00:46:14,494.47,4
venus-614340,2026-09-13 00:48:29,3.12,8
venus-614341,2026-09-13 00:48:45,0.17,16
venus-614342,2026-09-13 00:52:09,0.17,16
venus-614343,2026-09-13 00:52:55,8.63,8
venus-614344,2026-09-13 00:54:37,0.25,8
venus-614345,2026-09-13 00:54:58,3.12,8
venus-614346,2026-09-13 00:55:21,0.38,16
venus-614347,2026-09-13 00:56:08,8.7,16
venus-614348,2026-09-13 00:56:30,0.62,4
venus-614349,2026-09-13 00:58:24,8.25,4
venus-614350,2026-09-13 00:58:49,1.83,8
venus-614352,2026-09-13 01:00:13,8.32,8
venus-614353,2026-09-13 01:00:25,197.93,8
venus-614354,2026-09-13 01:01:27,6.77,8
venus-614355,2026-09-13 01:05:06,20.93,16
venus-614356,2026-09-13 01:08:48,27.02,4
venus-614357,2026-09-13 01:08:55,3.35,8
venus-614358,2026-09-13 01:12:46,772.22,8
venus-614359,2026-09-13 01:12:50,6.25,8
venus-614360,2026-09-13 01:13:42,3.78,1
venus-614361,2026-09-13 01:14:52,2.37,1
venus-614362,2026-09-13 01:18:20,0.4,1
venus-614363,2026-09-13 01:18:21,0.42,1
venus-614364,2026-09-13 01:19:58,0.28,8
venus-614365,2026-09-13 01:20:20,3.38,8
venus-614366,2026-09-13 01:21:39,7.08,1
venus-614367,2026-09-13 01:21:40,7.08,1
venus-614368,2026-09-13 01:26:20,25.87,16
venus-614369,2026-09-13 01:28:55,0.05,1
venus-614370,2026-09-13 01:28:58,8.28,1
venus-614371,2026-09-13 01:29:00,8.23,1
venus-614372,2026-09-13 01:31:42,593.67,1
venus-614373,2026-09-13 01:36:37,1.77,4
venus-614374,2026-09-13 01:37:38,1.5,1
venus-614375,2026-09-13 01:37:39,1.42,1
venus-614376,2026-09-13 01:39:10,0.7,4
venus-614377,2026-09-13 01:39:32,15.02,8
venus-614378,2026-09-13 01:40:41,0.68,4
venus-614379,2026-09-13 01:41:00,0.63,1
venus-614380,2026-09-13 01:41:02,0.6,1
venus-614381,2026-09-13 01:41:47,1.6,1
venus-614382,2026-09-13 01:41:48,1.53,1
venus-614383,2026-09-13 01:42:03,0.7,4
venus-614384,2026-09-13 01:42:29,2655.4,8
venus-614385,2026-09-13 01:43:25,4.12,1
venus-614386,2026-09-13 01:43:26,4.03,1
venus-614387,2026-09-13 01:44:01,0.72,4
venus-614388,2026-09-13 01:47:44,0.7,4
venus-614389,2026-09-13 01:47:48,1.73,1
venus-614390,2026-09-13 01:47:50,1.68,1
venus-614391,2026-09-13 01:49:05,0.7,4
venus-614392,2026-09-13 01:49:32,8.47,1
venus-614393,2026-09-13 01:49:34,8.37,1
venus-614394,2026-09-13 01:50:27,2.43,4
venus-614395,2026-09-13 01:52:26,0.32,32
venus-614397,2026-09-13 01:53:15,547.37,32
venus-614398,2026-09-13 01:54:42,1.85,4
venus-614399,2026-09-13 01:57:21,1509.42,2
venus-614400,2026-09-13 01:58:30,9.78,4
venus-614401,2026-09-13 01:58:36,0.92,1
venus-614402,2026-09-13 01:58:37,0.92,1
venus-614404,2026-09-13 02:00:37,1.75,1
venus-614405,2026-09-13 02:00:39,1.77,1
venus-614406,2026-09-13 02:03:07,4.4,1
venus-614407,2026-09-13 02:03:08,4.37,1
venus-614410,2026-09-13 02:07:36,0.23,1
venus-614411,2026-09-13 02:07:37,0.2,1
venus-614412,2026-09-13 02:08:43,1.3,1
venus-614413,2026-09-13 02:08:44,1.27,1
venus-614414,2026-09-13 02:10:02,18.05,1
venus-614415,2026-09-13 02:10:04,18.03,1
venus-614416,2026-09-13 02:12:38,0.03,4
venus-614417,2026-09-13 02:13:37,0.08,4
venus-614418,2026-09-13 02:16:13,1.13,4
venus-614429,2026-09-13 02:21:35,4.32,4
venus-614435,2026-09-13 02:23:17,0.83,8
venus-614436,2026-09-13 02:24:13,5.38,8
venus-614437,2026-09-13 02:25:25,3.83,8
venus-614438,2026-09-13 02:26:16,3.32,4
venus-614440,2026-09-13 02:28:54,0.72,1
venus-614441,2026-09-13 02:28:55,0.68,1
venus-614442,2026-09-13 02:29:30,5.23,8
venus-614443,2026-09-13 02:29:48,3.75,4
venus-614444,2026-09-13 02:30:06,5.48,8
venus-614445,2026-09-13 02:30:30,5.42,8
venus-614446,2026-09-13 02:30:50,4.28,1
venus-614447,2026-09-13 02:30:51,4.32,1
venus-614454,2026-09-13 02:35:14,1.02,1
venus-614455,2026-09-13 02:35:15,0.98,1
venus-614456,2026-09-13 02:37:03,2.68,1
venus-614457,2026-09-13 02:37:04,6.02,1
venus-614458,2026-09-13 02:38:46,16.73,4
venus-614464,2026-09-13 02:39:45,0.57,1
venus-614466,2026-09-13 02:43:03,6.42,1
venus-614467,2026-09-13 02:43:04,27.62,8
venus-614468,2026-09-13 02:43:06,6.35,1
venus-614469,2026-09-13 02:45:52,24.75,8
venus-614470,2026-09-13 02:49:19,1691.93,8
venus-614471,2026-09-13 02:50:23,0.67,1
venus-614472,2026-09-13 02:50:24,0.63,1
venus-614473,2026-09-13 02:55:45,0.63,1
venus-614474,2026-09-13 03:02:28,1.42,1
venus-614475,2026-09-13 03:02:29,1.38,1
venus-614476,2026-09-13 03:06:03,0.63,1
venus-614477,2026-09-13 03:06:04,0.62,1
venus-614478,2026-09-13 03:14:13,0.8,1
venus-614479,2026-09-13 03:14:14,0.8,1
venus-614480,2026-09-13 05:55:03,236.87,1
venus-614481,2026-09-13 08:47:33,125.92,1
venus-614482,2026-09-13 08:54:30,119.25,1
venus-614483,2026-09-13 09:03:47,275.6,1
venus-614484,2026-09-13 09:09:19,270.37,1
venus-614485,2026-09-13 09:09:31,270.08,1
venus-614486,2026-09-13 09:10:00,269.75,1
venus-614487,2026-09-13 09:10:16,269.52,1
venus-614488,2026-09-13 09:21:36,0.65,1
venus-614489,2026-09-13 09:23:32,5.18,1
venus-614491,2026-09-13 09:30:08,5.37,1
venus-614492,2026-09-13 09:33:04,3.57,1
venus-614493,2026-09-13 09:37:02,3.55,1
venus-614497,2026-09-13 09:38:19,86.85,1
venus-614498,2026-09-13 09:40:45,4.33,1
venus-614499,2026-09-13 09:41:23,3.02,8
venus-614500,2026-09-13 09:43:44,1.75,1
venus-614501,2026-09-13 09:45:06,3.5,1
venus-614502,2026-09-13 09:45:38,878.05,8
venus-614503,2026-09-13 09:49:42,574.6,1
venus-614504,2026-09-13 09:50:40,350.48,4
venus-614507,2026-09-13 10:01:15,118.68,16
venus-614508,2026-09-13 10:02:12,4.88,1
venus-614512,2026-09-13 10:06:51,18.98,8
venus-614513,2026-09-13 10:12:40,2910.7,8
venus-614514,2026-09-13 10:17:11,0.75,4
venus-614515,2026-09-13 10:19:18,414.55,4
venus-614516,2026-09-13 10:20:37,5.08,4
venus-614517,2026-09-13 10:22:09,40.3,16
venus-614518,2026-09-13 10:23:56,1.17,1
venus-614519,2026-09-13 10:25:47,210.52,4
venus-614520,2026-09-13 10:26:27,1.43,8
venus-614521,2026-09-13 10:28:27,2002.95,8
venus-614522,2026-09-13 10:28:37,224.37,1
venus-614523,2026-09-13 10:43:29,3413.47,4
venus-614528,2026-09-13 11:00:47,26.05,32
venus-614529,2026-09-13 11:03:04,0.23,16
venus-614532,2026-09-13 11:04:09,4500.08,1
venus-614533,2026-09-13 11:05:55,0.25,16
venus-614534,2026-09-13 11:08:00,2.37,16
venus-614535,2026-09-13 11:08:10,51.08,1
venus-614540,2026-09-13 11:12:35,2.38,2
venus-614542,2026-09-13 11:17:14,0.03,2
venus-614543,2026-09-13 11:18:29,33.0,1
venus-614544,2026-09-13 11:18:52,36.88,1
venus-614545,2026-09-13 11:19:07,1.8,2
venus-614547,2026-09-13 11:22:58,0.95,1
venus-614550,2026-09-13 11:25:40,0.78,1
venus-614551,2026-09-13 11:27:13,9.52,32
venus-614554,2026-09-13 11:36:16,0.88,1
venus-614555,2026-09-13 11:37:17,48.7,1
venus-614561,2026-09-13 11:39:08,1.22,8
venus-614565,2026-09-13 11:40:09,0.6,8
venus-614568,2026-09-13 11:43:51,1.23,8
venus-614570,2026-09-13 11:44:10,2.55,4
venus-614571,2026-09-13 11:44:37,1.08,8
venus-614572,2026-09-13 11:45:38,0.55,2
venus-614573,2026-09-13 11:46:04,1.17,8
venus-614574,2026-09-13 11:46:55,13.37,32
venus-614575,2026-09-13 11:47:34,1.4,8
venus-614576,2026-09-13 11:48:11,9.92,8
venus-614578,2026-09-13 11:48:56,0.5,2
venus-614581,2026-09-13 11:50:02,0.5,2
venus-614584,2026-09-13 11:51:08,0.07,1
venus-614585,2026-09-13 11:51:30,376.57,1
venus-614587,2026-09-13 11:52:50,2.0,2
venus-614588,2026-09-13 11:53:57,857.0,8
venus-614590,2026-09-13 11:54:49,11.38,1
venus-614592,2026-09-13 11:56:03,0.55,2
venus-614593,2026-09-13 11:58:31,1.87,2
venus-614595,2026-09-13 12:00:30,33.55,32
venus-614599,2026-09-13 12:19:21,2.08,2
venus-614600,2026-09-13 12:20:09,10.57,1
venus-614601,2026-09-13 12:20:10,996.05,8
venus-614602,2026-09-13 12:21:46,1.98,2
venus-614603,2026-09-13 12:23:01,0.62,2
venus-614604,2026-09-13 12:34:25,31.18,40
venus-614605,2026-09-13 12:34:42,1380.02,8
venus-614606,2026-09-13 12:34:44,28.87,8
venus-614607,2026-09-13 12:39:53,5.5,2
venus-614608,2026-09-13 12:52:20,5.97,2
venus-614610,2026-09-13 12:59:20,31.47,1
venus-614611,2026-09-13 13:00:09,5.63,2
venus-614612,2026-09-13 13:03:31,0.03,8
venus-614613,2026-09-13 13:03:47,1669.08,8
venus-614614,2026-09-13 13:05:55,16.18,40
venus-614615,2026-09-13 13:10:21,6.8,2
venus-614617,2026-09-13 13:15:28,3.48,2
venus-614618,2026-09-13 13:18:43,17.37,8
venus-614619,2026-09-13 13:20:08,6.92,2
venus-614620,2026-09-13 13:21:50,0.25,8
venus-614621,2026-09-13 13:23:29,0.4,8
venus-614622,2026-09-13 13:23:31,10.92,40
venus-614623,2026-09-13 13:24:18,3.75,2
venus-614624,2026-09-13 13:24:44,4.23,8
venus-614625,2026-09-13 13:28:21,0.05,4
venus-614626,2026-09-13 13:28:26,28.45,4
venus-614627,2026-09-13 13:28:28,904.4,2
venus-614629,2026-09-13 13:30:18,1.83,8
venus-614630,2026-09-13 13:34:43,5.93,40
venus-614631,2026-09-13 13:35:17,6.9,8
venus-614632,2026-09-13 13:37:03,0.02,8
venus-614633,2026-09-13 13:37:29,2.72,8
venus-614634,2026-09-13 13:37:53,10.42,1
venus-614635,2026-09-13 13:40:47,19.85,40
venus-614637,2026-09-13 13:41:25,719.23,1
venus-614638,2026-09-13 13:41:44,1.58,7
venus-614639,2026-09-13 13:42:10,1055.7,1
venus-614640,2026-09-13 13:43:21,3.13,7
venus-614641,2026-09-13 13:44:14,1.22,8
venus-614642,2026-09-13 13:44:29,2.68,7
venus-614643,2026-09-13 13:44:35,308.28,1
venus-614644,2026-09-13 13:44:51,153.43,1
venus-614645,2026-09-13 13:45:06,153.03,1
venus-614647,2026-09-13 13:46:41,0.25,8
venus-614648,2026-09-13 13:47:06,0.98,8
venus-614650,2026-09-13 13:48:07,101.07,8
venus-614651,2026-09-13 13:48:50,0.07,8
venus-614652,2026-09-13 13:49:17,104.25,8
venus-614653,2026-09-13 13:50:33,2.83,7
venus-614654,2026-09-13 13:51:15,0.38,8
venus-614655,2026-09-13 13:52:16,36.13,2
venus-614656,2026-09-13 13:53:31,2.07,7
venus-614657,2026-09-13 13:54:34,2818.13,1
venus-614658,2026-09-13 13:56:39,2.82,7
venus-614659,2026-09-13 13:56:41,0.05,8
venus-614660,2026-09-13 13:59:32,0.05,8
venus-614661,2026-09-13 13:59:39,1.37,8
venus-614662,2026-09-13 14:00:59,3.53,8
venus-614663,2026-09-13 14:01:07,59.52,40
venus-614664,2026-09-13 14:02:56,1.33,8
venus-614665,2026-09-13 14:04:15,12.77,8
venus-614666,2026-09-13 14:04:53,1.25,8
venus-614667,2026-09-13 14:06:25,8.72,8
venus-614668,2026-09-13 14:06:35,732.9,8
venus-614672,2026-09-13 14:11:07,5.95,8
venus-614673,2026-09-13 14:14:48,3.65,8
venus-614674,2026-09-13 14:17:46,4.3,8
venus-614675,2026-09-13 14:18:15,5.52,8
venus-614676,2026-09-13 14:18:16,413.2,8
venus-614677,2026-09-13 14:19:02,0.33,2
venus-614678,2026-09-13 14:21:29,3.42,8
venus-614679,2026-09-13 14:22:20,3.32,8
venus-614680,2026-09-13 14:22:52,0.32,2
venus-614681,2026-09-13 14:25:12,2.07,2
venus-614682,2026-09-13 14:28:29,2.48,4
venus-614683,2026-09-13 14:29:33,0.57,2
venus-614684,2026-09-13 14:29:50,3.52,8
venus-614685,2026-09-13 14:31:01,1.97,8
venus-614686,2026-09-13 14:31:27,1.3,2
venus-614687,2026-09-13 14:31:34,9.53,8
venus-614688,2026-09-13 14:34:09,6.95,8
venus-614689,2026-09-13 14:34:55,10.45,1
venus-614690,2026-09-13 14:35:14,1.52,2
venus-614691,2026-09-13 14:37:37,21.17,2
venus-614693,2026-09-13 14:39:19,11.3,7
venus-614695,2026-09-13 14:42:41,0.2,24
venus-614697,2026-09-13 14:50:43,4.12,8
venus-614698,2026-09-13 14:51:07,65.35,8
venus-614699,2026-09-13 14:51:31,0.78,8
venus-614700,2026-09-13 14:52:05,0.13,1
venus-614701,2026-09-13 14:52:22,388.25,1
venus-614702,2026-09-13 14:52:28,655.8,8
venus-614703,2026-09-13 14:54:00,408.45,1
venus-614704,2026-09-13 14:54:25,412.65,1
venus-614705,2026-09-13 14:54:37,419.17,1
venus-614706,2026-09-13 14:54:42,251.32,1
venus-614707,2026-09-13 14:55:02,185.28,1
venus-614708,2026-09-13 14:55:13,250.83,1
venus-614709,2026-09-13 15:00:13,5.12,2
venus-614710,2026-09-13 15:00:14,2.65,2
venus-614711,2026-09-13 15:01:03,164.08,16
venus-614712,2026-09-13 15:01:12,47.43,40
venus-614713,2026-09-13 15:05:31,1.2,2
venus-614715,2026-09-13 15:12:55,0.12,1
venus-614717,2026-09-13 15:13:15,0.18,1
venus-614718,2026-09-13 15:13:32,63.27,1
venus-614719,2026-09-13 15:13:38,63.35,1
venus-614720,2026-09-13 15:15:33,0.18,1
venus-614721,2026-09-13 15:16:03,1.35,1
venus-614722,2026-09-13 15:19:08,4.9,1
venus-614723,2026-09-13 15:20:01,11.07,1
venus-614724,2026-09-13 15:22:54,0.3,1
venus-614726,2026-09-13 15:23:46,0.27,1
venus-614727,2026-09-13 15:24:45,0.28,1
venus-614728,2026-09-13 15:25:39,54.52,1
venus-614732,2026-09-13 15:30:51,3379.03,8
venus-614733,2026-09-13 15:33:12,4231.05,1
venus-614734,2026-09-13 15:33:41,0.05,8
venus-614736,2026-09-13 15:37:43,2.15,8
venus-614739,2026-09-13 15:40:53,0.72,4
venus-614740,2026-09-13 15:41:00,1.92,8
venus-614741,2026-09-13 15:41:21,0.62,4
venus-614743,2026-09-13 15:42:02,0.63,4
venus-614744,2026-09-13 15:42:40,10.28,1
venus-614745,2026-09-13 15:43:06,1.37,8
venus-614746,2026-09-13 15:43:24,4411.77,4
venus-614748,2026-09-13 15:43:59,31.33,16
venus-614749,2026-09-13 15:44:31,41.57,8
venus-614750,2026-09-13 15:45:28,2.2,8
venus-614751,2026-09-13 15:46:37,1.82,8
venus-614753,2026-09-13 15:48:25,75.27,8
venus-614754,2026-09-13 15:49:05,793.4,40
venus-614758,2026-09-13 15:49:55,1.43,8
venus-614760,2026-09-13 15:51:12,1.4,8
venus-614763,2026-09-13 15:53:28,1.97,8
venus-614764,2026-09-13 15:56:02,5.12,1
venus-614765,2026-09-13 15:59:34,3.18,8
venus-614766,2026-09-13 15:59:59,2.72,8
venus-614767,2026-09-13 16:00:11,1112.47,8
venus-614768,2026-09-13 16:03:22,1109.2,8
venus-614769,2026-09-13 16:03:53,5.23,1
venus-614771,2026-09-13 16:05:02,3.35,8
venus-614772,2026-09-13 16:09:19,5.67,1
venus-614773,2026-09-13 16:09:20,1.18,1
venus-614775,2026-09-13 16:11:21,21.02,8
venus-614780,2026-09-13 16:15:25,0.15,1
venus-614781,2026-09-13 16:15:42,113.52,1
venus-614782,2026-09-13 16:15:49,0.02,1
venus-614783,2026-09-13 16:15:58,282.18,16
venus-614784,2026-09-13 16:16:51,6.4,1
venus-614785,2026-09-13 16:17:02,6.35,1
venus-614787,2026-09-13 16:17:18,31.62,1
venus-614789,2026-09-13 16:17:56,221.92,1
venus-614790,2026-09-13 16:21:18,4.23,1
venus-614792,2026-09-13 16:25:01,0.23,8
venus-614793,2026-09-13 16:25:28,11.7,8
venus-614794,2026-09-13 16:26:17,5.77,1
venus-614796,2026-09-13 16:33:54,1.63,1
venus-614797,2026-09-13 16:35:06,2709.0,8
venus-614798,2026-09-13 16:35:41,306.03,8
venus-614799,2026-09-13 16:35:47,3.15,1
venus-614800,2026-09-13 16:37:12,8.53,8
venus-614802,2026-09-13 16:39:07,7.63,1
venus-614803,2026-09-13 16:39:07,0.22,1
venus-614804,2026-09-13 16:39:41,0.88,1
venus-614809,2026-09-13 16:42:19,0.77,1
venus-614810,2026-09-13 16:44:12,0.77,1
venus-614811,2026-09-13 16:45:48,1.42,8
venus-614812,2026-09-13 16:47:28,0.75,1
venus-614813,2026-09-13 16:47:39,1.38,8
venus-614814,2026-09-13 16:49:02,7.25,1
venus-614815,2026-09-13 16:50:17,2714.13,8
venus-614816,2026-09-13 16:50:22,0.35,8
venus-614819,2026-09-13 16:52:37,0.77,1
venus-614821,2026-09-13 16:52:51,0.4,8
venus-614822,2026-09-13 16:53:27,0.02,2
venus-614823,2026-09-13 16:53:42,2.32,2
venus-614824,2026-09-13 16:54:37,0.27,1
venus-614826,2026-09-13 16:55:11,0.28,1
venus-614827,2026-09-13 16:55:18,2.55,2
venus-614828,2026-09-13 16:56:23,2.32,1
venus-614829,2026-09-13 16:56:24,42.95,8
venus-614832,2026-09-13 16:58:04,1.6,1
venus-614833,2026-09-13 16:59:30,11.65,1
venus-614834,2026-09-13 16:59:31,4.48,1
venus-614835,2026-09-13 17:00:18,0.27,1
venus-614837,2026-09-13 17:03:58,14.45,1
venus-614838,2026-09-13 17:04:19,11.33,8
venus-614839,2026-09-13 17:04:40,13.78,1
venus-614841,2026-09-13 17:07:57,6.05,1
venus-614842,2026-09-13 17:09:25,1.57,1
venus-614843,2026-09-13 17:09:37,477.68,1
venus-614844,2026-09-13 17:11:13,6.33,1
venus-614845,2026-09-13 17:11:32,0.28,1
venus-614847,2026-09-13 17:14:17,0.43,1
venus-614848,2026-09-13 17:14:26,0.13,4
venus-614849,2026-09-13 17:14:37,134.23,4
venus-614851,2026-09-13 17:15:15,0.75,4
venus-614852,2026-09-13 17:15:43,24.43,1
venus-614853,2026-09-13 17:16:42,3504.32,4
venus-614854,2026-09-13 17:16:47,903.68,8
venus-614855,2026-09-13 17:17:38,15.55,1
venus-614856,2026-09-13 17:17:58,5.67,1
venus-614860,2026-09-13 17:24:05,12.18,1
venus-614861,2026-09-13 17:24:17,2517.25,1
venus-614862,2026-09-13 17:24:21,2512.3,1
venus-614863,2026-09-13 17:24:46,11.5,1
venus-614865,2026-09-13 17:33:19,6.33,1
venus-614866,2026-09-13 17:39:35,4130.97,8
venus-614868,2026-09-13 17:41:42,0.63,1
venus-614869,2026-09-13 17:42:44,0.78,1
venus-614870,2026-09-13 17:42:57,0.57,1
venus-614871,2026-09-13 17:45:20,83.1,16
venus-614872,2026-09-13 17:45:31,80.55,1
venus-614873,2026-09-13 17:45:59,789.12,16
venus-614874,2026-09-13 17:46:28,13.97,1
venus-614878,2026-09-13 17:50:10,8.72,16
venus-614879,2026-09-13 17:58:55,0.15,1
venus-614880,2026-09-13 18:08:00,1.85,6
venus-614881,2026-09-13 18:12:24,250.62,6
venus-614882,2026-09-13 18:12:27,0.05,1
venus-614883,2026-09-13 18:12:46,0.17,1
venus-614884,2026-09-13 18:17:31,0.78,1
venus-614885,2026-09-13 18:18:46,2.25,4
venus-614886,2026-09-13 18:21:01,2.4,8
venus-614887,2026-09-13 18:21:54,2.25,4
venus-614889,2026-09-13 18:24:21,32.98,1
venus-614890,2026-09-13 18:24:51,2.43,4
venus-614891,2026-09-13 18:31:21,2.22,4
venus-614892,2026-09-13 18:34:32,0.75,1
venus-614893,2026-09-13 18:35:06,2.17,4
venus-614895,2026-09-13 18:35:45,20.65,1
venus-614896,2026-09-13 18:40:04,1.83,1
venus-614897,2026-09-13 18:40:14,1.9,1
venus-614898,2026-09-13 18:40:26,2.28,4
venus-614899,2026-09-13 18:42:54,96.33,8
venus-614900,2026-09-13 18:45:05,1.82,1
venus-614901,2026-09-13 18:45:16,0.9,1
venus-614902,2026-09-13 18:48:17,9.23,1
venus-614903,2026-09-13 18:55:22,1.83,1
venus-614904,2026-09-13 18:57:58,0.83,1
venus-614905,2026-09-13 18:58:06,2.83,2
venus-614906,2026-09-13 18:58:37,3.57,2
venus-614907,2026-09-13 18:58:52,6.27,1
venus-614908,2026-09-13 18:59:47,0.85,1
venus-614909,2026-09-13 18:59:52,24.12,1
venus-614910,2026-09-13 19:00:50,2.9,2
venus-614911,2026-09-13 19:01:02,0.1,1
venus-614912,2026-09-13 19:01:15,306.42,1
venus-614913,2026-09-13 19:05:28,0.8,1
venus-614914,2026-09-13 19:06:16,31.8,1
venus-614915,2026-09-13 19:07:28,0.02,8
venus-614916,2026-09-13 19:07:48,0.23,8
venus-614917,2026-09-13 19:08:35,616.3,16
venus-614918,2026-09-13 19:09:10,0.78,1
venus-614919,2026-09-13 19:09:27,1.08,8
venus-614920,2026-09-13 19:10:49,2.38,4
venus-614921,2026-09-13 19:10:50,0.77,1
venus-614922,2026-09-13 19:12:10,0.77,1
venus-614923,2026-09-13 19:17:40,2178.4,2
venus-614924,2026-09-13 19:19:48,0.8,1
venus-614925,2026-09-13 19:23:10,0.8,1
venus-614926,2026-09-13 19:24:51,2.03,1
venus-614927,2026-09-13 19:26:38,1.28,4
venus-614928,2026-09-13 19:26:51,0.78,1
venus-614929,2026-09-13 19:26:59,1508.78,2
venus-614930,2026-09-13 19:27:15,4.45,1
venus-614931,2026-09-13 19:27:49,6.07,1
venus-614932,2026-09-13 19:30:32,1.03,1
venus-614933,2026-09-13 19:32:01,157.75,4
venus-614934,2026-09-13 19:34:35,0.8,1
venus-614935,2026-09-13 19:37:00,0.78,1
venus-614936,2026-09-13 19:39:43,0.82,1
venus-614937,2026-09-13 19:40:40,0.58,1
venus-614938,2026-09-13 19:40:56,1502.87,2
venus-614939,2026-09-13 19:41:34,1502.22,2
venus-614940,2026-09-13 19:42:01,0.82,1
venus-614941,2026-09-13 19:45:18,1.22,1
venus-614942,2026-09-13 19:47:57,1.18,1
venus-614943,2026-09-13 19:50:05,1.15,1
venus-614944,2026-09-13 19:50:59,2.93,1
venus-614945,2026-09-13 19:52:42,1.13,1
venus-614946,2026-09-13 19:53:57,4.45,1
venus-614947,2026-09-13 19:54:57,2.1,1
venus-614948,2026-09-13 19:55:44,121.18,1
venus-614949,2026-09-13 19:57:01,4.47,1
venus-614950,2026-09-13 19:57:41,1.17,1
venus-614951,2026-09-13 19:58:24,4.32,1
venus-614952,2026-09-13 20:00:35,1.2,1
venus-614953,2026-09-13 20:02:43,4.2,1
venus-614954,2026-09-13 20:05:28,2.23,4
venus-614955,2026-09-13 20:05:50,1.2,1
venus-614956,2026-09-13 20:10:14,2.27,4
venus-614958,2026-09-13 20:12:10,0.02,8
venus-614959,2026-09-13 20:12:14,2.7,1
venus-614960,2026-09-13 20:15:06,1.87,1
venus-614961,2026-09-13 20:17:35,1.83,1
venus-614962,2026-09-13 20:19:40,12.07,1
venus-614963,2026-09-13 20:22:46,2.38,4
venus-614964,2026-09-13 20:25:27,0.7,1
venus-614965,2026-09-13 20:26:17,1.12,1
venus-614966,2026-09-13 20:26:55,4.22,1
venus-614967,2026-09-13 20:29:03,1.23,1
venus-614968,2026-09-13 20:32:22,5.02,1
venus-614969,2026-09-13 20:33:15,1.17,1
venus-614970,2026-09-13 20:37:14,1.15,1
venus-614971,2026-09-13 20:38:36,13.32,1
venus-614972,2026-09-13 20:44:45,1.08,1
venus-614973,2026-09-13 20:51:44,1.12,1
venus-614974,2026-09-13 20:55:08,1.1,1
venus-614975,2026-09-13 20:56:11,10.03,1
venus-614976,2026-09-13 20:58:08,1.12,1
venus-614977,2026-09-13 21:00:31,1.13,1
venus-614978,2026-09-13 21:09:30,1.18,1
venus-614979,2026-09-13 21:11:29,1.17,1
venus-614980,2026-09-13 21:14:01,1.43,1
venus-614982,2026-09-13 21:14:45,0.05,1
venus-614983,2026-09-13 21:15:21,0.08,1
venus-614984,2026-09-13 21:15:50,0.03,16
venus-614985,2026-09-13 21:17:03,2.0,1
venus-614986,2026-09-13 21:17:36,1.22,1
venus-614987,2026-09-13 21:18:13,0.12,1
venus-614988,2026-09-13 21:19:09,1.15,1
venus-614989,2026-09-13 21:19:49,0.15,1
venus-614990,2026-09-13 21:21:00,1.2,1
venus-614991,2026-09-13 21:22:37,0.02,1
venus-614992,2026-09-13 21:22:58,0.13,1
venus-614993,2026-09-13 21:23:36,4.58,1
venus-614994,2026-09-13 21:23:40,1.12,1
venus-614995,2026-09-13 21:26:25,1.13,1
venus-614996,2026-09-13 21:26:56,2.3,16
venus-614997,2026-09-13 21:27:22,0.18,1
venus-614999,2026-09-13 21:28:19,1.6,1
venus-615000,2026-09-13 21:28:20,0.27,1
venus-615007,2026-09-13 21:28:38,1.33,1
venus-615042,2026-09-13 21:30:06,0.23,1
venus-615050,2026-09-13 21:30:23,5.15,1
venus-615085,2026-09-13 21:31:53,2.07,16
venus-615093,2026-09-13 21:32:10,0.13,1
venus-615105,2026-09-13 21:32:40,60.8,1
venus-615126,2026-09-13 21:33:28,1.12,1
venus-615135,2026-09-13 21:33:50,35.2,1
venus-615173,2026-09-13 21:35:39,0.02,4
venus-615175,2026-09-13 21:36:09,4.37,1
venus-615176,2026-09-13 21:36:13,0.25,1
venus-615177,2026-09-13 21:36:33,1.12,1
venus-615178,2026-09-13 21:37:06,24.02,1
venus-615179,2026-09-13 21:37:35,0.25,1
venus-615180,2026-09-13 21:38:15,5.78,8
venus-615181,2026-09-13 21:38:46,0.08,8
venus-615182,2026-09-13 21:39:01,1.15,1
venus-615183,2026-09-13 21:39:22,5.58,8
venus-615184,2026-09-13 21:40:17,0.02,16
venus-615185,2026-09-13 21:40:23,0.08,1
venus-615186,2026-09-13 21:41:19,289.2,1
venus-615187,2026-09-13 21:41:53,1.12,1
venus-615188,2026-09-13 21:42:11,0.25,1
venus-615189,2026-09-13 21:42:38,210.4,1
venus-615190,2026-09-13 21:44:35,1.18,1
venus-615191,2026-09-13 21:44:47,70.63,1
venus-615192,2026-09-13 21:44:59,0.25,1
venus-615193,2026-09-13 21:45:22,50.62,1
venus-615194,2026-09-13 21:46:19,0.25,1
venus-615196,2026-09-13 21:46:47,1.18,1
venus-615197,2026-09-13 21:46:51,45.77,1
venus-615199,2026-09-13 21:47:14,57.23,1
venus-615200,2026-09-13 21:47:25,0.25,1
venus-615201,2026-09-13 21:49:57,1.12,1
venus-615202,2026-09-13 21:50:02,5.8,1
venus-615204,2026-09-13 21:50:25,0.1,1
venus-615205,2026-09-13 21:50:42,0.12,1
venus-615206,2026-09-13 21:51:00,6.43,1
venus-615207,2026-09-13 21:51:43,1.13,1
venus-615209,2026-09-13 21:52:27,25.18,4
venus-615210,2026-09-13 21:53:31,136.95,1
venus-615211,2026-09-13 21:53:54,132.73,1
venus-615212,2026-09-13 21:55:20,0.1,16
venus-615213,2026-09-13 21:56:10,7785.47,16
venus-615214,2026-09-13 21:56:20,0.25,1
venus-615215,2026-09-13 21:56:28,0.12,1
venus-615216,2026-09-13 21:56:42,21.48,1
venus-615217,2026-09-13 21:57:03,15.02,1
venus-615218,2026-09-13 21:57:43,1.5,1
venus-615219,2026-09-13 21:58:24,0.83,1
venus-615220,2026-09-13 21:58:28,230.47,1
venus-615222,2026-09-13 22:01:52,1.95,16
venus-615224,2026-09-13 22:02:37,253.37,144
venus-615225,2026-09-13 22:03:05,2239.62,1
venus-615227,2026-09-13 22:03:14,2238.63,1
venus-615232,2026-09-13 22:04:28,1.62,16
venus-615234,2026-09-13 22:05:12,0.67,1
venus-615237,2026-09-13 22:05:38,1.43,1
venus-615239,2026-09-13 22:06:05,249.88,16
venus-615257,2026-09-13 22:12:14,2.82,1
venus-615258,2026-09-13 22:13:25,5.35,1
venus-615259,2026-09-13 22:14:54,1.32,1
venus-615260,2026-09-13 22:21:15,0.88,16
venus-615261,2026-09-13 22:22:34,0.15,16
venus-615262,2026-09-13 22:22:47,1.03,8
venus-615263,2026-09-13 22:23:36,0.05,1
venus-615264,2026-09-13 22:23:51,2595.78,6
venus-615265,2026-09-13 22:24:04,1.12,8
venus-615266,2026-09-13 22:25:23,0.02,1
venus-615267,2026-09-13 22:26:20,6.1,8
venus-615268,2026-09-13 22:27:05,1.38,1
venus-615269,2026-09-13 22:33:27,0.6,8
venus-615270,2026-09-13 22:35:06,1.47,1
venus-615271,2026-09-13 22:38:37,5.02,8
venus-615273,2026-09-13 22:40:32,4.35,1
venus-615274,2026-09-13 22:41:22,4.5,8
venus-615275,2026-09-13 22:44:00,12.13,8
venus-615276,2026-09-13 22:44:40,5.37,1
venus-615277,2026-09-13 22:44:53,3.02,1
venus-615278,2026-09-13 22:46:04,4.07,8
venus-615279,2026-09-13 22:48:15,3.97,1
venus-615280,2026-09-13 22:50:14,4.0,8
venus-615283,2026-09-13 22:52:41,33.73,1
venus-615286,2026-09-13 22:55:04,4.65,8
venus-615287,2026-09-13 22:56:23,6.1,8
venus-615289,2026-09-13 22:58:10,2.93,1
venus-615290,2026-09-13 23:02:13,7.95,1
venus-615291,2026-09-13 23:03:00,112.33,16
venus-615292,2026-09-13 23:10:31,37.48,1
venus-615293,2026-09-13 23:26:27,4.52,1
venus-615294,2026-09-13 23:31:28,5.75,1
venus-615297,2026-09-13 23:35:21,6.95,4
venus-615298,2026-09-13 23:37:34,3.0,4
venus-615300,2026-09-13 23:42:06,1.82,4
venus-615302,2026-09-13 23:43:24,6.67,4
venus-615303,2026-09-13 23:44:54,4.27,1
venus-615304,2026-09-13 23:47:05,2.65,4
venus-615305,2026-09-13 23:52:19,674.67,8
venus-615306,2026-09-13 23:52:22,2.7,4
venus-615307,2026-09-13 23:53:20,0.57,4
venus-615308,2026-09-13 23:55:29,2.47,4
venus-615310,2026-09-13 23:56:37,3.48,1
venus-615311,2026-09-13 23:59:02,5.58,4
